Date,NVDA_CLOSE,AMD_CLOSE,AVGO_CLOSE,NFLX_CLOSE,TSLA_CLOSE
01-01-2015,,,,,
02-01-2015,0.503250003,2.670000076,10.00899982,49.84857178,14.62066746
05-01-2015,0.494749993,2.660000086,9.848999977,47.31142807,14.00599957
06-01-2015,0.479750007,2.630000114,9.625,46.50143051,14.08533287
07-01-2015,0.478500009,2.579999924,9.885000229,46.74285889,14.06333256
08-01-2015,0.496499985,2.609999895,10.37899971,47.77999878,14.0413332
09-01-2015,0.49849999,2.630000114,10.48999977,47.04142761,13.77733326
12-01-2015,0.492249995,2.630000114,10.31599998,45.54714203,13.48066711
13-01-2015,0.49149999,2.660000086,10.25800037,46.25571442,13.61666679
14-01-2015,0.493499994,2.630000114,10.33899975,46.31999969,12.84599972
15-01-2015,0.49000001,2.519999981,10.13199997,46.25143051,12.7913332
16-01-2015,0.499000013,2.390000105,10.38199997,48.19142914,12.87133312
19-01-2015,,,,,
20-01-2015,0.500500023,2.24000001,10.48700047,49.82857132,12.79533291
21-01-2015,0.507499993,2.450000048,10.53800011,58.46857071,13.10466671
22-01-2015,0.516250014,2.470000029,10.52000046,61.20571518,13.44133282
23-01-2015,0.517750025,2.450000048,10.69799995,62.49428558,13.41933346
26-01-2015,0.515500009,2.609999895,10.67300034,63.79428482,13.77000046
27-01-2015,0.490750015,2.700000048,10.47900009,64.88143158,13.73200035
28-01-2015,0.482749999,2.630000114,10.5,63.20857239,13.2913332
29-01-2015,0.494500011,2.609999895,10.65299988,63.40000153,13.68000031
30-01-2015,0.479999989,2.569999933,10.28800011,63.11428452,13.57333279
02-02-2015,0.490500003,2.670000076,10.24199963,63.00999832,14.06266689
03-02-2015,0.502749979,2.75999999,10.31999969,65.27428436,14.55733299
04-02-2015,0.504000008,2.849999905,10.47999954,64.1014328,14.56999969
05-02-2015,0.512250006,3.309999943,10.61999989,64.12999725,14.73266697
06-02-2015,0.50999999,3.029999971,10.47399998,63.47999954,14.49066734
09-02-2015,0.509500027,3.039999962,10.22399998,63.29571533,14.49866676
10-02-2015,0.523750007,3.039999962,10.70400047,64.84999847,14.41933346
11-02-2015,0.520250022,3.069999933,10.79399967,64.98428345,14.18666744
12-02-2015,0.557500005,3.119999886,10.97000027,65.24714661,13.5253334
13-02-2015,0.557749987,3.150000095,11.01500034,66.58571625,13.58466721
16-02-2015,,,,,
17-02-2015,0.559499979,3.109999895,11.08699989,67.137146,13.62333298
18-02-2015,0.552999973,3.079999924,11,67.86571503,13.63066673
19-02-2015,0.554499984,3.059999943,11.09000015,67.80000305,14.11400032
20-02-2015,0.558499992,3.059999943,11.20600033,68.31428528,14.47399998
23-02-2015,0.55400002,3.059999943,11.28499985,67.40571594,13.82266712
24-02-2015,0.557749987,3.109999895,11.31799984,67.83999634,13.60733318
25-02-2015,0.553499997,3.099999905,11.26799965,68.33285522,13.58399963
26-02-2015,0.555000007,3.079999924,12.92500019,69.00428772,13.81266689
27-02-2015,0.551500022,3.109999895,12.76200008,67.84428406,13.55599976
02-03-2015,0.564999998,3.210000038,12.90200043,68.60713959,13.15533257
03-03-2015,0.554499984,3.140000105,12.82199955,67.81571198,13.3039999
04-03-2015,0.560750008,3.049999952,12.93999958,67.11000061,13.49600029
05-03-2015,0.571500003,2.980000019,13.05700016,66.80714417,13.37533283
06-03-2015,0.563750029,2.920000076,12.78899956,64.87428284,12.92533302
09-03-2015,0.565249979,2.930000067,12.71199989,63.66143036,12.72533321
10-03-2015,0.574999988,2.920000076,12.51200008,62.15142822,12.68799973
11-03-2015,0.572000027,2.839999914,12.4659996,62.88428497,12.91600037
12-03-2015,0.56674999,2.75999999,12.61200047,64.04571533,12.73799992
13-03-2015,0.567499995,2.75,12.5,62.62857056,12.57866669
16-03-2015,0.574249983,2.75999999,12.98700047,60.28142929,13.0466671
17-03-2015,0.581250012,2.769999981,12.90999985,59.7885704,12.98200035
18-03-2015,0.571749985,2.75,13.04399967,60.44571304,13.38066673
19-03-2015,0.580500007,2.74000001,13.20400047,60.74428558,13.04333305
20-03-2015,0.586749971,2.799999952,13.32900047,61.18571472,13.20533276
23-03-2015,0.567749977,2.839999914,13.44400024,60.7142868,13.30866718
24-03-2015,0.560000002,2.789999962,13.31200027,62.61142731,13.44799995
25-03-2015,0.526000023,2.630000114,12.44299984,60.25,12.9533329
26-03-2015,0.524249971,2.650000095,12.47099972,59.75143051,12.69400024
27-03-2015,0.534500003,2.720000029,12.8210001,59.25285721,12.33333302
30-03-2015,0.536750019,2.700000048,13.05500031,60.36714172,12.70466709
31-03-2015,0.523249984,2.680000067,12.69799995,59.52714157,12.58466721
01-04-2015,0.525250018,2.690000057,12.56299973,59.01714325,12.50599957
02-04-2015,0.526499987,2.690000057,12.50199986,59.15428543,12.73333263
03-04-2015,,,,,
06-04-2015,0.541750014,2.700000048,12.58300018,60.33000183,13.53999996
07-04-2015,0.546500027,2.700000048,12.56499958,60.49428558,13.55000019
08-04-2015,0.550499976,2.710000038,12.6789999,63.04999924,13.84466743
09-04-2015,0.563250005,2.720000029,12.72200012,62.7857132,14.00599957
10-04-2015,0.569000006,2.75999999,12.68200016,64.93856812,14.06000042
13-04-2015,0.563750029,2.779999971,12.53499985,67.81143188,13.98533344
14-04-2015,0.559000015,2.670000076,12.39799976,68.387146,13.83066654
15-04-2015,0.565750003,2.700000048,12.59000015,67.92285919,13.85533333
16-04-2015,0.562250018,2.869999886,12.53299999,80.29285431,13.77999973
17-04-2015,0.555000007,2.579999924,12.18500042,81.65000153,13.78600025
20-04-2015,0.552250028,2.49000001,12.30300045,81.05571747,13.68466663
21-04-2015,0.551500022,2.349999905,12.31000042,80.06285858,13.96066666
22-04-2015,0.557749987,2.279999971,12.78999996,79.66857147,14.62933254
23-04-2015,0.555499971,2.329999924,12.40699959,79.86571503,14.57333279
24-04-2015,0.550750017,2.299999952,11.94999981,79.77143097,14.56200027
27-04-2015,0.555000007,2.339999914,12.01500034,80.86856842,15.43666744
28-04-2015,0.557749987,2.309999943,11.74499989,80.43714142,15.3653326
29-04-2015,0.553499997,2.279999971,11.70300007,80.40714264,15.49666691
30-04-2015,0.555000007,2.25999999,11.68799973,79.5,15.06999969
01-05-2015,0.568750024,2.309999943,12.27999973,79.57571411,15.06866741
04-05-2015,0.565249979,2.309999943,12.11600018,79.27143097,15.36733341
05-05-2015,0.550750017,2.279999971,11.6789999,80.79285431,15.52999973
06-05-2015,0.55250001,2.289999962,11.67800045,80.07714081,15.36200047
07-05-2015,0.562250018,2.319999933,12.24800014,80.7485733,15.78666687
08-05-2015,0.520749986,2.309999943,12.33300018,82.08571625,15.77400017
11-05-2015,0.515749991,2.319999933,12.28100014,84.27857208,15.9659996
12-05-2015,0.520749986,2.349999905,12.29500008,83.37714386,16.31599998
13-05-2015,0.523750007,2.369999886,12.31299973,82.87285614,16.21199989
14-05-2015,0.532249987,2.329999924,12.69400024,83.83571625,16.2733326
15-05-2015,0.532500029,2.319999933,12.7869997,87.60713959,16.58933258
18-05-2015,0.531750023,2.349999905,13.01799965,88.26714325,16.58333206
19-05-2015,0.526000023,2.279999971,12.94699955,88.068573,16.47599983
20-05-2015,0.526000023,2.319999933,12.91100025,88.79000092,16.29000092
21-05-2015,0.522249997,2.279999971,12.95899963,89.00285339,16.37466621
22-05-2015,0.521499991,2.279999971,13.26399994,88.83856964,16.51533318
25-05-2015,,,,,
26-05-2015,0.518249989,2.220000029,13.13000011,87.99285889,16.49733353
27-05-2015,0.546000004,2.279999971,14.14900017,89.85713959,16.49533272
28-05-2015,0.553499997,2.269999981,14.23799992,89.50714111,16.76333237
29-05-2015,0.553250015,2.279999971,14.80700016,89.15142822,16.71999931
01-06-2015,0.559499979,2.25,14.6619997,89.00285339,16.62999916
02-06-2015,0.548500001,2.299999952,14.41600037,89.12999725,16.55666733
03-06-2015,0.542500019,2.279999971,14.30599976,88.80857086,16.59933281
04-06-2015,0.552250028,2.329999924,14.11999989,89.34857178,16.39466667
05-06-2015,0.556500018,2.329999924,14.38099957,90.45999908,16.60933304
08-06-2015,0.543749988,2.309999943,13.86299992,89.60428619,17.08600044
09-06-2015,0.546500027,2.289999962,14.02099991,92.44999695,17.06666756
10-06-2015,0.536750019,2.319999933,14.28600025,95.87142944,16.71333313
11-06-2015,0.542500019,2.319999933,14.19900036,95.09428406,16.7606678
12-06-2015,0.527750015,2.309999943,14.04699993,94.41857147,16.71266747
15-06-2015,0.526750028,2.319999933,14.31200027,93.431427,16.69199944
16-06-2015,0.533249974,2.349999905,14.19900036,95.27285767,16.87466621
17-06-2015,0.539499998,2.470000029,14.06900024,94.27143097,17.36066628
18-06-2015,0.548500001,2.519999981,14.30000019,94.74285889,17.45933342
19-06-2015,0.546750009,2.579999924,14.28899956,93.87142944,17.50066757
22-06-2015,0.544499993,2.619999886,14.32800007,96.41428375,17.31933212
23-06-2015,0.530499995,2.609999895,14.16399956,97.31285858,17.84466743
24-06-2015,0.525250018,2.619999886,13.99699974,96.94428253,17.6779995
25-06-2015,0.529250026,2.579999924,13.92300034,94.89142609,17.9193325
26-06-2015,0.51849997,2.470000029,13.51500034,93.08856964,17.80599976
29-06-2015,0.503000021,2.339999914,13.20100021,92.23143005,17.46800041
30-06-2015,0.502749979,2.400000095,13.29300022,93.84857178,17.88400078
01-07-2015,0.50999999,2.420000076,13.55000019,93.63571167,17.94333267
02-07-2015,0.510500014,2.529999971,13.76399994,94.04428864,18.66799927
03-07-2015,,,,,
06-07-2015,0.50424999,2.470000029,13.42000008,94.57142639,18.64800072
07-07-2015,0.494749993,2.089999914,13.2840004,94.09143066,17.85866737
08-07-2015,0.491250008,2.00999999,12.80500031,93.50714111,16.99733353
09-07-2015,0.485249996,1.980000019,12.46800041,95.72714233,17.19466782
10-07-2015,0.493750006,1.960000038,12.98400021,97.22856903,17.27666664
13-07-2015,0.497000009,1.960000038,12.91800022,101.0871429,17.47733307
14-07-2015,0.497249991,2.049999952,13.22999954,100.3714294,17.70999908
15-07-2015,0.493750006,1.960000038,13.17199993,98.12999725,17.54266739
16-07-2015,0.504750013,1.870000005,13.47000027,115.8099976,17.77866745
17-07-2015,0.501749992,1.789999962,13.36600018,114.7699966,18.31066704
20-07-2015,0.492500007,1.799999952,13.46399975,110.5500031,18.81733322
21-07-2015,0.494749993,1.799999952,13.45100021,112.5100021,17.78466606
22-07-2015,0.485249996,1.789999962,12.95899963,111.5,17.8579998
23-07-2015,0.491250008,1.75999999,13.19699955,110.0999985,17.81333351
24-07-2015,0.485500008,1.669999957,12.84799957,109.3399963,17.69400024
27-07-2015,0.482749999,1.620000005,12.46500015,106.4300003,16.86733246
28-07-2015,0.493250012,1.769999981,12.84200001,106.9000015,17.6546669
29-07-2015,0.499249995,1.960000038,12.8579998,107.0800018,17.58799934
30-07-2015,0.500500023,1.929999948,12.76500034,111.5599976,17.7859993
31-07-2015,0.498750001,1.929999948,12.51399994,114.3099976,17.74333382
03-08-2015,0.507250011,2.200000048,12.57999992,112.5599976,17.3326664
04-08-2015,0.509249985,2.130000114,12.34700012,121.1500015,17.75200081
05-08-2015,0.514500022,2.160000086,12.47500038,123.7099991,18.00866699
06-08-2015,0.511250019,2.109999895,12.32699966,126.4499969,16.40866661
07-08-2015,0.574500024,2.089999914,12.25500011,123.5199966,16.1673336
10-08-2015,0.594500005,1.929999948,12.72799969,123.0299988,16.07600021
11-08-2015,0.591499984,1.899999976,12.42099953,122.7399979,15.82466698
12-08-2015,0.592999995,1.899999976,12.57299995,120.5100021,15.87800026
13-08-2015,0.588,1.789999962,12.41899967,123.7300034,16.1673336
14-08-2015,0.588500023,1.840000033,12.1960001,123.3899994,16.20999908
17-08-2015,0.584749997,1.799999952,12.55200005,125.3600006,16.99933243
18-08-2015,0.577000022,1.799999952,12.22399998,124.0500031,17.3813324
19-08-2015,0.574750006,1.799999952,12.14500046,122.0599976,17.01666641
20-08-2015,0.55400002,1.700000048,11.50300026,112.4899979,16.14533234
21-08-2015,0.536750019,1.779999971,11.14500046,103.9599991,15.3846674
24-08-2015,0.517750025,1.75,10.99400043,96.87999725,14.59133339
25-08-2015,0.507000029,1.659999967,10.85099983,101.5199966,14.66866684
26-08-2015,0.545249999,1.720000029,11.61999989,110.1299973,14.98933315
27-08-2015,0.565750003,1.779999971,12.6260004,117.6600037,16.19933319
28-08-2015,0.56825,1.850000024,12.76200008,117.6299973,16.56533241
31-08-2015,0.561999977,1.809999943,12.59700012,115.0299988,16.60400009
01-09-2015,0.538999975,1.710000038,11.93700027,105.7900009,15.90866661
02-09-2015,0.555249989,1.769999981,12.40400028,105.4400024,16.5126667
03-09-2015,0.55675,1.789999962,12.37699986,101.0599976,16.37133217
04-09-2015,0.543749988,1.820000052,12.11499977,98.79000092,16.12866783
07-09-2015,,,,,
08-09-2015,0.566999972,1.879999995,12.91600037,94.94999695,16.54466629
09-09-2015,0.555750012,1.850000024,12.71700001,99.18000031,16.59399986
10-09-2015,0.564499974,1.840000033,12.87199974,99.48000336,16.56533241
11-09-2015,0.566250026,2.00999999,13.1079998,97.51000214,16.68266678
14-09-2015,0.567250013,1.820000052,13.11900043,95.69000244,16.8793335
15-09-2015,0.573499978,1.860000014,13.43799973,99.16000366,16.9046669
16-09-2015,0.577499986,1.889999986,13.14900017,104.0800018,17.48333359
17-09-2015,0.582750022,1.889999986,13.06099987,104.2099991,17.47133255
18-09-2015,0.582249999,1.870000005,12.75899982,102.6200027,17.37466621
21-09-2015,0.588249981,1.809999943,12.72599983,100.3000031,17.61333275
22-09-2015,0.572250009,1.730000019,12.47000027,98.47000122,17.39599991
23-09-2015,0.574999988,1.700000048,12.5539999,98.06999969,17.40399933
24-09-2015,0.586000025,1.720000029,12.40999985,103.7600021,17.54133224
25-09-2015,0.590250015,1.710000038,12.67399979,102.2399979,17.12733269
28-09-2015,0.582499981,1.659999967,12.08500004,99.47000122,16.56200027
29-09-2015,0.592750013,1.669999957,11.96700001,98.34999847,16.44333267
30-09-2015,0.616249979,1.720000029,12.5010004,103.2600021,16.55999947
01-10-2015,0.604250014,1.74000001,12.21399975,105.9800034,15.99199963
02-10-2015,0.620000005,1.830000043,12.33300018,106.1100006,16.50466728
05-10-2015,0.635500014,1.799999952,12.12199974,111.25,16.40999985
06-10-2015,0.643750012,1.830000043,11.71100044,108.3300018,16.09733391
07-10-2015,0.6505,1.860000014,11.86400032,108.0999985,15.46399975
08-10-2015,0.654250026,1.929999948,11.66899967,114.9300003,15.11466694
09-10-2015,0.651750028,1.960000038,11.69099998,113.3300018,14.71266747
12-10-2015,0.658749998,1.870000005,11.76799965,113.4499969,14.37199974
13-10-2015,0.660000026,1.919999957,11.34200001,109.7300034,14.61666679
14-10-2015,0.684000015,1.950000048,11.74600029,110.2300034,14.4586668
15-10-2015,0.685750008,1.970000029,12.18700027,101.0899963,14.75399971
16-10-2015,0.696500003,1.940000057,12.10700035,98.98999786,15.13399982
19-10-2015,0.695249975,2.00999999,11.89599991,101.6900024,15.20666695
20-10-2015,0.694249988,2.019999981,11.98900032,98.98999786,14.20199966
21-10-2015,0.685249984,2.099999905,12.05000019,97.95999908,14.00599957
22-10-2015,0.709999979,2.140000105,12.5340004,97.31999969,14.11466694
23-10-2015,0.714749992,2.210000038,12.95800018,100.0400009,13.93933296
26-10-2015,0.711499989,2.150000095,12.36100006,103.0400009,14.350667
27-10-2015,0.711000025,2.150000095,12.14900017,103.0699997,14.0233326
28-10-2015,0.716750026,2.180000067,12.70899963,105.8000031,14.19733334
29-10-2015,0.691999972,2.130000114,12.00899982,105.1200027,14.10866737
30-10-2015,0.709249973,2.119999886,12.31299973,108.3799973,13.79533291
02-11-2015,0.717499971,2.190000057,12.38000011,107.6399994,14.25266743
03-11-2015,0.712499976,2.279999971,12.21399975,109.7399979,13.89000034
04-11-2015,0.700749993,2.200000048,12.41100025,114.0500031,15.44200039
05-11-2015,0.692749977,2.200000048,12.10599995,113.5,15.45133305
06-11-2015,0.788749993,2.150000095,12.96700001,114.0599976,15.49066734
09-11-2015,0.785250008,2.109999895,12.64999962,109.8600006,15.02200031
10-11-2015,0.770250022,2.019999981,11.98600006,112.6999969,14.4333334
11-11-2015,0.76275003,2.069999933,11.99499989,112.8600006,14.60533333
12-11-2015,0.75999999,2,11.98499966,108.9199982,14.1960001
13-11-2015,0.745000005,1.99000001,11.75399971,103.6500015,13.81266689
16-11-2015,0.75999999,1.99000001,12.14700031,111.3499985,14.28733253
17-11-2015,0.75999999,1.980000019,12.20600033,117.0999985,14.26666737
18-11-2015,0.775749981,2.119999886,12.59200001,120.6299973,14.73799992
19-11-2015,0.777999997,2.140000105,12.52099991,120.2200012,14.78666687
20-11-2015,0.784749985,2.220000029,12.64000034,123.8399963,14.66733265
23-11-2015,0.773000002,2.220000029,12.44099998,125.0299988,14.51666737
24-11-2015,0.779250026,2.339999914,12.83399963,123.3099976,14.55000019
25-11-2015,0.778249979,2.380000114,12.83899975,124.1600037,15.30933285
26-11-2015,,,,,
27-11-2015,0.784749985,2.329999924,13.00399971,125.4400024,15.44066715
30-11-2015,0.792999983,2.359999895,13.04500008,123.3300018,15.350667
01-12-2015,0.818750024,2.339999914,13.28899956,125.3700027,15.81266689
02-12-2015,0.8125,2.269999981,13.22099972,128.9299927,15.4659996
03-12-2015,0.810750008,2.230000019,14.47799969,126.8099976,15.51399994
04-12-2015,0.84375,2.279999971,14.75599957,130.9299927,15.35866737
07-12-2015,0.827750027,2.359999895,14.88300037,125.3600006,15.40866661
08-12-2015,0.838999987,2.390000105,14.77799988,126.9800034,15.11466694
09-12-2015,0.817749977,2.349999905,14.56499958,124.1999969,14.96800041
10-12-2015,0.824500024,2.450000048,14.7329998,122.9100037,15.13799953
11-12-2015,0.812250018,2.359999895,14.44200039,118.9100037,14.46800041
14-12-2015,0.814249992,2.339999914,14.2510004,120.6699982,14.57199955
15-12-2015,0.824249983,2.359999895,14.32699966,118.5999985,14.73933315
16-12-2015,0.829249978,2.539999962,14.38799953,122.6399994,15.63399982
17-12-2015,0.81674999,2.559999943,14.04800034,122.5100021,15.55933285
18-12-2015,0.803499997,2.450000048,14.02000046,118.0199966,15.36400032
21-12-2015,0.82249999,2.529999971,14.57999992,116.6299973,15.50399971
22-12-2015,0.823249996,2.769999981,14.51000023,116.2399979,15.32999992
23-12-2015,0.826499999,2.829999924,14.65100002,118.1600037,15.31333256
24-12-2015,0.829249978,2.920000076,14.63199997,117.3300018,15.37133312
25-12-2015,,,,,
28-12-2015,0.828499973,3,14.63500023,117.1100006,15.26333332
29-12-2015,0.842000008,3,14.79399967,119.1200027,15.81266689
30-12-2015,0.834749997,2.980000019,14.73700047,116.7099991,15.87266731
31-12-2015,0.824000001,2.869999886,14.51500034,114.3799973,16.00066757
01-01-2016,,,,,
04-01-2016,0.809249997,2.769999981,14.22799969,109.9599991,14.89400005
05-01-2016,0.822250009,2.75,13.75199986,107.6600037,14.89533329
06-01-2016,0.788250029,2.50999999,13.32900047,117.6800003,14.60266685
07-01-2016,0.757000029,2.279999971,12.90499973,114.5599976,14.37666702
08-01-2016,0.740750015,2.140000105,12.81999969,111.3899994,14.0666666
11-01-2016,0.741999984,2.339999914,12.8039999,114.9700012,13.85666656
12-01-2016,0.754499972,2.390000105,12.99199963,116.5800018,13.99800014
13-01-2016,0.73150003,2.25,12.33100033,106.5599976,13.35400009
14-01-2016,0.716750026,2.210000038,12.51900005,107.0599976,13.74533272
15-01-2016,0.677749991,2.029999971,11.99699974,104.0400009,13.66600037
18-01-2016,,,,,
19-01-2016,0.68325001,1.950000048,12.00699997,107.8899994,13.64799976
20-01-2016,0.686999977,1.799999952,12.38300037,107.7399979,13.24666691
21-01-2016,0.694999993,2.089999914,12.45300007,102.3499985,13.33133316
22-01-2016,0.711250007,2.019999981,12.45100021,100.7200012,13.50333309
25-01-2016,0.710500002,2.119999886,12.44900036,99.12000275,13.09200001
26-01-2016,0.717499971,2.069999933,12.43900013,97.83000183,12.90400028
27-01-2016,0.708999991,2.130000114,12.23499966,91.15000153,12.53800011
28-01-2016,0.701250017,2.079999924,12.63700008,94.41000366,12.64666653
29-01-2016,0.732249975,2.200000048,13.37100029,91.83999634,12.74666691
01-02-2016,0.732500017,2.140000105,13.76799965,94.08999634,13.12933254
02-02-2016,0.701499999,1.99000001,13.32400036,91.48999786,12.18533325
03-02-2016,0.704999983,2.069999933,13.13599968,90.73999786,11.56533337
04-02-2016,0.705250025,2.089999914,13.61200047,89.70999908,11.6886673
05-02-2016,0.660749972,1.980000019,12.83600044,82.79000092,10.84000015
08-02-2016,0.630500019,1.929999948,12.18599987,83.31999969,9.866000175
09-02-2016,0.637250006,1.899999976,11.97099972,86.12999725,9.883333206
10-02-2016,0.635749996,1.840000033,11.92000008,88.44999695,9.578000069
11-02-2016,0.632499993,1.860000014,11.63099957,86.34999847,10.03133297
12-02-2016,0.643249989,1.830000043,12.16600037,87.40000153,10.06933308
15-02-2016,,,,,
16-02-2016,0.67474997,1.830000043,12.6239996,89.05000305,10.34466743
17-02-2016,0.691500008,1.899999976,13.06799984,94.76000214,11.24533272
18-02-2016,0.750999987,1.909999967,12.70699978,90.48999786,11.11800003
19-02-2016,0.760999978,1.909999967,12.86699963,89.23000336,11.10533333
22-02-2016,0.787999988,2.00999999,13.06400013,91.93000031,11.84933281
23-02-2016,0.790000021,1.970000029,12.81599998,89.12000275,11.81400013
24-02-2016,0.79549998,2.019999981,13.0340004,91.61000061,11.9333334
25-02-2016,0.797249973,2.029999971,13.24699974,94.52999878,12.49533272
26-02-2016,0.791999996,2.069999933,13.31099987,94.79000092,12.68933296
29-02-2016,0.783999979,2.140000105,13.39700031,93.41000366,12.79533291
01-03-2016,0.818750024,2.180000067,13.84300041,98.30000305,12.42333317
02-03-2016,0.823499978,2.319999933,13.69699955,97.61000061,12.55599976
03-03-2016,0.816250026,2.460000038,13.7329998,97.93000031,13.04933262
04-03-2016,0.813750029,2.369999886,14.60599995,101.5800018,13.40266705
07-03-2016,0.808499992,2.470000029,14.35099983,95.48999786,13.68599987
08-03-2016,0.793749988,2.299999952,13.9630003,96.23000336,13.50666714
09-03-2016,0.793250024,2.25999999,14.1960001,98,13.91466713
10-03-2016,0.791999996,2.25999999,14.44200039,97.36000061,13.67866707
11-03-2016,0.805499971,2.519999981,14.88199997,97.66000366,13.83333302
14-03-2016,0.807500005,2.720000029,14.81400013,98.12999725,14.34333324
15-03-2016,0.803499997,2.49000001,14.84700012,97.86000061,14.55599976
16-03-2016,0.827499986,2.630000114,14.86299992,99.34999847,14.79533291
17-03-2016,0.820500016,2.799999952,15.15499973,99.72000122,15.09200001
18-03-2016,0.84525001,2.930000067,15.2489996,101.1200027,15.51599979
21-03-2016,0.847750008,2.799999952,15.28899956,101.0599976,15.88799953
22-03-2016,0.846249998,2.789999962,15.47599983,99.83999634,15.61600018
23-03-2016,0.86075002,2.680000067,15.29899979,99.58999634,14.83866692
24-03-2016,0.861999989,2.789999962,15.30000019,98.36000061,15.1833334
25-03-2016,,,,,
28-03-2016,0.87075001,2.779999971,15.31000042,101.2099991,15.350667
29-03-2016,0.884750009,2.859999895,15.41300011,104.1299973,15.34200001
30-03-2016,0.893999994,2.859999895,15.69299984,102.1900024,15.1260004
31-03-2016,0.890749991,2.849999905,15.44999981,102.2300034,15.31799984
01-04-2016,0.903750002,2.829999924,15.77999973,105.6999969,15.83933258
04-04-2016,0.894999981,2.829999924,15.60099983,104.3499985,16.4659996
05-04-2016,0.893750012,2.75999999,15.50300026,104.9400024,17.03133392
06-04-2016,0.894999981,2.799999952,15.75399971,104.8300018,17.69466782
07-04-2016,0.885749996,2.640000105,15.49699974,104.4499969,17.14666748
08-04-2016,0.891499996,2.74000001,15.61499977,103.8099976,16.67133331
11-04-2016,0.897000015,2.75999999,15.56099987,102.6800003,16.66133308
12-04-2016,0.896000028,2.809999943,15.54300022,106.9800034,16.52133369
13-04-2016,0.918500006,2.799999952,15.94799995,109.6500015,16.96866608
14-04-2016,0.921000004,2.720000029,15.88199997,110.4199982,16.79066658
15-04-2016,0.928250015,2.700000048,15.54899979,111.5100021,16.96733284
18-04-2016,0.924250007,2.75999999,15.59000015,108.4000015,16.92533302
19-04-2016,0.90775001,2.619999886,15.10700035,94.33999634,16.49133301
20-04-2016,0.911249995,2.700000048,15.32299995,96.76999664,16.66466713
21-04-2016,0.910250008,2.619999886,15.13500023,94.98000336,16.55266762
22-04-2016,0.906750023,3.99000001,15.03299999,95.90000153,16.91666794
25-04-2016,0.911249995,3.450000048,14.90999985,93.55999756,16.78800011
26-04-2016,0.912,3.660000086,15.07600021,92.43000031,16.91600037
27-04-2016,0.932749987,3.730000019,15.15299988,91.04000092,16.76466751
28-04-2016,0.904999971,3.609999895,14.79899979,90.27999878,16.51399994
29-04-2016,0.888249993,3.549999952,14.57499981,90.02999878,16.05066681
02-05-2016,0.899999976,3.74000001,14.6079998,93.11000061,16.12000084
03-05-2016,0.88924998,3.599999905,14.31999969,91.54000092,15.48799992
04-05-2016,0.869000018,3.599999905,14.20699978,90.79000092,14.83733273
05-05-2016,0.874249995,3.660000086,14.25800037,89.37000275,14.10200024
06-05-2016,0.883249998,3.680000067,14.18900013,90.83999634,14.32866669
09-05-2016,0.882000029,3.650000095,14.23999977,90.54000092,13.92800045
10-05-2016,0.898999989,3.640000105,14.46100044,92.88999939,13.91266727
11-05-2016,0.901499987,3.650000095,14.38500023,90.01999664,13.93066692
12-05-2016,0.88924998,3.589999914,14.10400009,87.73999786,13.81866741
13-05-2016,1.024500012,3.670000076,14.00500011,87.87999725,13.84066677
16-05-2016,1.054749966,3.789999962,14.26500034,89.12000275,13.88599968
17-05-2016,1.057000041,3.789999962,14.11699963,88.62999725,13.64400005
18-05-2016,1.083999991,3.839999914,14.38799953,90.5,14.07800007
19-05-2016,1.088750005,3.769999981,14.27400017,89.55000305,14.34733295
20-05-2016,1.108250022,3.869999886,14.67300034,92.48999786,14.68533325
23-05-2016,1.110000014,4.039999962,14.81000042,94.88999939,14.41466713
24-05-2016,1.133999944,4.199999809,15.1420002,97.88999939,14.52733326
25-05-2016,1.12925005,4.179999828,15.35700035,100.1999969,14.63866711
26-05-2016,1.141250014,4.349999905,15.30200005,102.8099976,15.00800037
27-05-2016,1.147500038,4.599999905,15.32999992,103.3000031,14.86933327
30-05-2016,,,,,
31-05-2016,1.167999983,4.570000172,15.43599987,102.5699997,14.88199997
01-06-2016,1.170250058,4.429999828,15.47700024,101.5100021,14.63733292
02-06-2016,1.178500056,4.239999771,15.49100018,101.25,14.59733295
03-06-2016,1.161999941,4.159999847,16.25600052,99.58999634,14.59933281
06-06-2016,1.156000018,4.46999979,16.2840004,100.7399979,14.71199989
07-06-2016,1.158249974,4.510000229,16.48399925,99.88999939,15.48933315
08-06-2016,1.154500008,4.460000038,16.37000084,97.86000061,15.70133305
09-06-2016,1.184499979,4.519999981,16.41399956,97.08999634,15.29066658
10-06-2016,1.154999971,4.320000172,16.08200073,93.75,14.58600044
13-06-2016,1.169749975,4.400000095,16.00099945,93.84999847,14.52466679
14-06-2016,1.172000051,4.389999866,15.89900017,94.12000275,14.33066654
15-06-2016,1.184000015,4.420000076,15.84000015,94.29000092,14.51333332
16-06-2016,1.188750029,4.75,15.86299992,95.44000244,14.52866745
17-06-2016,1.167999983,5.260000229,15.60000038,94.44999695,14.36466694
20-06-2016,1.18900001,5.099999905,15.69299984,93.80000305,14.64666653
21-06-2016,1.181750059,5.449999809,15.58100033,90.98999786,14.64066696
22-06-2016,1.180750012,5.019999981,15.51399994,90.01000214,13.11066723
23-06-2016,1.212249994,5.210000038,15.86200047,91.66000366,13.09333324
24-06-2016,1.143249989,4.880000114,14.87199974,88.44000244,12.87666702
27-06-2016,1.131000042,4.71999979,14.36299992,85.33000183,13.23666668
28-06-2016,1.147500038,5.119999886,14.97700024,87.97000122,13.45266724
29-06-2016,1.16624999,5.130000114,15.5,91.05999756,14.0126667
30-06-2016,1.175250053,5.139999866,15.53999996,91.48000336,14.15200043
01-07-2016,1.166499972,5.070000172,15.42199993,96.66999817,14.4333334
04-07-2016,,,,,
05-07-2016,1.183750033,4.960000038,15.07600021,97.91000366,14.26533318
06-07-2016,1.191249967,5.039999962,15.06299973,94.59999847,14.29599953
07-07-2016,1.222249985,5.019999981,15.09899998,95.09999847,14.39599991
08-07-2016,1.27125001,5.099999905,15.51399994,97.05999756,14.45199966
11-07-2016,1.300500035,5.010000229,15.73600006,94.66999817,14.98533344
12-07-2016,1.320000052,5.139999866,15.85900021,95.97000122,14.9766674
13-07-2016,1.319499969,5.090000153,15.74100018,96.43000031,14.83533287
14-07-2016,1.332999945,5.170000076,16.07900047,98.01999664,14.76866722
15-07-2016,1.317499995,5.139999866,16.11599922,98.38999939,14.69333267
18-07-2016,1.324249983,5.510000229,16.2329998,98.80999756,15.08333302
19-07-2016,1.338000059,5.409999847,16.0529995,85.83999634,15.01733303
20-07-2016,1.355499983,5.409999847,16.2670002,87.91000366,15.22399998
21-07-2016,1.330500007,5.21999979,16.04100037,85.98999786,14.69999981
22-07-2016,1.366750002,5.840000153,15.96700001,85.88999939,14.81799984
25-07-2016,1.39199996,6.699999809,15.97799969,87.66000366,15.33399963
26-07-2016,1.415750027,6.980000019,16.34399986,91.41000366,15.30066681
27-07-2016,1.401499987,6.849999905,16.56599998,92.04000092,15.23266697
28-07-2016,1.404500008,6.820000172,16.42300034,91.65000153,15.3739996
29-07-2016,1.42750001,6.860000134,16.19799995,91.25,15.65266705
01-08-2016,1.418249965,6.639999866,16.35099983,94.37000275,15.33399963
02-08-2016,1.401000023,6.260000229,16.28899956,93.55999756,15.14666653
03-08-2016,1.40474999,6.300000191,16.4109993,93.09999847,15.05266666
04-08-2016,1.430750012,6.46999979,16.6989994,93.44000244,15.3739996
05-08-2016,1.455000043,6.610000134,17.01199913,97.02999878,15.33533287
08-08-2016,1.468500018,6.679999828,16.83499908,95.11000061,15.07733345
09-08-2016,1.472249985,6.599999905,17.11700058,93.98999786,15.27200031
10-08-2016,1.462749958,6.489999771,17.18499947,93.93000031,15.04333305
11-08-2016,1.492499948,6.579999924,17.20899963,95.88999939,14.99400043
12-08-2016,1.575999975,6.730000019,17.24699974,96.58999634,15.04066658
15-08-2016,1.574499965,6.949999809,17.55400085,95.30999756,15.03933334
16-08-2016,1.565000057,6.78000021,17.23999977,95.12000275,14.90733337
17-08-2016,1.528749943,6.679999828,17.3029995,96.37000275,14.88266659
18-08-2016,1.55250001,7.039999962,17.39299965,96.16000366,14.90066719
19-08-2016,1.556499958,7.619999886,17.49300003,95.87000275,15
22-08-2016,1.562999964,7.579999924,17.59300041,95.26000214,14.86200047
23-08-2016,1.572749972,7.670000076,17.73399925,95.94000244,14.98933315
24-08-2016,1.548499942,7.429999828,17.53000069,95.18000031,14.84133339
25-08-2016,1.538249969,7.46999979,17.60400009,97.31999969,14.73066711
26-08-2016,1.550750017,7.670000076,17.7159996,97.58000183,14.66600037
29-08-2016,1.54974997,7.590000153,17.73999977,97.30000305,14.34666729
30-08-2016,1.540750027,7.489999771,17.70000076,97.44999695,14.08933258
31-08-2016,1.533499956,7.400000095,17.6420002,97.44999695,14.13399982
01-09-2016,1.578750014,7.349999905,17.70899963,97.37999725,13.3846674
02-09-2016,1.563249946,7.510000229,17.31100082,97.37999725,13.18533325
05-09-2016,,,,,
06-09-2016,1.577999949,7.340000153,17.11000061,100.0899963,13.52200031
07-09-2016,1.554749966,6.840000153,16.88999939,99.15000153,13.44733334
08-09-2016,1.565999985,6.230000019,16.83799934,99.66000366,13.15733337
09-09-2016,1.488000035,5.900000095,16.07799911,96.5,12.96466732
12-09-2016,1.518749952,5.940000057,16.44799995,99.05000305,13.22000027
13-09-2016,1.496749997,5.739999771,16.52400017,96.08999634,13.06999969
14-09-2016,1.50999999,6.039999962,16.96100044,97.01000214,13.09399986
15-09-2016,1.567250013,6.019999981,17.27199936,97.33999634,13.36133289
16-09-2016,1.57099998,6.050000191,17.12400055,99.48000336,13.69333267
19-09-2016,1.591750026,6.159999847,17.07299995,98.05999756,13.75599957
20-09-2016,1.577250004,6.170000076,16.82299995,98.25,13.64266682
21-09-2016,1.621500015,6.289999962,16.9829998,94.87999725,13.68133259
22-09-2016,1.625499964,6.369999886,16.88400078,95.83000183,13.76200008
23-09-2016,1.623749971,6.550000191,16.66500092,95.94000244,13.82999992
26-09-2016,1.608500004,6.320000172,16.66900063,94.55999756,13.93266678
27-09-2016,1.663499951,6.539999962,17.08600044,97.06999969,13.72066689
28-09-2016,1.669499993,6.590000153,17.06999969,97.48000336,13.75133324
29-09-2016,1.684999943,6.670000076,17.24600029,96.66999817,13.38000011
30-09-2016,1.713000059,6.909999847,17.25200081,98.55000305,13.60200024
03-10-2016,1.711249948,6.949999809,17.00699997,102.6299973,14.24666691
04-10-2016,1.707499981,6.96999979,16.90500069,102.3399963,14.09399986
05-10-2016,1.705749989,6.78000021,17.34799957,106.2799988,13.89733315
06-10-2016,1.683500051,6.960000038,17.41900063,105.0699997,13.39999962
07-10-2016,1.671249986,6.75,17.42099953,104.8199997,13.10733318
10-10-2016,1.67750001,6.840000153,17.47699928,103.3300018,13.39666653
11-10-2016,1.653249979,6.5,17.11700058,100.5899963,13.34000015
12-10-2016,1.660750031,6.619999886,17.04700089,99.5,13.43400002
13-10-2016,1.633749962,6.489999771,16.8939991,100.2300034,13.34933281
14-10-2016,1.649749994,6.75,17.00900078,101.4700012,13.100667
17-10-2016,1.640249968,6.670000076,16.88800049,99.80000305,12.93066692
18-10-2016,1.665249944,6.730000019,17.21699905,118.7900009,13.2733326
19-10-2016,1.661749959,6.769999981,17.18700027,121.8700027,13.57066727
20-10-2016,1.693249941,6.960000038,17.3409996,123.3499985,13.2733326
21-10-2016,1.688500047,6.519999981,17.29199982,127.5,13.33933258
24-10-2016,1.767750025,7.010000229,17.65500069,127.3300018,13.51733303
25-10-2016,1.796749949,7.5,17.36499977,126.5100021,13.48933315
26-10-2016,1.80400002,7.289999962,17.29999924,126.9700012,13.48266697
27-10-2016,1.76699996,7.110000134,17.22400093,126.4700012,13.600667
28-10-2016,1.764000058,7.199999809,16.93499947,126.5699997,13.33133316
31-10-2016,1.779000044,7.230000019,17.02799988,124.8700027,13.18200016
01-11-2016,1.726250052,7.090000153,16.87999916,123.3000031,12.7193327
02-11-2016,1.718999982,6.760000229,17.25600052,122.3399963,12.53466702
03-11-2016,1.699000001,6.699999809,17.29899979,122.1399994,12.49466705
04-11-2016,1.689249992,6.559999943,17.21699905,122.0299988,12.70400047
07-11-2016,1.781749964,6.960000038,17.69599915,124.5800018,12.88066673
08-11-2016,1.779000044,7,17.70000076,124.3399963,12.99600029
09-11-2016,1.748999953,6.940000057,17.34199905,122.1900024,12.67066669
10-11-2016,1.694249988,6.300000191,16.79400063,115.4199982,12.35666656
11-11-2016,2.199249983,6.690000057,16.75399971,114.7799988,12.57066727
14-11-2016,2.09100008,6.789999962,16.37800026,113.3799973,12.09666729
15-11-2016,2.154750109,6.96999979,16.64500046,113.5899963,12.25133324
16-11-2016,2.290750027,7.670000076,16.78300095,115.1900024,12.26200008
17-11-2016,2.30975008,8.460000038,16.70400047,115.0299988,12.57733345
18-11-2016,2.334000111,8.710000038,16.81599998,115.2099991,12.33466721
21-11-2016,2.324500084,8.93999958,17.25799942,117.9599991,12.30133343
22-11-2016,2.341249943,8.68999958,17.70199966,118.0400009,12.74466705
23-11-2016,2.349250078,8.800000191,17.70800018,117.6900024,12.8760004
24-11-2016,,,,,
25-11-2016,2.354000092,8.770000458,17.67499924,117.4100037,13.10999966
28-11-2016,2.352750063,8.829999924,17.46500015,116.9300003,13.07466698
29-11-2016,2.331249952,8.930000305,17.54500008,117.5100021,12.63799953
30-11-2016,2.305000067,8.909999847,17.04899979,117,12.62666702
01-12-2016,2.190999985,8.390000343,16.27899933,117.2200012,12.12533283
02-12-2016,2.211250067,8.529999733,16.42200089,120.8099976,12.09799957
05-12-2016,2.296999931,8.680000305,16.61300087,119.1600037,12.4533329
06-12-2016,2.334749937,9.449999809,16.47599983,124.5699997,12.39000034
07-12-2016,2.376749992,9.56000042,16.85499954,125.3899994,12.87666702
08-12-2016,2.336999893,10.34000015,17.07099915,123.2399979,12.81933308
09-12-2016,2.29550004,10.34000015,17.9090004,122.8799973,12.81200027
12-12-2016,2.239749908,10.68000031,17.81599998,122.8300018,12.82866669
13-12-2016,2.279249907,10.53999996,17.94400024,123.7799988,13.21000004
14-12-2016,2.411250114,10.55000019,17.76199913,123.4400024,13.24600029
15-12-2016,2.467750072,10.85999966,18.00099945,125,13.17199993
16-12-2016,2.510250092,10.65999985,17.84199905,124.2200012,13.49933338
19-12-2016,2.540750027,10.94999981,18.04599953,125.4499969,13.51533318
20-12-2016,2.62925005,11.51000023,18.20700073,125.1200027,13.91933346
21-12-2016,2.645750046,11.47000027,18.22900009,126.5,13.84666729
22-12-2016,2.677750111,11.60000038,18.05999947,125.5800018,13.89666653
23-12-2016,2.744499922,11.57999992,18.19400024,125.5899963,14.22266674
26-12-2016,,,,,
27-12-2016,2.933000088,12.06999969,18.2310009,128.3500061,14.63533306
28-12-2016,2.731250048,11.55000019,18.0189991,125.8899994,14.649333
29-12-2016,2.785749912,11.59000015,17.98699951,125.3300018,14.31200027
30-12-2016,2.668499947,11.34000015,17.67700005,123.8000031,14.24600029
02-01-2017,,,,,
03-01-2017,2.550250053,11.43000031,17.83399963,127.4899979,14.4659996
04-01-2017,2.609750032,11.43000031,17.70700073,129.4100037,15.13266659
05-01-2017,2.543499947,11.23999977,17.4279995,131.8099976,15.11666679
06-01-2017,2.577500105,11.31999969,17.6590004,131.0700073,15.26733303
09-01-2017,2.681999922,11.48999977,17.6970005,130.9499969,15.41866684
10-01-2017,2.661750078,11.43999958,18.05699921,129.8899994,15.32466698
11-01-2017,2.628999949,11.19999981,17.94199944,130.5,15.31533337
12-01-2017,2.585999966,10.76000023,17.88599968,129.1799927,15.30599976
13-01-2017,2.585750103,10.57999992,18.04500008,133.6999969,15.85000038
16-01-2017,,,,,
17-01-2017,2.527750015,9.819999695,17.9109993,132.8899994,15.70533276
18-01-2017,2.573750019,9.880000114,18.50200081,133.2599945,15.89066696
19-01-2017,2.628999949,9.770000458,18.55599976,138.4100037,16.25066757
20-01-2017,2.600250006,9.75,19.1079998,138.6000061,16.31533241
23-01-2017,2.627249956,9.909999847,19.10000038,137.3899994,16.59466743
24-01-2017,2.68324995,10.43999958,19.77499962,140.1100006,16.97400093
25-01-2017,2.694750071,10.35000038,20.24799919,139.5200043,16.96466637
26-01-2017,2.741250038,10.52000046,20.41699982,138.9600067,16.83399963
27-01-2017,2.794250011,10.67000008,20.57099915,142.4499969,16.86333275
30-01-2017,2.750499964,10.60999966,20.3220005,141.2200012,16.70866776
31-01-2017,2.729500055,10.36999989,19.95000076,140.7100067,16.79533386
01-02-2017,2.848750114,12.06000042,20.36899948,140.7799988,16.61599922
02-02-2017,2.884749889,12.27999973,20.40500069,139.1999969,16.77000046
03-02-2017,2.859499931,12.23999977,20.61599922,140.25,16.75533295
06-02-2017,2.932749987,13.63000011,20.65600014,140.9700012,17.18466759
07-02-2017,2.978250027,13.28999996,20.5909996,144,17.16533279
08-02-2017,2.965250015,13.56000042,20.68899918,144.7400055,17.47200012
09-02-2017,2.909499884,13.42000008,20.5340004,144.1399994,17.94666672
10-02-2017,2.840500116,13.57999992,20.55200005,144.8200073,17.94866753
13-02-2017,2.709500074,13.48999977,20.67099953,143.1999969,18.70666695
14-02-2017,2.719500065,13.26000023,20.53300095,140.8200073,18.73200035
15-02-2017,2.724999905,13.30000019,20.59900093,142.2700043,18.65066719
16-02-2017,2.681250095,12.97000027,20.81800079,142.0099945,17.93000031
17-02-2017,2.680749893,13.13000011,21.04100037,142.2200012,18.14866638
20-02-2017,,,,,
21-02-2017,2.776750088,14,21.27499962,142.6000061,18.49266624
22-02-2017,2.769000053,14.27999973,21.41600037,143.8600006,18.23399925
23-02-2017,2.512249947,14.31999969,21.05800056,142.7799988,17.06599998
24-02-2017,2.536499977,14.11999989,21.03700066,143.25,17.13333321
27-02-2017,2.610249996,15.19999981,21.32799911,143.4100037,16.41533279
28-02-2017,2.536999941,14.46000004,21.09300041,142.1300049,16.66600037
01-03-2017,2.569750071,14.96000004,21.51399994,142.6499939,16.66799927
02-03-2017,2.474999905,13.89999962,21.72900009,139.5299988,16.69866753
03-03-2017,2.460750103,13.02999973,21.83200073,139.1399994,16.77133369
06-03-2017,2.44175005,13.03999996,21.79400063,141.9400024,16.74733353
07-03-2017,2.468499899,13.05000019,21.92499924,141.4299927,16.57266617
08-03-2017,2.463999987,13.22000027,21.96299934,140.3200073,16.45800018
09-03-2017,2.463500023,13.32999992,22.20100021,140.5299988,16.32666779
10-03-2017,2.477999926,13.90999985,22.63500023,140.8899994,16.24600029
13-03-2017,2.546250105,14.27999973,22.64500046,143.5200043,16.41133308
14-03-2017,2.544500113,14.10000038,22.43499947,143.1900024,17.20000076
15-03-2017,2.563750029,13.97999954,22.59300041,145.25,17.04866791
16-03-2017,2.595249891,13.64999962,22.23600006,144.3899994,17.46999931
17-03-2017,2.651750088,13.48999977,22.11800003,145.1100006,17.43333244
20-03-2017,2.736249924,14.39999962,22.12400055,145.8300018,17.46133232
21-03-2017,2.647749901,13.81999969,21.60199928,142.4199982,16.71199989
22-03-2017,2.70175004,14.10000038,21.74200058,142.6499939,17.00066757
23-03-2017,2.677249908,13.78999996,21.68600082,141.8399963,16.98533249
24-03-2017,2.686749935,13.69999981,21.89699936,142.0200043,17.54400063
27-03-2017,2.706249952,13.69999981,21.90500069,144.0599976,18.01466751
28-03-2017,2.692250013,13.68999958,22.09499931,145.1699982,18.49666786
29-03-2017,2.683500051,13.71000004,22.13100052,146.4700012,18.49200058
30-03-2017,2.734999895,14.05000019,22.00399971,148.0599976,18.52799988
31-03-2017,2.723249912,14.55000019,21.89599991,147.8099976,18.55333328
03-04-2017,2.709500074,14.64000034,21.87999916,146.9199982,19.90133286
04-04-2017,2.519500017,14.15999985,21.89599991,145.5,20.24666786
05-04-2017,2.500750065,14.17000008,21.71299934,143.6199951,19.66666794
06-04-2017,2.519000053,13.27000046,21.75,143.7400055,19.91333389
07-04-2017,2.508249998,13.52000046,21.82500076,143.1100006,20.1693325
10-04-2017,2.444250107,13.10000038,21.80200005,143.8500061,20.82600021
11-04-2017,2.453000069,13.10000038,21.75499916,144.3500061,20.5806675
12-04-2017,2.432749987,12.76000023,20.92000008,143.8300018,19.78933334
13-04-2017,2.387249947,12.31000042,21.13199997,142.9199982,20.26666641
14-04-2017,,,,,
17-04-2017,2.480750084,12.78999996,21.38699913,147.25,20.09600067
18-04-2017,2.482249975,12.94999981,21.30999947,143.3600006,20.01666641
19-04-2017,2.492000103,12.84000015,21.36300087,139.7599945,20.36800003
20-04-2017,2.531500101,13.10999966,21.82099915,141.1799927,20.1673336
21-04-2017,2.542000055,13,21.76600075,142.8699951,20.37333298
24-04-2017,2.573750019,13.13000011,22.12400055,143.8300018,20.53533363
25-04-2017,2.618499994,13.48999977,22.31999969,152.1600037,20.9193325
26-04-2017,2.600500107,13.40999985,22.16799927,150.1699982,20.6779995
27-04-2017,2.641000032,13.61999989,22.30900002,153.0800018,20.57533264
28-04-2017,2.607500076,13.30000019,22.08099937,152.1999969,20.93799973
01-05-2017,2.665999889,13.61999989,22.13199997,155.3500061,21.52199936
02-05-2017,2.586999893,10.31999969,22.54500008,156.4499969,21.25933266
03-05-2017,2.606250048,10.39000034,22.48999977,155.5899963,20.73466682
04-05-2017,2.596250057,10.10000038,22.34000015,157.25,19.69733238
05-05-2017,2.59649992,10.18999958,22.64500046,156.6000061,20.55666733
08-05-2017,2.569250107,10.03999996,22.50799942,156.3800049,20.47933388
09-05-2017,2.573499918,10.18000031,22.84600067,157.4600067,21.4173336
10-05-2017,3.032249928,10.78999996,23.13299942,160.2799988,21.68133354
11-05-2017,3.162499905,11.06999969,23.10899925,158.5399933,21.54000092
12-05-2017,3.197249889,11.26000023,23.59600067,160.8099976,21.65399933
15-05-2017,3.357749939,11.42000008,23.90299988,160.0200043,21.05866623
16-05-2017,3.420249939,12.75,24.06800079,159.4100037,21.13400078
17-05-2017,3.193000078,11.19999981,23.11800003,153.1999969,20.40733337
18-05-2017,3.32675004,11.27999973,23.76600075,155.6999969,20.8706665
19-05-2017,3.400000095,11.40999985,23.40999985,157.0200043,20.72200012
22-05-2017,3.472500086,11.03999996,23.83799934,157.1600037,20.69000053
23-05-2017,3.425750017,10.89000034,23.65399933,157.9499969,20.25733376
24-05-2017,3.464250088,10.89000034,23.95999908,157.75,20.68133354
25-05-2017,3.456500053,10.97999954,24.08600044,163.0500031,21.12199974
26-05-2017,3.546000004,11,24.12100029,162.4299927,21.6760006
29-05-2017,,,,,
30-05-2017,3.621750116,11.11999989,23.98200035,163.2200012,22.34000015
31-05-2017,3.608750105,11.18999958,23.94799995,163.0700073,22.73399925
01-06-2017,3.608999968,10.93000031,23.45899963,162.9900055,22.69133377
02-06-2017,3.59100008,10.89999962,25.45299911,165.1799927,22.65666771
05-06-2017,3.70024991,11.23999977,25.22100067,165.0599976,23.1546669
06-06-2017,3.683500051,12.02999973,25.38599968,165.1699982,23.5233326
07-06-2017,3.727999926,12.38000011,25.4279995,165.6100006,23.9766674
08-06-2017,3.998500109,12.89999962,25.49500084,165.8800049,24.66666794
09-06-2017,3.74000001,12.27999973,24.33399963,158.0299988,23.82133293
12-06-2017,3.749249935,12.09000015,24.2670002,151.4400024,23.93400002
13-06-2017,3.785000086,11.96000004,24.29400063,152.7200012,25.06333351
14-06-2017,3.792999983,11.77000046,24.05400085,152.1999969,25.37733269
15-06-2017,3.809250116,11.5,23.79899979,151.7599945,25.02266693
16-06-2017,3.790499926,11.43999958,23.625,152.3800049,24.76000023
19-06-2017,3.933000088,11.93000031,24.11499977,153.3999939,24.65333366
20-06-2017,3.927249908,12.64000034,23.99900055,152.0500031,24.81599998
21-06-2017,3.986749887,13.97999954,24.51199913,155.0299988,25.09333229
22-06-2017,3.959249973,14.38000011,24.40399933,154.8899994,25.50733376
23-06-2017,3.845750093,14.17000008,24.52599907,158.0200043,25.56333351
26-06-2017,3.803750038,14.07999992,24.27499962,157.5,25.16600037
27-06-2017,3.664499998,13.39999962,23.53300095,151.0299988,24.15800095
28-06-2017,3.793750048,13.22999954,24.10499954,153.4100037,24.74933243
29-06-2017,3.667000055,12.60000038,23.40399933,150.0899963,24.04999924
30-06-2017,3.614000082,12.47999954,23.30500031,149.4100037,24.10733223
03-07-2017,3.483249903,12.14999962,22.97599983,146.1699982,23.50799942
04-07-2017,,,,,
05-07-2017,3.576250076,13.18999958,23.1609993,147.6100006,21.80599976
06-07-2017,3.586999893,13.02000046,23.50399971,146.25,20.58866692
07-07-2017,3.66899991,13.35999966,23.96199989,150.1799927,20.8813324
10-07-2017,3.842499971,13.81000042,24.17700005,152.6699982,21.06999969
11-07-2017,3.897000074,13.89000034,24.0890007,154.3300018,21.81466675
12-07-2017,4.062749863,14.28999996,24.6420002,158.75,21.96800041
13-07-2017,4.015749931,13.52999973,24.7310009,158.2100067,21.56066704
14-07-2017,4.12375021,13.92000008,25.02899933,161.1199951,21.85199928
17-07-2017,4.106249809,13.80000019,24.90200043,161.6999969,21.30466652
18-07-2017,4.149000168,13.47999954,25.08799934,183.6000061,21.88266754
19-07-2017,4.127500057,13.55000019,25.44000053,183.8600006,21.68400002
20-07-2017,4.1875,13.80000019,25.34300041,183.6000061,21.99466705
21-07-2017,4.202499866,13.88000011,25.31100082,188.5399933,21.89333344
24-07-2017,4.153749943,14.15999985,25.3029995,187.9100037,22.83466721
25-07-2017,4.133749962,14.10999966,25.43000031,186.9700012,22.63999939
26-07-2017,4.181499958,14.76000023,25.70100021,189.0800018,22.92333221
27-07-2017,4.043499947,14.11999989,25.09499931,182.6799927,22.29733276
28-07-2017,4.109749794,13.94999981,25.03700066,184.0399933,22.33799934
31-07-2017,4.062749863,13.60999966,24.66600037,181.6600037,21.56466675
01-08-2017,4.112249851,13.71000004,24.8390007,182.0299988,21.30466652
02-08-2017,4.109749794,13.36999989,25.33600044,180.7400055,21.72599983
03-08-2017,4.162000179,13.23999977,25.02899933,179.2299957,23.13933372
04-08-2017,4.180250168,13.11999989,24.91699982,180.2700043,23.79400063
07-08-2017,4.308750153,13.43000031,25.24399948,181.3300018,23.6779995
08-08-2017,4.257500172,13.10999966,25.13599968,178.3600006,24.34799957
09-08-2017,4.302750111,12.82999992,24.91699982,175.7799988,24.23533249
10-08-2017,4.118500233,12.11999989,24.07099915,169.1399994,23.69333267
11-08-2017,3.898999929,12.22999954,24.41699982,171.3999939,23.8579998
14-08-2017,4.210000038,12.76000023,25.0909996,171,24.25333214
15-08-2017,4.174499989,13.02000046,25.36899948,168.5,24.15533257
16-08-2017,4.128749847,12.63000011,25.34199905,169.9799957,24.19400024
17-08-2017,4.03674984,12.34000015,24.69499969,166.0899963,23.46133232
18-08-2017,4.037499905,12.36999989,24.93700027,166.5399933,23.16399956
21-08-2017,3.97874999,12.05000019,24.96199989,166.7599945,22.52400017
22-08-2017,4.06374979,12.17000008,25.5189991,169.3399963,22.75666618
23-08-2017,4.144999981,12.47999954,25.69199944,169.0599976,23.51799965
24-08-2017,4.129749775,12.5,25.50499916,168.1300049,23.52866745
25-08-2017,4.09525013,12.43000031,24.55900002,165.9499969,23.2033329
28-08-2017,4.124249935,12.22999954,24.32500076,167.1199951,23.04400063
29-08-2017,4.117499828,12.14999962,24.17300034,168.8099976,23.15733337
30-08-2017,4.142000198,12.67000008,24.60199928,174.6900024,23.54533386
31-08-2017,4.236000061,13,25.20700073,174.7100067,23.7266674
01-09-2017,4.261499882,13.18999958,25.27300072,174.7400055,23.69333267
04-09-2017,,,,,
05-09-2017,4.147749901,12.92000008,24.90500069,174.5200043,23.30599976
06-09-2017,4.145249844,12.85999966,24.93799973,179.25,22.96866608
07-09-2017,4.164500237,12.63000011,24.65500069,179,23.37400055
08-09-2017,4.09224987,12.25,24.4109993,176.4199982,22.89333344
11-09-2017,4.224999905,12.55000019,24.77400017,181.7400055,24.24600029
12-09-2017,4.240250111,12.30000019,24.7140007,185.1499939,24.18333244
13-09-2017,4.259250164,12.22000027,24.62400055,183.6399994,24.41533279
14-09-2017,4.235000134,12.26000023,24.69499969,182.6300049,25.1760006
15-09-2017,4.50274992,12.52000046,25.05500031,182.3500061,25.32066727
18-09-2017,4.68874979,13.07999992,24.98200035,184.6199951,25.66666794
19-09-2017,4.683750153,13.11999989,24.97599983,185.6799927,25.00666618
20-09-2017,4.645999908,13.73999977,24.29100037,185.5099945,24.92733383
21-09-2017,4.519000053,13.40999985,24.03800011,188.7799988,24.43199921
22-09-2017,4.474999905,13.30000019,23.92399979,187.3500061,23.40600014
25-09-2017,4.275000095,12.60999966,23.5510006,178.5500031,22.99933243
26-09-2017,4.298999786,12.44999981,23.72699928,179.3800049,23.01666641
27-09-2017,4.393249989,12.73999977,24.05800056,181.9700012,22.73133278
28-09-2017,4.392000198,12.73999977,24.29400063,180.6999969,22.63999939
29-09-2017,4.469250202,12.75,24.25399971,181.3500061,22.73999977
02-10-2017,4.474999905,12.71000004,24.04700089,177.0099945,22.76866722
03-10-2017,4.484250069,13.42000008,23.95000076,179.1900024,23.20933342
04-10-2017,4.521749973,13.31000042,24.20000076,184.4499969,23.6673336
05-10-2017,4.519249916,13.34000015,24.36700058,194.3899994,23.6886673
06-10-2017,4.53249979,13.22999954,24.5739994,198.0200043,23.79199982
09-10-2017,4.634749889,13.47000027,24.6420002,196.8699951,22.86266708
10-10-2017,4.723249912,13.69999981,24.59900093,195.0800018,23.70599937
11-10-2017,4.773499966,13.88000011,25.04000092,194.9499969,23.63999939
12-10-2017,4.77575016,14.19999981,24.87400055,195.8600006,23.71199989
13-10-2017,4.864749908,14.22000027,24.79599953,199.4900055,23.70466614
16-10-2017,4.948249817,14.26000023,24.66699982,202.6799927,23.37333298
17-10-2017,4.943749905,14.15999985,24.26199913,199.4799957,23.71666718
18-10-2017,4.939499855,14.06999969,24.39999962,195.5399933,23.9766674
19-10-2017,4.945000172,13.94999981,24.42900085,195.1300049,23.45400047
20-10-2017,4.922500134,13.81000042,24.42399979,194.1600037,23.00666618
23-10-2017,4.915500164,14.10000038,24.42700005,192.4700012,22.46800041
24-10-2017,4.967000008,14.25,24.76799965,196.0200043,22.4893322
25-10-2017,4.841499805,12.32999992,24.58200073,193.7700043,21.72266769
26-10-2017,4.892250061,12.01000023,24.37599945,195.2100067,21.74466705
27-10-2017,5.046500206,11.84000015,25.29000092,199.5399933,21.39133263
30-10-2017,5.096000195,10.89000034,26.12299919,198.3699951,21.33866692
31-10-2017,5.170249939,10.98999977,26.39100075,196.4299927,22.10199928
01-11-2017,5.179999828,10.80000019,25.92900085,198,21.40533257
02-11-2017,5.148499966,10.85000038,25.95000076,199.3200073,19.95066643
03-11-2017,5.21724987,11.11999989,27.36300087,200.0099945,20.40600014
06-11-2017,5.240749836,11.93000031,27.75200081,200.1300049,20.18533325
07-11-2017,5.300749779,12.05000019,27.13199997,195.8899994,20.40333366
08-11-2017,5.229000092,11.71000004,27.23999977,196.4400024,20.29266739
09-11-2017,5.132999897,11.11999989,26.56399918,193.8999939,20.19933319
10-11-2017,5.40350008,11.26000023,26.49600029,192.0200043,20.19933319
13-11-2017,5.315750122,11.09000015,26.50099945,195.0800018,21.02666664
14-11-2017,5.354499817,11.11999989,26.32600021,195.7100067,20.57999992
15-11-2017,5.249499798,11.06999969,26.55999947,192.1199951,20.75333214
16-11-2017,5.290249825,11.25,27.21100044,195.5099945,20.83333206
17-11-2017,5.28399992,11.38000011,27.18600082,193.1999969,21.00333214
20-11-2017,5.352000237,11.34000015,27.48800087,194.1000061,20.5826664
21-11-2017,5.401249886,11.39999962,27.6590004,196.2299957,21.18733215
22-11-2017,5.373250008,11.36999989,27.53700066,196.3200073,20.84000015
23-11-2017,,,,,
24-11-2017,5.423999786,11.38000011,28.23800087,195.75,21.03666687
27-11-2017,5.353499889,11.55000019,28.46199989,195.0500031,21.1206665
28-11-2017,5.267749786,11.17000008,27.73999977,199.1799927,21.17000008
29-11-2017,4.91050005,10.82999992,27.14999962,188.1499939,20.50266647
30-11-2017,5.017749786,10.89000034,27.79400063,187.5800018,20.59000015
01-12-2017,4.941999912,10.72999954,27.15600014,186.8200073,20.43533325
04-12-2017,4.666500092,10.02999973,26.36100006,184.0399933,20.34666634
05-12-2017,4.693500042,9.909999847,26.16500092,184.2100067,20.24666786
06-12-2017,4.731500149,10,26.38899994,185.3000031,20.88400078
07-12-2017,4.799749851,10.03999996,26.38899994,185.1999969,20.74933243
08-12-2017,4.787250042,9.93999958,25.99099922,188.5399933,21.00866699
11-12-2017,4.866499901,10.15999985,25.99500084,186.2200012,21.92733383
12-12-2017,4.770999908,9.899999619,25.87000084,185.7299957,22.73533249
13-12-2017,4.654500008,10.10999966,26.20299911,187.8600006,22.60199928
14-12-2017,4.66174984,10.13000011,25.93400002,189.5599976,22.52599907
15-12-2017,4.789000034,10.28999996,26.57299995,190.1199951,22.89666748
18-12-2017,4.947500229,10.97999954,26.43899918,190.4199982,22.59133339
19-12-2017,4.902750015,10.94999981,26.37000084,187.0200043,22.07333374
20-12-2017,4.920000076,10.97999954,26.56399918,188.8200073,21.93199921
21-12-2017,4.897250175,10.89000034,26.15299988,188.6199951,22.11066628
22-12-2017,4.881750107,10.53999996,26.23500061,189.9400024,21.68000031
25-12-2017,,,,,
26-12-2017,4.93599987,10.46000004,25.80999947,187.7599945,21.15266609
27-12-2017,4.929249763,10.52999973,25.91200066,186.2400055,20.77599907
28-12-2017,4.934999943,10.55000019,26.04199982,192.7100067,21.02400017
29-12-2017,4.837500095,10.27999973,25.69000053,191.9600067,20.75666618
01-01-2018,,,,,
02-01-2018,4.983749866,10.97999954,26.70100021,201.0700073,21.3686676
03-01-2018,5.311749935,11.55000019,26.99300003,205.0500031,21.14999962
04-01-2018,5.339749813,12.11999989,27.00200081,205.6300049,20.9746666
05-01-2018,5.385000229,11.88000011,27.16200066,209.9900055,21.10533333
08-01-2018,5.550000191,12.27999973,27.22699928,212.0500031,22.42733383
09-01-2018,5.548500061,11.81999969,26.85000038,209.3099976,22.24600029
10-01-2018,5.592000008,11.96000004,26.28300095,212.5200043,22.31999969
11-01-2018,5.602000237,12.14000034,26.35000038,217.2400055,22.53000069
12-01-2018,5.574500084,12.02000046,26.42900085,221.2299957,22.41466713
15-01-2018,,,,,
16-01-2018,5.50274992,11.90999985,26.32500076,221.5299988,22.67066765
17-01-2018,5.618000031,12.18000031,26.58099937,217.5,23.1439991
18-01-2018,5.611000061,12.47000027,26.97999954,220.3300018,22.97133255
19-01-2018,5.75274992,12.59000015,26.63899994,220.4600067,23.33466721
22-01-2018,5.84224987,12.64999962,26.21100044,227.5800018,23.43733215
23-01-2018,5.972750187,12.93999958,26.29000092,250.2899933,23.51933289
24-01-2018,5.894999981,12.71000004,25.68600082,261.2999878,23.0593338
25-01-2018,5.908750057,12.40999985,24.72900009,269.7000122,22.50933266
26-01-2018,6.083250046,12.94999981,25.07900047,274.6000061,22.85666656
29-01-2018,6.171249866,13.31999969,24.54700089,284.5899963,23.30200005
30-01-2018,6.06799984,12.86999989,24.09799957,278.7999878,23.05466652
31-01-2018,6.144999981,13.73999977,24.8029995,270.2999878,23.6206665
01-02-2018,6.012499809,13.25,23.87899971,265.0700073,23.28333282
02-02-2018,5.837999821,12.44999981,23.54800034,267.4299927,22.91666794
05-02-2018,5.34250021,11.56999969,22.80999947,254.2599945,22.20866776
06-02-2018,5.639500141,11.64999962,24.03800011,265.7200012,22.26466751
07-02-2018,5.71999979,11.60000038,23.73800087,264.5599976,23
08-02-2018,5.438000202,11.22000027,22.95700073,250.1000061,21.01533318
09-02-2018,5.802000046,11.31000042,23.54999924,249.4700012,20.69466782
12-02-2018,5.700749874,11.68000031,24.44000053,257.9500122,21.04866791
13-02-2018,5.815750122,11.77999973,24.58600044,258.269989,21.57733345
14-02-2018,6.03550005,12.19999981,24.76600075,266,21.4873333
15-02-2018,6.162499905,12.18999958,25.18300056,280.269989,22.27133369
16-02-2018,6.096000195,11.81999969,24.88899994,278.519989,22.36599922
19-02-2018,,,,,
20-02-2018,6.227000237,12.02000046,24.96199989,278.5499878,22.31800079
21-02-2018,6.037749767,11.72000027,24.86199951,281.0400085,22.21999931
22-02-2018,6.053750038,11.84000015,24.93499947,278.1400146,23.07799911
23-02-2018,6.148250103,12.06999969,25.37100029,285.9299927,23.46999931
26-02-2018,6.164500237,12.42000008,25.29500008,294.1600037,23.82799911
27-02-2018,6.151500225,12.52999973,25.18099976,290.6099854,23.39933205
28-02-2018,6.050000191,12.10999966,24.64599991,291.3800049,22.8706665
01-03-2018,5.805250168,11.89999962,24.33099937,290.3900146,22.06200027
02-03-2018,5.913499832,11.81000042,25.08699989,301.0499878,22.34133339
05-03-2018,5.891250134,11.90999985,24.69799995,315,22.22333336
06-03-2018,6.053999901,11.76000023,25.09600067,325.2200012,21.87999916
07-03-2018,6.046000004,12.23999977,24.70499992,321.1600037,22.15333366
08-03-2018,6.029500008,11.97000027,24.69499969,317,21.94000053
09-03-2018,6.133250237,11.69999981,25.37800026,331.4400024,21.8113327
12-03-2018,6.243999958,11.52000046,26.2840004,321.2999878,23.0340004
13-03-2018,6.192749977,11.64000034,26.12199974,315.8800049,22.78933334
14-03-2018,6.218500137,11.35999966,26.05900002,321.5499878,21.7753334
15-03-2018,6.233500004,11.46000004,26.77599907,321.0899963,21.70666695
16-03-2018,6.262000084,11.47000027,25.48699951,318.4500122,21.42333221
19-03-2018,6.025000095,11.43000031,24.49500084,313.480011,20.90399933
20-03-2018,6.239500046,11.10999966,24.23600006,317.5,20.7033329
21-03-2018,6.214000225,11.26000023,24.60000038,316.480011,21.10199928
22-03-2018,6.046249866,10.90999985,24.35700035,306.7000122,20.60666656
23-03-2018,5.824250221,10.63000011,24.24799919,300.9400024,20.10266685
26-03-2018,6.111999989,10.43999958,24.77300072,320.3500061,20.27866745
27-03-2018,5.638000011,10,24.43700027,300.6900024,18.61199951
28-03-2018,5.533750057,9.81000042,23.66799927,285.769989,17.18533325
29-03-2018,5.789750099,10.05000019,23.56500053,295.3500061,17.74200058
30-03-2018,,,,,
02-04-2018,5.526249886,9.529999733,22.76799965,280.2900085,16.83200073
03-04-2018,5.633749962,9.550000191,23.6779995,283.6700134,17.83533287
04-04-2018,5.656000137,9.770000458,23.6989994,288.9400024,19.1293335
05-04-2018,5.534500122,10.02000046,23.63100052,293.9700012,20.3813324
06-04-2018,5.356249809,9.609999657,22.88699913,288.8500061,19.9533329
09-04-2018,5.385250092,9.529999733,23.47400093,289.9299927,19.31066704
10-04-2018,5.697750092,9.979999542,23.97500038,298.0700073,20.31333351
11-04-2018,5.656000137,9.819999695,24.03199959,303.6700134,20.06200027
12-04-2018,5.864999771,10.07999992,23.94300079,309.25,19.60533333
13-04-2018,5.787499905,9.930000305,24.69400024,311.6499939,20.02266693
16-04-2018,5.787250042,10.09000015,24.93700027,307.7799988,19.41399956
17-04-2018,5.938499928,10.52000046,25.17399979,336.0599976,19.17933273
18-04-2018,5.909249783,10.35999966,24.95899963,334.519989,19.55666733
19-04-2018,5.725999832,10.10999966,24.2859993,332.7000122,20.00533295
20-04-2018,5.717750072,9.989999771,23.71199989,327.769989,19.34933281
23-04-2018,5.597000122,10.03999996,23.34499931,318.6900024,18.89133263
24-04-2018,5.53000021,10.09000015,22.8390007,307.019989,18.89733315
25-04-2018,5.416500092,9.710000038,22.89999962,305.7600098,18.71266747
26-04-2018,5.63049984,11.03999996,23.04199982,313.980011,19.03199959
27-04-2018,5.658249855,11.10999966,23.27799988,311.7600098,19.60533333
30-04-2018,5.622499943,10.88000011,22.94199944,312.4599915,19.59333229
01-05-2018,5.678500175,11.13000011,23.03800011,313.2999878,19.99466705
02-05-2018,5.65775013,10.97000027,22.87400055,313.3599854,20.07666779
03-05-2018,5.824749947,10.93000031,22.52499962,311.6900024,18.96333313
04-05-2018,5.976500034,11.27999973,23.05200005,320.0899963,19.6060009
07-05-2018,6.217000008,11.59000015,23.59700012,326.2600098,20.18466759
08-05-2018,6.260000229,11.60999966,23.88500023,326.8900146,20.1313324
09-05-2018,6.394499779,11.94999981,23.80500031,330.2999878,20.45666695
10-05-2018,6.503250122,12.13000011,24.35099983,329.6000061,20.33466721
11-05-2018,6.363249779,11.94999981,24.33799934,326.4599915,20.07066727
14-05-2018,6.383999825,12.22999954,24.47599983,328.5299988,19.46466637
15-05-2018,6.138999939,12.44999981,24.15800095,326.1300049,18.94533348
16-05-2018,6.150249958,12.81999969,24.0510006,328.1900024,19.09866714
17-05-2018,6.192749977,12.81999969,23.94499969,325.2200012,18.96933365
18-05-2018,6.148499966,13,23.59900093,324.1799927,18.45466614
21-05-2018,6.105999947,12.98999977,23.90500069,331.8200073,18.9659996
22-05-2018,6.067500114,12.97999954,23.84900093,331.6199951,18.33399963
23-05-2018,6.188499928,13.10000038,24.05599976,344.7200012,18.60466766
24-05-2018,6.192249775,13.40999985,24.35300064,349.2900085,18.5233326
25-05-2018,6.231999874,13.53999996,25.00300026,351.2900085,18.59000015
28-05-2018,,,,,
29-05-2018,6.214749813,13.35999966,24.96899986,349.730011,18.9173336
30-05-2018,6.324749947,13.81999969,24.94000053,353.5400085,19.44799995
31-05-2018,6.304749966,13.72999954,25.20700073,351.6000061,18.98200035
01-06-2018,6.440499783,14.39999962,25.63400078,359.9299927,19.45466614
04-06-2018,6.621250153,14.85000038,25.83699989,361.8099976,19.78266716
05-06-2018,6.626749992,14.85000038,25.9260006,365.7999878,19.40866661
06-06-2018,6.628749847,15.67000008,26.35199928,367.4500122,21.29999924
07-06-2018,6.572500229,14.89000034,26.46800041,361.3999939,21.07266617
08-06-2018,6.55700016,15.25,25.79700089,360.5700073,21.17733383
11-06-2018,6.515500069,15.72999954,26.08300018,361.4500122,22.13999939
12-06-2018,6.564499855,15.85000038,26.14299965,363.8299866,22.85133362
13-06-2018,6.559999943,16.31999969,26.3579998,379.9299927,22.98533249
14-06-2018,6.672749996,16.25,26.84600067,392.8699951,23.84799957
15-06-2018,6.631499767,16.34000015,27.02300072,391.980011,23.87800026
18-06-2018,6.627250195,17.11000061,26.45000076,390.3999939,24.72200012
19-06-2018,6.50425005,16.69000053,26.09499931,404.980011,23.50333214
20-06-2018,6.557750225,16.52000046,26.12199974,416.7600098,24.14800072
21-06-2018,6.427750111,15.64999962,25.96500015,415.4400024,23.1673336
22-06-2018,6.273749828,15.80000019,25.97100067,411.0899963,22.24200058
25-06-2018,5.978000164,15.10999966,25.24200058,384.480011,22.20066643
26-06-2018,6.049749851,15.5,25.15399933,399.3900146,22.79999924
27-06-2018,5.893000126,14.97000027,24.71100044,390.3900146,22.96666718
28-06-2018,6.021500111,15.31000042,24.48999977,395.4200134,23.32866669
29-06-2018,5.922500134,14.98999977,24.26399994,391.4299927,22.86333275
02-07-2018,6.056000233,15.15999985,24.20499992,398.1799927,22.33799934
03-07-2018,5.921000004,15,23.92900085,390.519989,20.72400093
04-07-2018,,,,,
05-07-2018,6.068250179,15.5,24.54000092,398.3900146,20.61066628
06-07-2018,6.18324995,16.36000061,24.76799965,408.25,20.59333229
09-07-2018,6.231249809,16.61000061,24.74300003,418.9700012,21.23399925
10-07-2018,6.331250191,16.54999924,25.05599976,415.6300049,21.49799919
11-07-2018,6.188250065,16.27000046,24.34399986,418.6499939,21.26399994
12-07-2018,6.280749798,16.55999947,20.99799919,413.5,21.11400032
13-07-2018,6.232999802,16.27000046,20.24600029,395.7999878,21.25799942
16-07-2018,6.204999924,16.57999992,20.32500076,400.480011,20.67333221
17-07-2018,6.34224987,16.87000084,20.83099937,379.480011,21.5126667
18-07-2018,6.292500019,16.85000038,20.87800026,375.1300049,21.59000015
19-07-2018,6.300749779,16.70999908,21.03700066,364.230011,21.34866714
20-07-2018,6.272250175,16.5,21.03300095,361.0499878,20.90533257
23-07-2018,6.235249996,16.65999985,21.67200089,362.6600037,20.21333313
24-07-2018,6.217750072,16.19000053,21.73399925,357.3200073,19.82866669
25-07-2018,6.296750069,16.04999924,22.59700012,362.8699951,20.5826664
26-07-2018,6.370999813,18.35000038,22.31800079,363.0899963,20.44333267
27-07-2018,6.300499916,18.94000053,22.10499954,355.2099915,19.81200027
30-07-2018,6.103250027,19.42000008,22.5189991,334.9599915,19.34466743
31-07-2018,6.121500015,18.32999992,22.17700005,337.4500122,19.87599945
01-08-2018,6.16174984,18.47999954,21.68000031,338.3800049,20.05599976
02-08-2018,6.265500069,18.79000092,21.63500023,344.5,23.30266762
03-08-2018,6.302499771,18.48999977,21.78100014,343.0899963,23.21133232
06-08-2018,6.350749969,19.43000031,21.69499969,350.9200134,22.79933357
07-08-2018,6.423749924,19.55999947,22.03100014,351.8299866,25.30466652
08-08-2018,6.460499763,19.57999992,21.94599915,347.6099854,24.68933296
09-08-2018,6.411499977,19.10000038,21.65800095,349.3599854,23.49666786
10-08-2018,6.369750023,19.05999947,21.22299957,345.8699951,23.69933319
13-08-2018,6.402999878,19.72999954,21.1079998,341.3099976,23.7606678
14-08-2018,6.535749912,20.02000046,20.72999954,337.4899902,23.1760006
15-08-2018,6.477000237,19.70000076,20.65800095,326.3999939,22.57933235
16-08-2018,6.43599987,19.32999992,20.86899948,322.4400024,22.36333275
17-08-2018,6.120500088,19.77000046,20.92700005,316.7799988,20.36666679
20-08-2018,6.196000099,19.97999954,20.67200089,327.730011,20.56266785
21-08-2018,6.333000183,20.39999962,21.0510006,338.019989,21.45999908
22-08-2018,6.570499897,20.89999962,20.75399971,344.4400024,21.44266701
23-08-2018,6.671000004,22.29000092,20.55900002,339.1700134,21.34000015
24-08-2018,6.805500031,23.97999954,20.89999962,358.8200073,21.52133369
27-08-2018,6.897500038,25.26000023,21.29700089,364.5799866,21.28466606
28-08-2018,6.859499931,25.04999924,21.44300079,368.4899902,20.79066658
29-08-2018,6.962250233,25.20000076,21.49900055,368.0400085,20.33399963
30-08-2018,6.945250034,24.88999939,21.66500092,370.980011,20.20999908
31-08-2018,7.017000198,25.17000008,21.90299988,367.6799927,20.11066628
03-09-2018,,,,,
04-09-2018,7.09250021,28.05999947,21.94300079,363.6000061,19.26333237
05-09-2018,6.960499763,28.51000023,22.1420002,341.1799927,18.7159996
06-09-2018,6.81799984,27.84000015,21.59700012,346.4599915,18.72999954
07-09-2018,6.796500206,27.37999916,23.25799942,348.6799927,17.54933357
10-09-2018,6.868249893,29.88999939,24.06100082,348.4100037,19.03333282
11-09-2018,6.820000172,30.10000038,23.25499916,355.9299927,18.6293335
12-09-2018,6.704999924,32.20999908,22.98900032,369.9500122,19.36933327
13-09-2018,6.783500195,30.47999954,23.54199982,368.1499939,19.29733276
14-09-2018,6.910749912,32.72000122,23.63400078,364.5599976,19.68000031
17-09-2018,6.848249912,32.43000031,23.4829998,350.3500061,19.65600014
18-09-2018,6.775499821,31.93000031,23.97299957,367.6499939,18.99733353
19-09-2018,6.799499989,31.20999908,24.17900085,366.9599915,19.93466759
20-09-2018,6.657000065,31.18000031,24.49300003,365.3599854,19.88866615
21-09-2018,6.586249828,31.02000046,24.80999947,361.1900024,19.94000053
24-09-2018,6.642499924,32.61000061,24.94499969,369.6099854,19.97866631
25-09-2018,6.710249901,32.56999969,24.76499939,369.4299927,20.06599998
26-09-2018,6.672999859,32.18999863,24.54299927,377.8800049,20.63866615
27-09-2018,6.684999943,32.59000015,24.64500046,380.7099915,20.50133324
28-09-2018,7.025499821,30.88999939,24.67300034,374.1300049,17.65133286
01-10-2018,7.234000206,31.42000008,24.95100021,381.4299927,20.71333313
02-10-2018,7.162000179,29.02000046,24.80999947,377.1400146,20.06800079
03-10-2018,7.168250084,28.43000031,24.94199944,377.0499878,19.65333366
04-10-2018,6.982250214,27.78000069,24.81699944,363.6499939,18.78866768
05-10-2018,6.746500015,27.35000038,24.42300034,351.3500061,17.46333313
08-10-2018,6.644249916,26.45999908,24.13699913,349.1000061,16.70400047
09-10-2018,6.638500214,27.23999977,24.46999931,355.7099915,17.52000046
10-10-2018,6.142250061,25,23.18300056,325.8900146,17.12533379
11-10-2018,5.878250122,25.29999924,22.88999939,321.1000061,16.81533241
12-10-2018,6.163499832,26.34000015,23.29500008,339.5599976,17.25200081
15-10-2018,5.884500027,26.26000023,23.24699974,333.1300049,17.30599976
16-10-2018,6.145750046,28.18000031,23.83200073,346.3999939,18.43933296
17-10-2018,6.076499939,27.29999924,23.71699905,364.7000122,18.1186676
18-10-2018,5.988249779,26.62000084,22.80200005,346.7099915,17.59399986
19-10-2018,5.729249954,23.65999985,22.82799911,332.6700134,17.33333206
22-10-2018,5.780499935,25.03000069,22.86199951,329.5400085,17.39666748
23-10-2018,5.526500225,25.09000015,22.90500069,333.1600037,19.60933304
24-10-2018,4.985249996,22.79000092,21.87100029,301.8299866,19.23333359
25-10-2018,5.196000099,19.27000046,22.22400093,312.8699951,20.99066734
26-10-2018,4.957250118,17.62999916,21.31500053,299.8299866,22.05999947
29-10-2018,4.640500069,16.85000038,21.14999962,284.8399963,22.32333374
30-10-2018,5.074999809,17.20000076,22.10099983,285.8099976,21.99333382
31-10-2018,5.270750046,18.20999908,22.34900093,301.7799988,22.48800087
01-11-2018,5.452750206,20.21999931,22.98800087,317.3800049,22.95199966
02-11-2018,5.373000145,20.22999954,22.07699966,309.1000061,23.09399986
05-11-2018,5.294250011,19.89999962,22.00900078,315.4400024,22.76000023
06-11-2018,5.276500225,20.68000031,22.82500076,310.8399963,22.7373333
07-11-2018,5.344749928,21.84000015,23.44000053,327.5,23.21066666
08-11-2018,5.149750233,21.20000076,24.02499962,317.9200134,23.42666626
09-11-2018,5.141749859,21.03000069,23.89900017,303.4700012,23.36733246
12-11-2018,4.738500118,19.03000069,22.36300087,294.0700073,22.08533287
13-11-2018,4.982749939,19.61000061,22.4829998,294.3999939,22.58200073
14-11-2018,4.929749966,20.80999947,22.62000084,286.730011,22.93333244
15-11-2018,5.05975008,21.48999977,23.63400078,290.0599976,23.22933388
16-11-2018,4.110750198,20.65999985,23.76099968,286.2099915,23.6206665
19-11-2018,3.617500067,19.11000061,22.91300011,270.6000061,23.56466675
20-11-2018,3.726999998,19.20999908,22.77099991,266.980011,23.16600037
21-11-2018,3.617749929,18.72999954,23,262.1300049,22.54599953
22-11-2018,,,,,
23-11-2018,3.625,19.37999916,22.98999977,258.8200073,21.72200012
26-11-2018,3.826250076,20.07999992,23.53100014,261.4299927,23.06666756
27-11-2018,3.843250036,21.04999924,23.58300018,266.6300049,22.9279995
28-11-2018,4.001749992,21.34000015,23.52199936,282.6499939,23.19133377
29-11-2018,3.934000015,21.43000031,23.57799911,288.75,22.74466705
30-11-2018,4.085750103,21.29999924,23.74099922,286.1300049,23.36533356
03-12-2018,4.250999928,23.70999908,24.20700073,290.2999878,23.89933205
04-12-2018,3.927750111,21.12000084,23.20400047,275.3299866,23.97999954
05-12-2018,,,,,
06-12-2018,3.957250118,21.29999924,22.72400093,282.8800049,24.20400047
07-12-2018,3.69024992,19.45999908,22.8560009,265.1400146,23.86466789
10-12-2018,3.796499968,19.98999977,23.92499924,269.7000122,24.34333229
11-12-2018,3.704750061,19.97999954,24.68400002,265.3200073,24.45066643
12-12-2018,3.722500086,20.47999954,25.49799919,274.8800049,24.44000053
13-12-2018,3.722249985,19.86000061,25.82999992,276.019989,25.11933327
14-12-2018,3.661250114,19.89999962,25.4829998,266.8399963,24.38066673
17-12-2018,3.58949995,18.82999992,25.41300011,262.7999878,23.22800064
18-12-2018,3.673500061,19.5,24.96699905,270.9400024,22.46866608
19-12-2018,3.462749958,18.15999985,24.38899994,266.769989,22.19799995
20-12-2018,3.377500057,17.94000053,24.18899918,260.5799866,21.0253334
21-12-2018,3.239249945,16.93000031,24.49099922,246.3899994,21.31800079
24-12-2018,3.177000046,16.64999962,23.37999916,233.8800049,19.69266701
25-12-2018,,,,,
26-12-2018,3.327500105,17.89999962,24.81399918,253.6699982,21.7393322
27-12-2018,3.279249907,17.48999977,25.08499908,255.5700073,21.07533264
28-12-2018,3.341249943,17.81999969,25.35899925,256.0799866,22.25799942
31-12-2018,3.337500095,18.45999908,25.4279995,267.6600037,22.18666649
01-01-2019,,,,,
02-01-2019,3.405499935,18.82999992,25.35099983,267.6600037,20.67466736
03-01-2019,3.199749947,17.04999924,23.09600067,271.2000122,20.02400017
04-01-2019,3.404750109,19,23.32299995,297.5700073,21.17933273
07-01-2019,3.585000038,20.56999969,23.79800034,315.3399963,22.3306675
08-01-2019,3.49574995,20.75,23.60700035,320.269989,22.35666656
09-01-2019,3.564500093,20.19000053,24.62800026,319.9599915,22.56866646
10-01-2019,3.630749941,19.73999977,24.95199966,324.6600037,22.99799919
11-01-2019,3.720750093,20.27000046,25.05699921,337.5899963,23.15066719
14-01-2019,3.760999918,20.22999954,25.08699989,332.9400024,22.29333305
15-01-2019,3.746750116,20.37999916,25.64900017,354.6400146,22.96199989
16-01-2019,3.720999956,19.72999954,25.17000008,351.3900146,23.06999969
17-01-2019,3.792999983,20.25,25.53300095,353.1900024,23.15399933
18-01-2019,3.92324996,20.77000046,26.08200073,339.1000061,20.15066719
21-01-2019,,,,,
22-01-2019,3.719249964,19.76000023,25.82900047,325.1600037,19.9279995
23-01-2019,3.732249975,19.79999924,25.75200081,321.9899902,19.17266655
24-01-2019,3.946000099,20.85000038,26.35499954,326.6700134,19.43400002
25-01-2019,4.003749847,21.93000031,26.79400063,338.0499878,19.80266762
28-01-2019,3.45024991,20.18000031,26.76199913,335.6600037,19.75866699
29-01-2019,3.289999962,19.25,26.63199997,328.8999939,19.8306675
30-01-2019,3.43475008,23.09000015,27.08200073,340.6600037,20.58466721
31-01-2019,3.59375,24.40999985,26.82500076,339.5,20.46800041
01-02-2019,3.618249893,24.51000023,26.68099976,339.8500061,20.81399918
04-02-2019,3.729500055,24.12999916,27.21199989,351.3399963,20.85933304
05-02-2019,3.748749971,23.30999947,27,355.8099976,21.42333221
06-02-2019,3.825000048,23.26000023,27.62100029,352.1900024,21.14800072
07-02-2019,3.685499907,22.67000008,26.9090004,344.7099915,20.50066757
08-02-2019,3.704250097,23.04999924,27.40600014,347.5700073,20.38666725
11-02-2019,3.661250114,22.95999908,27.5720005,345.730011,20.8560009
12-02-2019,3.779249907,22.81999969,27.93899918,359.9700012,20.78733253
13-02-2019,3.822000027,22.85000038,28.13199997,351.769989,20.54466629
14-02-2019,3.863250017,23.12999916,28.14999962,359.0700073,20.25133324
15-02-2019,3.933500051,23.68000031,28.19300079,356.8699951,20.5253334
18-02-2019,,,,,
19-02-2019,3.915999889,23.95000076,28.16600037,361.9200134,20.37599945
20-02-2019,3.963749886,23.95000076,28.34199905,359.9100037,20.17066765
21-02-2019,3.894249916,23.92000008,28.09399986,356.9700012,19.41533279
22-02-2019,3.979749918,24.36000061,27.64999962,363.019989,19.64733315
25-02-2019,3.967250109,24.70999908,27.86000061,363.9100037,19.91799927
26-02-2019,3.92750001,24.20999908,27.5,364.9700012,19.85733223
27-02-2019,3.885250092,23.47999954,27.14900017,362.8699951,20.98266792
28-02-2019,3.85649991,23.53000069,27.5359993,358.1000061,21.32533264
01-03-2019,3.911250114,23.68000031,27.27499962,357.3200073,19.65266609
04-03-2019,3.919500113,23.37000084,27.48900032,351.0400085,19.02400017
05-03-2019,3.913000107,23.5,27.70100021,354.2999878,18.43600082
06-03-2019,3.801249981,22.40999985,27.13500023,359.6099854,18.41600037
07-03-2019,3.73149991,22.07999992,26.5510006,352.6000061,18.43933296
08-03-2019,3.766000032,22.01000023,26.41900063,349.6000061,18.94266701
11-03-2019,4.02850008,22.95999908,26.90600014,358.8599854,19.39466667
12-03-2019,4.063000202,23.48999977,26.96299934,356.269989,18.89066696
13-03-2019,4.215499878,23.37999916,27.12100029,361.2099915,19.26399994
14-03-2019,4.138999939,22.81999969,26.81999969,358.8200073,19.3306675
15-03-2019,4.245250225,23.29000092,29.02899933,361.4599915,18.36199951
18-03-2019,4.223750114,23.25,29.38400078,363.4400024,17.9659996
19-03-2019,4.392749786,26,29.93099976,358.7799988,17.83133316
20-03-2019,4.360000134,25.70000076,29.10300064,375.2200012,18.23999977
21-03-2019,4.598499775,27.88999939,29.68000031,377.8699951,18.26799965
22-03-2019,4.4375,26.37000084,29.26499939,361.0100098,17.63533211
25-03-2019,4.344500065,25.96999931,29.2159996,366.230011,17.36133385
26-03-2019,4.421750069,25.69000053,29.70299911,359.9700012,17.85133362
27-03-2019,4.412499905,24.88999939,29.59700012,353.3699951,18.3220005
28-03-2019,4.431250095,25.05999947,29.90699959,354.6099854,18.57466698
29-03-2019,4.488999844,25.52000046,30.07099915,356.5599976,18.65733337
01-04-2019,4.55700016,26.36000061,30.57900047,366.9599915,19.27866745
02-04-2019,4.574999809,26.75,30.30500031,367.7200012,19.05866623
03-04-2019,4.715499878,29.02000046,30.42000008,369.75,19.45400047
04-04-2019,4.706500053,29.09000015,30.20000076,367.8800049,17.85199928
05-04-2019,4.773749828,28.97999954,30.4279995,365.4899902,18.3306675
08-04-2019,4.794750214,28.53000069,30.44799995,361.4100037,18.21333313
09-04-2019,4.731500149,27.23999977,30.34499931,364.7099915,18.15399933
10-04-2019,4.802499771,27.82999992,30.75099945,363.9200134,18.40399933
11-04-2019,4.788499832,27.79000092,30.94099998,367.6499939,17.89466667
12-04-2019,4.750249863,27.85000038,31.70299911,351.1400146,17.84666634
15-04-2019,4.617499828,27.32999992,31.63999939,348.8699951,17.75866699
16-04-2019,4.705249786,27.93000031,31.85000038,359.4599915,18.22400093
17-04-2019,4.682250023,27.48999977,32.0530014,354.7399902,18.08200073
18-04-2019,4.65749979,27.68000031,31.86199951,360.3500061,18.21733284
19-04-2019,,,,,
22-04-2019,4.711750031,28.18000031,31.5,377.3399963,17.51666641
23-04-2019,4.766749859,27.96999931,31.56399918,381.8900146,17.59333229
24-04-2019,4.779250145,28.45999908,31.43300056,374.230011,17.24399948
25-04-2019,4.672749996,27.65999985,31.18199921,368.3299866,16.50866699
26-04-2019,4.452250004,27.87999916,31.04100037,374.8500061,15.67599964
29-04-2019,4.483250141,27.69000053,31.27199936,371.8299866,16.09799957
30-04-2019,4.525000095,27.62999916,31.84000015,370.5400085,15.91266727
01-05-2019,4.511750221,26.80999947,31.88999939,378.8099976,15.600667
02-05-2019,4.579750061,28.29000092,31.58200073,379.0599976,16.2733326
03-05-2019,4.575250149,28.21999931,31.57099915,385.0299988,17.00200081
06-05-2019,4.496250153,27.42000008,31.15699959,378.6700134,17.02266693
07-05-2019,4.327750206,26.65999985,30.72900009,370.4599915,16.47066689
08-05-2019,4.34800005,27.09000015,30.3390007,364.3699951,16.32266617
09-05-2019,4.254749775,27.20999908,30.40600014,362.75,16.13199997
10-05-2019,4.220499992,27.95999908,30.39599991,361.0400085,15.96800041
13-05-2019,3.961250067,26.23999977,29.33799934,345.2600098,15.13399982
14-05-2019,4.051000118,27.31999969,30.20000076,345.6099854,15.4873333
15-05-2019,3.989500046,27.57999992,30.43700027,354.9899902,15.46333313
16-05-2019,4.004749775,28.01000023,29.72900009,359.3099976,15.22200012
17-05-2019,3.913249969,27.5,28.98900032,354.4500122,14.06866741
20-05-2019,3.793750048,26.68000031,27.25900078,348.1099854,13.69066715
21-05-2019,3.876499891,27.35000038,27.53300095,354.269989,13.67199993
22-05-2019,3.805000067,27.40999985,26.92200089,359.730011,12.84866714
23-05-2019,3.683000088,26.36000061,26.00900078,352.2099915,13.03266716
24-05-2019,3.628750086,26.44000053,25.59399986,354.3900146,12.7086668
27-05-2019,,,,,
28-05-2019,3.583250046,29.04999924,25.44799995,355.0599976,12.57999992
29-05-2019,3.508500099,28.09000015,25.41200066,349.1900024,12.65733337
30-05-2019,3.477750063,28.03000069,25.66200066,351.8500061,12.54800034
31-05-2019,3.386499882,27.40999985,25.16399956,343.2799988,12.34399986
03-06-2019,3.344500065,27.57999992,25.31800079,336.6300049,11.93133259
04-06-2019,3.575000048,29.56999969,26.56999969,353.3999939,12.90666676
05-06-2019,3.532000065,29.5,26.5720005,355.730011,13.10599995
06-06-2019,3.594500065,31.81999969,27.27899933,357.1300049,13.72999954
07-06-2019,3.637500048,32.40999985,27.48699951,360.8699951,13.63333321
10-06-2019,3.710750103,33.22999954,28.02099991,352.0100098,14.19200039
11-06-2019,3.768749952,32.40999985,28.34799957,351.269989,14.47333336
12-06-2019,3.654999971,32.18000031,27.97299957,345.5599976,13.95066738
13-06-2019,3.706500053,31.38999939,28.1609993,343.4299927,14.26066685
14-06-2019,3.615999937,30.36000061,26.59300041,339.730011,14.32800007
17-06-2019,3.625750065,29.20000076,26.59700012,350.6199951,15.00199986
18-06-2019,3.822000027,30.45000076,27.80500031,357.1199951,14.98266697
19-06-2019,3.828000069,30.5,27.74900055,363.519989,15.0953331
20-06-2019,3.852499962,30.01000023,27.90500069,365.2099915,14.64133263
21-06-2019,3.79399991,29.10000038,27.39900017,369.2099915,14.79066658
24-06-2019,3.816499949,29.26000023,27.92000008,371.0400085,14.90933323
25-06-2019,3.786999941,28.86000061,27.65099907,360.2999878,14.65066719
26-06-2019,3.98149991,29.92000008,28.1439991,362.2000122,14.61800003
27-06-2019,4.080749989,30.73999977,28.57099915,370.019989,14.85599995
28-06-2019,4.105750084,30.37000084,28.7859993,367.3200073,14.89733315
01-07-2019,4.154250145,31.20000076,30.03499985,374.6000061,15.14466667
02-07-2019,4.055749893,31.23999977,29.53300095,375.4299927,14.97000027
03-07-2019,4.068749905,31.19000053,28.48900032,381.7200012,15.65999985
04-07-2019,,,,,
05-07-2019,4.005750179,31.5,28.26600075,380.5499878,15.53999996
08-07-2019,3.930249929,32.04000092,27.49600029,376.1600037,15.35599995
09-07-2019,3.932749987,33.15000153,27.5529995,379.9299927,15.33733273
10-07-2019,4.00150013,33.79000092,27.45000076,381,15.92800045
11-07-2019,4.157000065,33.06000137,27.6060009,379.5,15.90666676
12-07-2019,4.19024992,33.20999908,28.53899956,373.25,16.33866692
15-07-2019,4.181749821,34.38999939,28.83399963,366.6000061,16.89999962
16-07-2019,4.177000046,33.84999847,28.41300011,365.9899902,16.82533264
17-07-2019,4.242750168,33.59999847,28.50799942,362.4400024,16.99066734
18-07-2019,4.254499912,33,28.97800064,325.2099915,16.90266609
19-07-2019,4.210999966,32.50999832,29,315.1000061,17.21199989
22-07-2019,4.282999992,32.84999847,29.61499977,310.6199951,17.04533386
23-07-2019,4.391499996,33.49000168,30.07799911,307.2999878,17.34466743
24-07-2019,4.466499805,34.11000061,30.37700081,317.9400024,17.65866661
25-07-2019,4.334499836,33.66999817,30.03899956,326.4599915,15.25466728
26-07-2019,4.376749992,34.02000046,30.09199905,335.7799988,15.20266724
29-07-2019,4.370500088,33.47999954,30.17399979,332.7000122,15.71800041
30-07-2019,4.386250019,33.86999893,29.95599937,325.9299927,16.15066719
31-07-2019,4.217999935,30.45000076,28.99900055,322.9899902,16.10733223
01-08-2019,4.123000145,29.86000061,28.5340004,319.5,15.59000015
02-08-2019,4.02974987,29.44000053,27.85300064,318.8299866,15.62266731
05-08-2019,3.769750118,27.98999977,26.76600075,307.6300049,15.22133255
06-08-2019,3.808749914,28.86000061,26.6439991,310.1000061,15.38333321
07-08-2019,3.847249985,29.19000053,27.00499916,304.2900085,15.5613327
08-08-2019,3.956500053,33.91999817,27.09799957,315.8999939,15.88666725
09-08-2019,3.854500055,34.18999863,27.57299995,308.9299927,15.66733265
12-08-2019,3.786250114,32.43000031,27.56399918,310.8299866,15.26733303
13-08-2019,3.901249886,32.11000061,28.37000084,312.2799988,15.66666698
14-08-2019,3.751749992,30.23999977,27.15600014,299.1099854,14.64133263
15-08-2019,3.719249964,29.67000008,26.86400032,295.7600098,14.3760004
16-08-2019,3.989000082,31.18000031,27.37800026,302.7999878,14.66266727
19-08-2019,4.269499779,31.47999954,27.87800026,309.3800049,15.12199974
20-08-2019,4.196750164,30.71999931,28.03700066,298.9899902,15.05733299
21-08-2019,4.280749798,31.70000076,28.75,297.8099976,14.72200012
22-08-2019,4.287000179,31.89999962,28.76199913,296.9299927,14.81000042
23-08-2019,4.06099987,29.54000092,27.21299934,291.4400024,14.09333324
26-08-2019,4.136250019,30.28000069,27.72200012,294.980011,14.33333302
27-08-2019,4.045000076,30.20000076,27.55699921,291.0299988,14.27200031
28-08-2019,4.030499935,30.78000069,27.6060009,291.769989,14.37266731
29-08-2019,4.175000191,31.45000076,28.33699989,296.7799988,14.7806673
30-08-2019,4.187749863,31.45000076,28.26399994,293.75,15.04066658
02-09-2019,,,,,
03-09-2019,4.104249954,30.89999962,27.40500069,289.2900085,15.00066662
04-09-2019,4.218999863,30.95000076,28.30200005,291.519989,14.71199989
05-09-2019,4.493500233,31.5,29.10199928,293.25,15.30533314
06-09-2019,4.466249943,30.55999947,29.19099998,290.1700134,15.16333294
09-09-2019,4.512499809,30.5,29.26099968,294.3399963,15.45266724
10-09-2019,4.579500198,30.22999954,29.44400024,287.9899902,15.70266724
11-09-2019,4.608250141,29.76000023,29.8010006,288.269989,16.47333336
12-09-2019,4.606750011,30.20999908,30.05800056,288.8599854,16.39133263
13-09-2019,4.548500061,30.69000053,29.03199959,294.1499939,16.34666634
16-09-2019,4.505249977,30.82999992,28.86599922,294.2900085,16.18733215
17-09-2019,4.526750088,30.98999977,28.88299942,298.6000061,16.31933212
18-09-2019,4.499499798,30.42000008,28.77400017,291.5599976,16.23266792
19-09-2019,4.423500061,30.29000092,29.06399918,286.6000061,16.44000053
20-09-2019,4.317249775,30.04999924,28.4260006,270.75,16.04133224
23-09-2019,4.370999813,30.63999939,28.54599953,265.9200134,16.08200073
24-09-2019,4.313250065,29.52000046,28.2310009,254.5899963,14.88066673
25-09-2019,4.455749989,29.54000092,27.57699966,264.75,15.24666691
26-09-2019,4.433499813,29.46999931,27.69099998,263.3099976,16.17066765
27-09-2019,4.294000149,28.71999931,27.41399956,263.0799866,16.1420002
30-09-2019,4.351749897,28.98999977,27.60700035,267.6199951,16.05800056
01-10-2019,4.349999905,28.76000023,27.48500061,269.5799866,16.31266785
02-10-2019,4.326000214,28.30999947,27.00699997,268.0299988,16.20866776
03-10-2019,4.53275013,28.68000031,27.44300079,268.1499939,15.53533268
04-10-2019,4.549250126,29.01000023,28.14299965,272.7900085,15.42866707
07-10-2019,4.608250141,28.93000031,27.6079998,274.4599915,15.84799957
08-10-2019,4.430749893,28.22999954,27.03300095,270.7200012,16.00333214
09-10-2019,4.517749786,28.45999908,27.31500053,267.5299988,16.30200005
10-10-2019,4.575749874,28.37999916,27.44499969,280.480011,16.31599998
11-10-2019,4.649750233,29.75,28.0909996,282.9299927,16.52599907
14-10-2019,4.663249969,30.53000069,28.16600037,285.5299988,17.13066673
15-10-2019,4.909249783,30.71999931,29.03199959,284.25,17.19266701
16-10-2019,4.855249882,30.80999947,28.84799957,286.2799988,17.31666756
17-10-2019,4.857250214,31.13999939,28.94300079,293.3500061,17.46466637
18-10-2019,4.762249947,30.96999931,28.67300034,275.2999878,17.12999916
21-10-2019,4.900249958,32.02999878,28.95700073,278.0499878,16.89999962
22-10-2019,4.890250206,31.51000023,28.74600029,266.6900024,17.03866768
23-10-2019,4.877250195,31.36000061,28.03199959,271.269989,16.97866631
24-10-2019,4.921500206,31.71999931,28.2310009,271.5,19.97866631
25-10-2019,5.113500118,32.70999908,28.98200035,276.8200073,21.87533379
28-10-2019,5.169750214,33.68999863,29.15500069,281.8599854,21.84733391
29-10-2019,5.072999954,33.02999878,28.81599998,281.2099915,21.08133316
30-10-2019,5.074999809,33.13000107,29.02400017,291.4500122,21.00066757
31-10-2019,5.025499821,33.93000031,29.28499985,287.4100037,20.99466705
01-11-2019,5.064750195,34.88999939,29.6590004,286.8099976,20.88733292
04-11-2019,5.262499809,36.29000092,30.5,292.8599854,21.16466713
05-11-2019,5.240250111,36.15000153,31.40399933,288.0299988,21.14800072
06-11-2019,5.190750122,35.93000031,31.31599998,288.5899963,21.77199936
07-11-2019,5.208499908,36.27999878,31.17399979,289.5700073,22.36933327
08-11-2019,5.194499969,36.29000092,31.3409996,291.5700073,22.47599983
11-11-2019,5.204500198,36.31000137,31.27499962,294.1799927,23.00600052
12-11-2019,5.240250111,36.70999908,31.5529995,292.0100098,23.32866669
13-11-2019,5.214250088,37.52000046,31.36700058,283.1099854,23.0739994
14-11-2019,5.244750023,38.34999847,30.89699936,289.6199951,23.29000092
15-11-2019,5.104750156,38.56000137,31.29100037,295.0299988,23.47800064
18-11-2019,5.30700016,39.88000107,31.10700035,302.5700073,23.3326664
19-11-2019,5.199749947,41.29000092,31.77000046,302.6000061,23.96800041
20-11-2019,5.279500008,40.97999954,31.16699982,305.1600037,23.48133278
21-11-2019,5.254499912,39.52000046,31.52499962,311.6900024,23.65533257
22-11-2019,5.272250175,39.15000153,31.49200058,310.480011,22.20266724
25-11-2019,5.530250072,39.79000092,31.96199989,315.5499878,22.42266655
26-11-2019,5.425000191,38.99000168,31.62700081,312.4899902,21.9279995
27-11-2019,5.455999851,39.40999985,31.84399986,315.9299927,22.08600044
28-11-2019,,,,,
29-11-2019,5.418499947,39.15000153,31.62100029,314.6600037,21.99600029
02-12-2019,5.231249809,38.72999954,31.0720005,309.9899902,22.32466698
03-12-2019,5.191500187,38.90000153,30.65200043,306.1600037,22.41333389
04-12-2019,5.235499859,39.68999863,30.97200012,304.3200073,22.20199966
05-12-2019,5.218500137,39.61999893,31.11899948,302.8599854,22.02466774
06-12-2019,5.304249763,39.63000107,31.60499954,307.3500061,22.39266777
09-12-2019,5.304249763,38.93000031,31.43799973,302.5,22.63533211
10-12-2019,5.349500179,39.43999863,31.50600052,293.1199951,23.25600052
11-12-2019,5.433499813,39.47000122,31.97200012,298.9299927,23.51333237
12-12-2019,5.601749897,42.59000015,32.77999878,298.4400024,23.97866631
13-12-2019,5.599750042,41.15000153,31.54199982,298.5,23.89266777
16-12-2019,5.628749847,42.34999847,32.31299973,304.2099915,25.43333244
17-12-2019,5.707250118,42.77000046,32.38000107,315.480011,25.26600075
18-12-2019,5.737750053,42.29999924,32.74399948,320.7999878,26.20999908
19-12-2019,5.886499882,42.83000183,32.40999985,332.2200012,26.93600082
20-12-2019,5.984250069,44.15000153,31.89999962,336.8999939,27.03933334
23-12-2019,5.970499992,45.45999908,31.95299911,333.1000061,27.94799995
24-12-2019,5.965499878,46.54000092,32.04999924,333.2000122,28.35000038
25-12-2019,,,,,
26-12-2019,5.979750156,46.63000107,31.79800034,332.6300049,28.72933388
27-12-2019,5.921750069,46.18000031,31.65299988,329.0899963,28.69199944
30-12-2019,5.808000088,45.52000046,31.34600067,323.3099976,27.64666748
31-12-2019,5.882500172,45.86000061,31.60199928,323.5700073,27.88866615
01-01-2020,,,,,
02-01-2020,5.997749805,49.09999847,32.23899841,329.8099976,28.68400002
03-01-2020,5.901750088,48.59999847,31.41900063,325.8999939,29.5340004
06-01-2020,5.926499844,48.38999939,31.37199974,335.8299866,30.10266685
07-01-2020,5.998250008,48.25,31.26399994,330.75,31.27066612
08-01-2020,6.009500027,47.83000183,30.87400055,339.2600098,32.8093338
09-01-2020,6.075500011,48.97000122,30.62599945,335.6600037,32.08933258
10-01-2020,6.107999802,48.16999817,29.92200089,329.0499878,31.87666702
13-01-2020,6.299499989,48.75,30.11800003,338.9200134,34.99066544
14-01-2020,6.18200016,48.20999908,30.81800079,338.6900024,35.86133194
15-01-2020,6.139249802,48.54999924,30.31399918,339.0700073,34.56666565
16-01-2020,6.223249912,49.77000046,30.70499992,338.6199951,34.23266602
17-01-2020,6.231999874,50.93000031,30.87899971,339.6700134,34.03333282
20-01-2020,,,,,
21-01-2020,6.198500156,51.04999924,30.80699921,338.1099854,36.47999954
22-01-2020,6.25274992,51.43000031,31.29700089,326,37.97066879
23-01-2020,6.321499825,51.70999908,31.96500015,349.6000061,38.14666748
24-01-2020,6.262000084,50.34999847,32.40000153,353.1600037,37.6546669
27-01-2020,6.005000114,49.25999832,30.90299988,342.8800049,37.20133209
28-01-2020,6.199250221,50.52999878,31.83099937,348.519989,37.79333115
29-01-2020,6.138500214,47.50999832,31.75099945,343.1600037,38.73266602
30-01-2020,6.145249844,48.77999878,31.52000046,347.7399902,42.72066879
31-01-2020,5.910749912,47,30.51600075,345.0899963,43.37133408
03-02-2020,6.008250237,48.02000046,30.52300072,358,52
04-02-2020,6.178249836,49.45000076,31.15999985,369.0100098,59.13733292
05-02-2020,6.269000053,49.84000015,31.73800087,369.6700134,48.97999954
06-02-2020,6.356249809,49.31999969,31.96899986,366.9500122,49.93066788
07-02-2020,6.289750099,49.72999954,31.52300072,366.769989,49.87133408
10-02-2020,6.574250221,52.25999832,31.42000008,371.0700073,51.41866684
11-02-2020,6.697249889,53.79999924,32.01599884,373.6900024,51.62533188
12-02-2020,6.813499928,53.88999939,32.47000122,380.0100098,51.152668
13-02-2020,6.769499779,54.52999878,32.39699936,381.3999939,53.59999847
14-02-2020,7.244750023,55.31000137,31.77700043,380.3999939,53.33533478
17-02-2020,,,,,
18-02-2020,7.414249897,56.88999939,31.07500076,387.7799988,57.2266655
19-02-2020,7.867499828,58.90000153,31.56900024,386.1900024,61.16133118
20-02-2020,7.71750021,57.27000046,30.92399979,386,59.96066666
21-02-2020,7.351749897,53.27999878,30.45000076,380.0700073,60.06666565
24-02-2020,6.831999779,49.11999893,29.15999985,368.7000122,55.58599854
25-02-2020,6.551249981,47.56999969,28.26799965,360.0899963,53.32733154
26-02-2020,6.691249847,47.49000168,28.58799934,379.2399902,51.91999817
27-02-2020,6.315000057,44.00999832,27.39500046,371.7099915,45.26666641
28-02-2020,6.751749992,45.47999954,27.26199913,369.0299988,44.53266525
02-03-2020,6.910749912,47.45999908,28.49699974,381.0499878,49.57466888
03-03-2020,6.647250175,46.75,27.42499924,368.769989,49.70066833
04-03-2020,7.112750053,50.11000061,28.54500008,383.7900085,49.96666718
05-03-2020,6.832250118,48.11000061,27.40399933,372.7799988,48.30266571
06-03-2020,6.651000023,48.59000015,26.94499969,368.9700012,46.89866638
09-03-2020,6.136000156,43.27000046,24.77199936,346.4899902,40.53333282
10-03-2020,6.52699995,45.38000107,26.29000092,364.1300049,43.02199936
11-03-2020,6.16174984,45.70000076,24.59700012,349.9200134,42.2820015
12-03-2020,5.40775013,39.00999832,21.87800026,315.25,37.36999893
13-03-2020,6.020999908,43.90000153,23.42200089,336.2999878,36.44133377
16-03-2020,4.909999847,38.70999908,18.75799942,298.8399963,29.67133331
17-03-2020,5.431749821,41.88000107,19.95100021,319.75,28.68000031
18-03-2020,5.070499897,39.11999893,16.78700066,315.4700012,24.08133316
19-03-2020,5.324250221,39.81999969,19.44499969,332.0299988,28.50933266
20-03-2020,5.143750191,39.61000061,19.22200012,332.8299866,28.50200081
23-03-2020,5.317249775,41.63999939,19.34700012,360.269989,28.95266724
24-03-2020,6.229499817,46.22000122,21.27599907,357.3200073,33.66666794
25-03-2020,6.140500069,44.63000107,21.75499916,342.3900146,35.95000076
26-03-2020,6.431000233,47.5,24.31699944,362.9899902,35.21066666
27-03-2020,6.318250179,46.58000183,23.06900024,357.1199951,34.29066849
30-03-2020,6.639750004,47.86000061,24.01099968,370.9599915,33.47533417
31-03-2020,6.590000153,45.47999954,23.70999908,375.5,34.93333435
01-04-2020,6.076749802,43.65999985,22.36300087,364.0799866,32.10400009
02-04-2020,6.386750221,44.49000168,23.70599937,370.0799866,30.29800034
03-04-2020,6.097750187,42.59000015,23.4260006,361.7600098,32.00066757
06-04-2020,6.710000038,47.52000046,25.24399948,379.9599915,34.41600037
07-04-2020,6.475749969,47.56000137,25.32699966,372.2799988,36.36333466
08-04-2020,6.673749924,48.79000092,26.11000061,371.1199951,36.58933258
09-04-2020,6.573750019,48.38000107,25.43000031,370.7200012,38.20000076
10-04-2020,,,,,
13-04-2020,6.746250153,50.93999863,25.99200058,396.7200012,43.39666748
14-04-2020,7.098750114,54.93000031,26.76300049,413.5499878,47.32600021
15-04-2020,7.020999908,54.99000168,25.74399948,426.75,48.65533447
16-04-2020,7.367499828,56.95000076,25.82900047,439.1700134,49.68066788
17-04-2020,7.308000088,56.59999847,26.58799934,422.9599915,50.25933456
20-04-2020,7.176249981,56.97000122,25.82799911,437.4899902,49.75733185
21-04-2020,6.737750053,52.91999817,24.76499939,433.8299866,45.78133392
22-04-2020,7.153749943,55.91999817,25.99699974,421.4200134,48.8073349
23-04-2020,7.100249767,55.90000153,25.89299965,426.7000122,47.04199982
24-04-2020,7.239749908,56.18000031,26.4810009,424.9899902,48.3433342
27-04-2020,7.427000046,56.49000168,26.84499931,421.3800049,53.25
28-04-2020,7.28399992,55.50999832,26.47299957,403.8299866,51.27466583
29-04-2020,7.461500168,53.65999985,27.60199928,411.8900146,53.36733246
30-04-2020,7.30700016,52.38999939,27.16200066,419.8500061,52.12533188
01-05-2020,7.069499969,49.88000107,25.96999931,415.269989,46.75466537
04-05-2020,7.282249928,52.56000137,26.22599983,428.1499939,50.74599838
05-05-2020,7.343500137,52.18999863,26.48699951,424.6799927,51.2140007
06-05-2020,7.444749832,52.15999985,26.41799927,434.2600098,52.17200089
07-05-2020,7.621749878,51.95000076,26.77499962,436.5299988,52.00266647
08-05-2020,7.8125,53.18999863,27.50300026,435.5499878,54.62799835
11-05-2020,8.065500259,55.74000168,27.54000092,440.519989,54.08599854
12-05-2020,7.802499771,53.75999832,26.84499931,431.8200073,53.96066666
13-05-2020,7.78000021,52.18000031,26.31500053,438.269989,52.73066711
14-05-2020,8.030500412,54.50999832,26.65999985,441.9500122,53.55533218
15-05-2020,8.490750313,54.20000076,26.04100037,454.1900024,53.27799988
18-05-2020,8.750249863,54.59000015,27.35300064,452.5799866,54.24200058
19-05-2020,8.805500031,55.47000122,27.19499969,451.0400085,53.86733246
20-05-2020,8.970000267,56.38999939,27.86800003,447.6700134,54.3706665
21-05-2020,8.775250435,54.65000153,27.47999954,436.25,55.17333221
22-05-2020,9.026249886,55.16999817,27.66500092,429.3200073,54.45866776
25-05-2020,,,,,
26-05-2020,8.717749596,53.18999863,28.20199966,414.769989,54.59133148
27-05-2020,8.525250435,52.74000168,28.75900078,419.8900146,54.68199921
28-05-2020,8.487000465,51.74000168,28.31399918,413.4400024,53.72066879
29-05-2020,8.875499725,53.79999924,29.12700081,419.730011,55.66666794
01-06-2020,8.806249619,53.63000107,28.99900055,425.9200134,59.87333298
02-06-2020,8.825249672,53.54000092,29.80599976,427.3099976,58.77066803
03-06-2020,8.769499779,52.72999954,30.95299911,421.9700012,58.86399841
04-06-2020,8.766500473,52.63000107,30.88899994,414.3299866,57.62533188
05-06-2020,8.920000076,53.09999847,31.70800018,419.6000061,59.04399872
08-06-2020,8.805000305,52.97000122,31.75200081,419.4899902,63.32799911
09-06-2020,9.045999527,56.38999939,31.53199959,434.0499878,62.71133423
10-06-2020,9.366749763,57.43999863,31.50399971,434.480011,68.33666992
11-06-2020,8.796250343,52.83000183,29.375,425.5599976,64.85600281
12-06-2020,8.932499886,53.5,30.02499962,418.0700073,62.35200119
15-06-2020,9.173749924,54.68000031,30.4090004,425.5,66.05999756
16-06-2020,9.068499565,54.45999908,31.0720005,436.1300049,65.47533417
17-06-2020,9.236000061,54.54999924,31.34399986,447.769989,66.11933136
18-06-2020,9.218000412,54.04000092,31.87100029,449.8699951,66.93066406
19-06-2020,9.261249542,54.22999954,30.27700043,453.7200012,66.72666931
22-06-2020,9.526749611,54.75999832,31.35400009,468.0400085,66.28800201
23-06-2020,9.449999809,53.99000168,31.12999916,466.2600098,66.78533173
24-06-2020,9.235500336,52.38999939,30.6970005,457.8500061,64.05666351
25-06-2020,9.489999771,51.93000031,30.88500023,465.9100037,65.73200226
26-06-2020,9.154999733,50.09999847,30.74099922,443.3999939,63.98266602
29-06-2020,9.199999809,50.27999878,30.97800064,447.2399902,67.29000092
30-06-2020,9.497750282,52.61000061,31.56100082,455.0400085,71.98733521
01-07-2020,9.529999733,52.58000183,31.27300072,485.6400146,74.64199829
02-07-2020,9.612250328,52.34000015,31.54700089,476.8900146,80.57733154
03-07-2020,,,,,
06-07-2020,9.839249611,53.40000153,31.87899971,493.8099976,91.4386673
07-07-2020,9.871749878,52.93000031,31.31200027,493.1600037,92.65733337
08-07-2020,10.2159996,53.43000031,31.95700073,502.7799988,91.05867004
09-07-2020,10.50899982,57.25999832,32.15000153,507.7600098,92.95200348
10-07-2020,10.47924995,55.88000107,31.94400024,548.7299805,102.9766693
13-07-2020,10.05224991,53.59000015,31.13100052,525.5,99.80400085
14-07-2020,10.37699986,54.72000122,31.50799942,524.8800049,101.1200027
15-07-2020,10.2272501,55.34000015,31.37800026,523.2600098,103.0673294
16-07-2020,10.13475037,54.91999817,31.13400078,527.3900146,100.0426636
17-07-2020,10.20149994,55.04000092,31.27099991,492.9899902,100.0559998
20-07-2020,10.51074982,57.45999908,31.71299934,502.4100037,109.5333328
21-07-2020,10.32849979,57,31.43400002,490.1000061,104.5573349
22-07-2020,10.43875027,61.79000092,31.37999916,489.8200073,106.1553345
23-07-2020,10.12975025,59.56999969,30.96699905,477.5799866,100.8713303
24-07-2020,10.19449997,69.40000153,30.57900047,480.4500122,94.46666718
27-07-2020,10.42150021,68.97000122,31.26799965,495.6499939,102.6399994
28-07-2020,10.21549988,67.61000061,30.73500061,488.5100098,98.43267059
29-07-2020,10.46549988,76.08999634,30.88500023,484.480011,99.9406662
30-07-2020,10.61400032,78.19999695,31.20999908,485.7999878,99.16600037
31-07-2020,10.61474991,77.43000031,31.67499924,488.8800049,95.38400269
03-08-2020,11.01025009,77.66999817,32.1230011,498.6199951,99
04-08-2020,11.22774982,85.04000092,32.8390007,509.6400146,99.1333313
05-08-2020,11.28674984,85.30999756,32.95399857,502.1099854,99.00133514
06-08-2020,11.33549976,86.70999908,32.91600037,509.0799866,99.305336
07-08-2020,11.19950008,84.84999847,32.5929985,494.730011,96.84733582
10-08-2020,11.16499996,82.23999786,32.73600006,483.3800049,94.57133484
11-08-2020,10.85000038,76.87999725,32.40299988,466.9299927,91.62599945
12-08-2020,11.4402504,82.61000061,33.36399841,475.4700012,103.6506653
13-08-2020,11.44299984,81.83999634,32.94200134,481.3299866,108.0666656
14-08-2020,11.56400013,81.30000305,32.7820015,482.6799927,110.0473328
17-08-2020,12.33699989,82.41999817,33.0320015,482.3500061,122.3759995
18-08-2020,12.26074982,81.66000366,32.86399841,491.8699951,125.8059998
19-08-2020,12.13850021,81.08999634,32.92100143,484.5299988,125.2353363
20-08-2020,12.14099979,82.76999664,32.88299942,497.8999939,133.4553375
21-08-2020,12.68350029,83.80999756,33.0019989,492.3099976,136.665329
24-08-2020,12.72025013,83.08000183,33.40000153,488.8099976,134.2799988
25-08-2020,12.75,86.34999847,33.61399841,490.5799866,134.889328
26-08-2020,12.77299976,86.01999664,33.96699905,547.5300293,143.5446625
27-08-2020,12.62825012,83.80000305,33.91400146,526.2700195,149.25
28-08-2020,13.1477499,85.55000305,34.48199844,523.8900146,147.5599976
31-08-2020,13.37450027,90.81999969,34.71500015,529.5599976,166.1066742
01-09-2020,13.8210001,92.18000031,35.95399857,556.5499878,158.3500061
02-09-2020,14.3465004,90.22000122,37.50099945,552.8400269,149.1233368
03-09-2020,13.01550007,82.54000092,35.20899963,525.75,135.6666718
04-09-2020,12.62250042,82.01000214,36.29499817,516.0499878,139.4400024
07-09-2020,,,,,
08-09-2020,11.91300011,78.69000244,35.05400085,507.019989,110.0699997
09-09-2020,12.71500015,81.91000366,36.00299835,500.1900024,122.0933304
10-09-2020,12.31175041,78.98000336,35.70800018,480.6700134,123.7799988
11-09-2020,12.16450024,76.33999634,35.97000122,482.0299988,124.2399979
14-09-2020,12.8722496,77.90000153,36.22000122,476.2600098,139.8733368
15-09-2020,12.99100018,78.93000031,36.69100189,495.9899902,149.9199982
16-09-2020,12.51449966,76.66000366,36.70399857,483.8599854,147.2533264
17-09-2020,12.46350002,76.55000305,36.59199905,470.2000122,141.1433258
18-09-2020,12.18924999,74.93000031,35.97299957,469.9599915,147.3833313
21-09-2020,12.51725006,77.94000244,35.17900085,487.3500061,149.7966614
22-09-2020,12.63774967,77.69999695,36.1590004,491.1700134,141.4100037
23-09-2020,12.12374973,74.73000336,35.1590004,470.6099854,126.7866669
24-09-2020,12.34799957,75.81999969,35.2519989,473.0799866,129.2633362
25-09-2020,12.87374973,78.05999756,35.68000031,482.8800049,135.7799988
28-09-2020,13.03499985,79.48000336,36.72999954,490.6499939,140.3999939
29-09-2020,13.22574997,81.76999664,36.42599869,493.480011,139.6900024
30-09-2020,13.53050041,81.98999786,36.43199921,500.0299988,143.0033264
01-10-2020,13.61450005,84.86000061,36.86000061,527.5100098,149.386673
02-10-2020,13.06225014,81.80000305,35.68299866,503.0599976,138.363327
05-10-2020,13.64249992,86.15000153,36.61000061,520.6500244,141.8933258
06-10-2020,13.73649979,84.48000336,36.39799881,505.8699951,137.9933319
07-10-2020,13.96399975,86.69000244,36.67399979,534.6599731,141.7666626
08-10-2020,13.83874989,86.51000214,37.33300018,531.789978,141.9733276
09-10-2020,13.76274967,83.09999847,37.66999817,539.4400024,144.6666718
12-10-2020,14.22599983,84.29000092,38.24300003,539.8099976,147.4333344
13-10-2020,14.24825001,85.27999878,38.14899826,554.0900269,148.8833313
14-10-2020,14.09525013,84.20999908,38.02999878,541.4500122,153.7666626
15-10-2020,13.97000027,83.12999725,37.99300003,541.9400024,149.6266632
16-10-2020,13.8114996,83.16999817,37.86500168,530.789978,146.5566711
19-10-2020,13.49775028,82,37.57699966,530.7199707,143.6100006
20-10-2020,13.64550018,81.55999756,37.69900131,525.4199829,140.6466675
21-10-2020,13.52474976,79.19999695,37.20500183,489.0499878,140.8800049
22-10-2020,13.36100006,79.41999817,37.3370018,485.230011,141.9299927
23-10-2020,13.59025002,81.95999908,37.27199936,488.2799988,140.2100067
26-10-2020,13.14124966,82.23000336,36.30400085,488.2399902,140.093338
27-10-2020,13.39675045,78.87999725,35.95999908,488.9299927,141.5599976
28-10-2020,12.62699986,76.40000153,34.72100067,486.2399902,135.3399963
29-10-2020,13.02400017,78.01999664,35.50099945,504.2099915,136.9433289
30-10-2020,12.5340004,75.29000092,34.96300125,475.7399902,129.3466644
02-11-2020,12.58075047,74.69999695,35.125,484.1199951,133.5033264
03-11-2020,13.01949978,76.58000183,35.37599945,487.2200012,141.3000031
04-11-2020,13.79424953,81.34999847,36.46300125,496.9500122,140.3266602
05-11-2020,14.15999985,83,38.0870018,513.7600098,146.0299988
06-11-2020,14.56200027,85.87999725,38.06200027,514.7299805,143.3166656
09-11-2020,13.6307497,83.12000275,37.55400085,470.5,140.4199982
10-11-2020,12.77000046,77.98999786,36.31299973,480.2399902,136.7866669
11-11-2020,13.41800022,81.27999878,37.59199905,490.7600098,139.043335
12-11-2020,13.45674992,81.83999634,37.02000046,486.769989,137.2533264
13-11-2020,13.29699993,81.43000031,37.34999847,482.8399963,136.1666718
16-11-2020,13.51525021,83.73000336,38.08100128,479.1000061,136.0299988
17-11-2020,13.42224979,83.36000061,38.06000137,480.6300049,147.2033386
18-11-2020,13.42875004,82.54000092,38.06200027,481.7900085,162.2133331
19-11-2020,13.4402504,85.54000092,38.43299866,484.6700134,166.4233398
20-11-2020,13.08775043,84.63999939,38.33300018,488.2399902,163.2033386
23-11-2020,13.14000034,85.30999756,38.70000076,476.6199951,173.9499969
24-11-2020,12.95775032,85.06999969,39.22299957,482.8800049,185.1266632
25-11-2020,13.23474979,86.70999908,39.08300018,485,191.3333282
26-11-2020,,,,,
27-11-2020,13.26124954,87.19000244,39.49499893,491.3599854,195.2533264
30-11-2020,13.40149975,92.66000366,40.15800095,490.7000122,189.1999969
01-12-2020,13.39000034,92.62999725,40.45700073,504.5799866,194.9199982
02-12-2020,13.54450035,93.73999786,40.3730011,503.3800049,189.6066742
03-12-2020,13.39599991,92.30999756,39.97999954,497.519989,197.793335
04-12-2020,13.55825043,94.04000092,41.16799927,498.3099976,199.6799927
07-12-2020,13.60674953,94.06999969,42.0890007,515.7800293,213.9199982
08-12-2020,13.35000038,92.91999817,42.3409996,512.6599731,216.6266632
09-12-2020,12.93074989,89.83000183,41.62200165,493.6000061,201.4933319
10-12-2020,12.97224998,91.66000366,41.00400162,501.0899963,209.0233307
11-12-2020,13.01325035,91.65000153,40.58200073,503.2200012,203.3300018
14-12-2020,13.30875015,94.77999878,41.18000031,522.4199829,213.2766724
15-12-2020,13.36050034,97.12000275,41.80599976,519.7800293,211.0833282
16-12-2020,13.24250031,96.84999847,42.49000168,524.8300171,207.5899963
17-12-2020,13.34125042,96.83999634,42.61000061,532.9000244,218.6333313
18-12-2020,13.27200031,95.91999817,43.45600128,534.4500122,231.6666718
21-12-2020,13.33224964,93.23000336,42.88800049,528.9099731,216.6199951
22-12-2020,13.27824974,93.16000366,43.31000137,527.3300171,213.4466705
23-12-2020,13.00924969,91.55000305,42.54600143,514.4799805,215.3266602
24-12-2020,12.99374962,91.80999756,43.14599991,513.9699707,220.5899963
25-12-2020,,,,,
28-12-2020,12.89999962,91.59999847,43.18799973,519.1199951,221.2299957
29-12-2020,12.9432497,90.62000275,42.90399933,530.8699951,221.9966736
30-12-2020,13.14575005,92.29000092,43.48300171,524.5900269,231.593338
31-12-2020,13.05500031,91.70999908,43.78499985,540.7299805,235.2233276
01-01-2021,,,,,
04-01-2021,13.11349964,92.30000305,42.52199936,522.8599854,243.2566681
05-01-2021,13.40474987,92.76999664,42.81000137,520.7999878,245.0366669
06-01-2021,12.61450005,90.33000183,42.54600143,500.4899902,251.9933319
07-01-2021,13.34399986,95.16000366,44.3390007,508.8900146,272.0133362
08-01-2021,13.27674961,94.58000183,44.56399918,510.3999939,293.3399963
11-01-2021,13.62150002,97.25,44.57600021,499.1000061,270.3966675
12-01-2021,13.48474979,95.36000061,44.93899918,494.25,283.1466675
13-01-2021,13.53174973,91.77999878,45.12099838,507.7900085,284.8033447
14-01-2021,13.20024967,90.79000092,45.20700073,500.8599854,281.6666565
15-01-2021,12.85949993,88.20999908,44.58499908,497.980011,275.3866577
18-01-2021,,,,,
19-01-2021,13.02525043,89.44999695,45.92699814,501.769989,281.5166626
20-01-2021,13.36575031,88.75,46.18799973,586.3400269,283.4833374
21-01-2021,13.86750031,91.52999878,46.68199921,579.8400269,281.6633301
22-01-2021,13.71249962,92.79000092,46.5019989,565.1699829,282.2133179
25-01-2021,13.65324974,94.12999725,46.47900009,556.7800293,293.6000061
26-01-2021,13.43525028,94.70999908,46.38700104,561.9299927,294.3633423
27-01-2021,12.91775036,88.83999634,44.47000122,523.2800293,288.0533447
28-01-2021,13.05099964,87.51999664,45.17399979,538.5999756,278.4766541
29-01-2021,12.98974991,85.63999939,45.04999924,532.3900146,264.5100098
01-02-2021,13.23700047,87.66000366,46.67399979,539.039978,279.936676
02-02-2021,13.5567503,88.86000061,47.68799973,548.1599731,290.9299927
03-02-2021,13.53050041,87.88999939,46.51900101,539.4500122,284.8966675
04-02-2021,13.66425037,87.83999634,47.06299973,552.1599731,283.3299866
05-02-2021,13.5909996,87.90000153,46.60100174,550.789978,284.0766602
08-02-2021,14.43875027,91.47000122,47.27000046,547.9199829,287.8066711
09-02-2021,14.26325035,90.91000366,47.46300125,559.0700073,283.1533203
10-02-2021,14.7642498,92.34999847,47.00500107,563.5900269,268.2733459
11-02-2021,15.25074959,92.66000366,47.8390007,557.5900269,270.5533447
12-02-2021,14.96125031,93.76999664,48.63199997,556.5200195,272.0400085
15-02-2021,,,,,
16-02-2021,15.33024979,91.45999908,48.9129982,557.2800293,265.4066772
17-02-2021,14.90600014,89.94000244,48.2480011,551.3400269,266.0499878
18-02-2021,14.82900047,88.63999939,48.32600021,548.2199707,262.4599915
19-02-2021,14.92650032,89.58000183,48.99599838,540.2199707,260.4333191
22-02-2021,14.35575008,85.37000275,47.63600159,533.7800293,238.1666718
23-02-2021,14.1420002,84.73999786,47.18999863,546.1500244,232.9466705
24-02-2021,14.4989996,86.94000244,48.08800125,553.4099731,247.3399963
25-02-2021,13.30749989,82.41999817,45.7159996,546.7000122,227.406662
26-02-2021,13.71450043,84.51000214,46.98699951,538.8499756,225.1666718
01-03-2021,13.84175014,86.38999939,48.95800018,550.6400146,239.4766693
02-03-2021,13.40625,84.12999725,48.05099869,547.8200073,228.8133392
03-03-2021,12.80475044,80.86000061,46.30599976,520.7000122,217.7333374
04-03-2021,12.37024975,77.75,44.35900116,511.2900085,207.1466675
05-03-2021,12.46150017,78.51999664,45.01399994,516.3900146,199.3166656
08-03-2021,11.59325027,73.95999908,42.125,493.3299866,187.6666718
09-03-2021,12.52025032,78.52999878,44.36000061,506.4400024,224.5266724
10-03-2021,12.46825027,77.51999664,43.75899887,504.5400085,222.6866608
11-03-2021,12.99349976,81.23000336,45.36899948,523.0599976,233.1999969
12-03-2021,12.85599995,81.05000305,45.11700058,518.0200195,231.2433319
15-03-2021,13.19124985,82.5,47.07699966,520.25,235.9799957
16-03-2021,13.29125023,82.75,47.81800079,524.0300293,225.6266632
17-03-2021,13.34125042,82.62999725,48.35900116,524.4400024,233.9366608
18-03-2021,12.72249985,78.12000275,46.41500092,504.7900085,217.7200012
19-03-2021,12.84574986,79.05999756,47.44599915,512.1799927,218.2899933
22-03-2021,13.18624973,80.30000305,47.52799988,523.1099854,223.3333282
23-03-2021,13.07075024,78.37999725,46.40599823,535.0900269,220.7200012
24-03-2021,12.64299965,76.48000336,45.72700119,520.8099976,210.0899963
25-03-2021,12.53524971,76.22000122,46.16999817,502.8599854,213.4633331
26-03-2021,12.83924961,77.41000366,48.20399857,508.0499878,206.2366638
29-03-2021,12.94824982,77.13999939,47.26200104,513.9500122,203.7633362
30-03-2021,12.87174988,76,45.61600113,513.3900146,211.8733368
31-03-2021,13.34825039,78.5,46.36600113,521.6599731,222.6433258
01-04-2021,13.81175041,81.08999634,47.59500122,539.4199829,220.5833282
02-04-2021,,,,,
05-04-2021,13.98750019,81.43000031,48.84799957,540.6699829,230.3500061
06-04-2021,13.86149979,81.44000244,48.38700104,544.5300293,230.5399933
07-04-2021,14.14350033,82.19999695,48.24599838,546.9899902,223.656662
08-04-2021,14.31700039,83.34999847,48.54800034,554.5800171,227.9333344
09-04-2021,14.39999962,82.76000214,48.50899887,555.3099976,225.6733398
12-04-2021,15.20899963,78.58000183,48.36700058,552.7800293,233.9933319
13-04-2021,15.67949963,80.19000244,48.49599838,553.7299805,254.1066742
14-04-2021,15.27700043,78.55000305,47.72999954,540.0200195,244.0766602
15-04-2021,16.1372509,83.01000214,48,549.2199707,246.2833405
16-04-2021,15.91250038,82.15000153,47.87900162,546.539978,246.593338
19-04-2021,15.36174965,81.11000061,46.20000076,554.4400024,238.2100067
20-04-2021,15.17125034,79.26999664,45.72600174,549.5700073,239.6633301
21-04-2021,15.36050034,81.61000061,45.97900009,508.8999939,248.0399933
22-04-2021,14.85025024,79.05999756,45.51100159,508.7799988,239.8966675
23-04-2021,15.26525021,82.76000214,46.61299896,505.5499878,243.1333313
26-04-2021,15.47799969,85.41000366,47.18500137,510.2999878,246.0666656
27-04-2021,15.38175011,85.20999908,46.63499832,505.5499878,234.9133301
28-04-2021,15.27674961,84.01999664,45.91999817,506.519989,231.4666595
29-04-2021,15.32474995,83.91000366,46.62900162,509,225.6666718
30-04-2021,15.00949955,81.62000275,45.61999893,513.4699707,236.4799957
03-05-2021,14.83675003,78.55000305,45.01399994,509.1099854,228.3000031
04-05-2021,14.35124969,78.61000061,44.45399857,503.1799927,224.5333405
05-05-2021,14.45849991,77.83000183,44.38299942,496.0799866,223.6466675
06-05-2021,14.52299976,77.88999939,44.85800171,499.5499878,221.1799927
07-05-2021,14.81225014,78.80999756,45.25799942,503.8399963,224.1233368
10-05-2021,14.26574993,75.98999786,43.61000061,486.6900024,209.6799927
11-05-2021,14.30624962,76.83000183,44.00699997,495.0799866,205.7333374
12-05-2021,13.7585001,74.63999939,42.23799896,484.980011,196.6300049
13-05-2021,13.66524982,73.08999634,43.06000137,486.6600037,190.5633392
14-05-2021,14.24300003,74.58999634,44.16199875,493.3699951,196.5800018
17-05-2021,14.16549969,74.65000153,43.99399948,488.9400024,192.2766724
18-05-2021,14.01574993,74.44000244,43.37400055,486.2799988,192.6233368
19-05-2021,14.06575012,76.23000336,44.17200089,487.7000122,187.8200073
20-05-2021,14.61250019,78.05999756,45.5,501.6700134,195.593338
21-05-2021,14.99174976,77.16999817,45.12400055,497.8900146,193.6266632
24-05-2021,15.61200047,77.44000244,45.91899872,502.8999939,202.1466675
25-05-2021,15.6477499,77.86000061,45.95399857,501.3399963,201.5633392
26-05-2021,15.69999981,78.33999634,46.04899979,502.3599854,206.3766632
27-05-2021,15.48799992,78.41999817,46.76800156,503.8599854,210.2833405
28-05-2021,16.24449921,80.08000183,47.23300171,502.8099976,208.406662
31-05-2021,,,,,
01-06-2021,16.26449966,80.80999756,46.83100128,499.0799866,207.9666595
02-06-2021,16.77824974,81.97000122,47.3730011,499.2399902,201.706665
03-06-2021,16.96974945,80.27999878,46.47999954,489.4299927,190.9466705
04-06-2021,17.57825089,81.58000183,47.5,494.7399902,199.6833344
07-06-2021,17.61899948,81.34999847,46.37799835,494.6600037,201.7100067
08-06-2021,17.45700073,80.88999939,46.35300064,492.3900146,201.1966705
09-06-2021,17.35824966,79.95999908,46.39300156,485.8099976,199.593338
10-06-2021,17.42499924,81.55999756,46.86700058,487.269989,203.3733368
11-06-2021,17.82525063,81.30999756,47.06999969,488.769989,203.2966614
14-06-2021,18.01874924,81.55000305,47.58300018,499.8900146,205.8966675
15-06-2021,17.78849983,80.47000122,47.07400131,491.8999939,199.7866669
16-06-2021,17.81024933,80.11000061,46.57500076,492.4100037,201.6233368
17-06-2021,18.65724945,84.55999756,47.11700058,498.3399963,205.5333405
18-06-2021,18.63875008,84.65000153,46.34999847,500.769989,207.7700043
21-06-2021,18.42724991,82.58999634,46.46099854,497,206.9433289
22-06-2021,18.88674927,83.58000183,46.44499969,508.8200073,207.9033356
23-06-2021,19.05724907,83.81999969,46.66600037,512.7399902,218.8566742
24-06-2021,19.20549965,86.09999847,47.00600052,518.0599976,226.6066742
25-06-2021,19.03100014,85.62000275,46.22000122,527.0700073,223.956665
28-06-2021,19.98500061,87.08000183,47.27999878,533.0300293,229.5733337
29-06-2021,20.02675056,89.51999664,47.71500015,533.5,226.9199982
30-06-2021,20.00250053,93.93000031,47.68399811,528.210022,226.5666656
01-07-2021,20.21199989,93.30999756,46.9640007,533.539978,225.9733276
02-07-2021,20.48699951,94.69999695,46.81700134,533.9799805,226.3000031
05-07-2021,,,,,
06-07-2021,20.69849968,94.47000122,47.32799911,541.6400146,219.8600006
07-07-2021,20.37174988,90.54000092,46.95399857,535.960022,214.8833313
08-07-2021,19.90275002,89.73999786,47.04999924,530.7600098,217.6033325
09-07-2021,20.0502491,90.90000153,48.01800156,535.9799805,218.9833374
12-07-2021,20.51250076,90.80999756,48.57500076,537.3099976,228.5666656
13-07-2021,20.25,90.26000214,48.40100098,540.6799927,222.8466644
14-07-2021,19.84149933,89.05000305,48.1590004,547.9500122,217.793335
15-07-2021,18.96624947,86.93000031,47.73400116,542.9500122,216.8666687
16-07-2021,18.1609993,85.88999939,46.80699921,530.3099976,214.7400055
19-07-2021,18.77975082,86.58000183,46.56700134,532.2800293,215.406662
20-07-2021,18.61199951,87.11000061,46.85900116,531.0499878,220.1666718
21-07-2021,19.40999985,89.41000366,47.90200043,513.6300049,218.4299927
22-07-2021,19.59399986,91.20999908,47.63299942,511.769989,216.4199982
23-07-2021,19.55800056,92.15000153,48.31499863,515.4099731,214.4600067
26-07-2021,19.29400063,91.81999969,48.22399902,516.4899902,219.206665
27-07-2021,19.20800018,91.02999878,47.5359993,518.9099731,214.9266663
28-07-2021,19.50300026,97.93000031,47.76499939,519.2999878,215.6600037
29-07-2021,19.66200066,102.9499969,48.4109993,514.25,225.7833405
30-07-2021,19.49900055,106.1900024,48.54000092,517.5700073,229.0666656
02-08-2021,19.75,108.6299973,48.4679985,515.1500244,236.5566711
03-08-2021,19.81500053,112.5599976,48.67900085,510.8200073,236.5800018
04-08-2021,20.27400017,118.7699966,48.77999878,517.3499756,236.9733276
05-08-2021,20.63699913,112.3499985,48.76699829,524.8900146,238.2100067
06-08-2021,20.36599922,110.1100006,48.54299927,520.5499878,233.0333405
09-08-2021,20.29500008,107.5800018,48.4679985,519.9699707,237.9199982
10-08-2021,19.93600082,106.4800034,48.22600174,515.8400269,236.6633301
11-08-2021,19.6989994,107.6800003,48.35499954,512.4000244,235.9400024
12-08-2021,19.90500069,106.5,48.42599869,510.7200012,240.75
13-08-2021,20.18799973,110.5500031,48.61600113,515.9199829,239.0566711
16-08-2021,19.95000076,107.4800034,48.81399918,517.9199829,228.7233276
17-08-2021,19.45800018,107.5599976,47.86899948,518.9099731,221.9033356
18-08-2021,19.04000092,103.4400024,46.89699936,521.8699951,229.6633301
19-08-2021,19.79800034,103.6999969,47.35300064,543.710022,224.4900055
20-08-2021,20.81599998,104.6500015,47.51699829,546.8800049,226.7533264
23-08-2021,21.95800018,108.7699966,48.24499893,553.3300171,235.4333344
24-08-2021,21.79299927,107.6500015,48.14300156,553.4099731,236.1633301
25-08-2021,22.21299934,108.3000031,48.3409996,547.5800171,237.0666656
26-08-2021,22.06800079,107.2699966,48.57400131,550.1199951,233.7200012
27-08-2021,22.63599968,111.4000015,49.59400177,558.9199829,237.3066711
30-08-2021,22.68799973,111.3199997,49.88899994,566.1799927,243.636673
31-08-2021,22.38500023,110.7200012,49.72100067,569.1900024,245.2400055
01-09-2021,22.44099998,109.9899979,49.31600189,582.0700073,244.6966705
02-09-2021,22.39599991,109.1999969,49.18999863,588.5499878,244.1300049
03-09-2021,22.84300041,109.9199982,49.76800156,590.5300293,244.5233307
06-09-2021,,,,,
07-09-2021,22.66200066,109.1500015,49.6590004,606.710022,250.9733276
08-09-2021,22.3390007,106.1699982,49.43799973,606.0499878,251.2899933
09-09-2021,22.17700005,106.1500015,49.34899902,597.539978,251.6199951
10-09-2021,22.47800064,105.1999969,49.81499863,598.7199707,245.4233398
13-09-2021,22.15200043,104.8000031,49.89599991,589.289978,247.6666718
14-09-2021,22.24200058,105.7300034,50.18700027,577.7600098,248.1633301
15-09-2021,22.3409996,105.5999985,50.97399902,582.8699951,251.9433289
16-09-2021,22.24200058,106.2200012,50.73500061,586.5,252.3300018
17-09-2021,21.89999962,103.8799973,50.59999847,589.3499756,253.1633301
20-09-2021,21.11300087,101.5500031,49.48199844,575.4299927,243.3899994
21-09-2021,21.24600029,102.8199997,49.09899902,573.1400146,246.4600067
22-09-2021,21.94099998,104.3799973,50.05899811,590.6500244,250.6466675
23-09-2021,22.48200035,106.1500015,50.43000031,593.2600098,251.2133331
24-09-2021,22.08099937,105.8000031,50.49200058,592.3900146,258.1300049
27-09-2021,21.65999985,108.1600037,50.48500061,592.6400146,263.7866821
28-09-2021,20.6989994,101.5199966,49.10200119,583.8499756,259.186676
29-09-2021,20.5170002,100.3499985,48.94800186,599.0599976,260.436676
30-09-2021,20.7159996,102.9000015,48.49300003,610.3400269,258.4933472
01-10-2021,20.74200058,102.4499969,48.73500061,613.1500244,258.4066772
04-10-2021,19.73200035,100.3399963,47.59500122,603.3499756,260.5100098
05-10-2021,20.45100021,101.8099976,48.54199982,634.8099976,260.1966553
06-10-2021,20.70000076,103.6399994,48.87799835,639.0999756,260.9166565
07-10-2021,21.07500076,106.4499969,49.39199829,631.8499756,264.5366821
08-10-2021,20.83099937,105.0599976,49.28499985,632.6599731,261.8299866
11-10-2021,20.69499969,104.6800003,49.23400116,627.039978,263.980011
12-10-2021,20.67099953,105.0400009,48.52799988,624.9400024,268.5733337
13-10-2021,20.93899918,109.1600037,48.50099945,629.7600098,270.3599854
14-10-2021,21.74600029,111.9899979,49.75999832,633.7999878,272.7733459
15-10-2021,21.86199951,112.1200027,50.32500076,628.289978,281.0100098
18-10-2021,22.22200012,116.4300003,50.33599854,637.9699707,290.0366821
19-10-2021,22.29000092,116.3300018,51.03900146,639,288.0899963
20-10-2021,22.10300064,116.3899994,50.93899918,625.1400146,288.6000061
21-10-2021,22.69199944,119.3300018,51.41500092,653.1599731,298
22-10-2021,22.72599983,119.8199997,51.54100037,664.7800293,303.2266541
25-10-2021,23.16600037,122.3600006,52.20700073,671.6599731,341.6199951
26-10-2021,24.71699905,122.9300003,53.38700104,668.5200195,339.4766541
27-10-2021,24.45100021,122.2799988,52.31100082,662.9199829,345.9533386
28-10-2021,24.94099998,121.1600037,52.95700073,674.0499878,359.0133362
29-10-2021,25.56699944,120.2300034,53.16699982,690.3099976,371.3333435
01-11-2021,25.82699966,125.2300034,52.80500031,681.1699829,402.8633423
02-11-2021,26.40099907,127.6299973,53.70700073,677.7199707,390.6666565
03-11-2021,26.59799957,130.5299988,54.23699951,688.289978,404.6199951
04-11-2021,29.8010006,137.5,54.86199951,668.4000244,409.9700012
05-11-2021,29.75200081,136.3399963,55.89199829,645.7199707,407.3633423
08-11-2021,30.80400085,150.1600037,55.89500046,651.4500122,387.6466675
09-11-2021,30.65699959,148.9199982,55.77999878,655.9899902,341.1666565
10-11-2021,29.45899963,139.8699951,54.8769989,646.9099731,355.9833374
11-11-2021,30.38999939,146.0099945,55.54000092,657.5800171,354.5033264
12-11-2021,30.38999939,147.8899994,56.3219986,682.6099854,344.4733276
15-11-2021,30.02499962,146.4900055,56.57699966,679.3300171,337.7966614
16-11-2021,30.20299911,152.4499969,56.8769989,687.4000244,351.5766602
17-11-2021,29.26099968,151.3399963,56.9640007,691.6900024,363.0033264
18-11-2021,31.67499924,155.0200043,57.48099899,682.0200195,365.4599915
19-11-2021,32.98500061,155.4100037,56.87200165,678.7999878,379.019989
22-11-2021,31.95599937,152.5200043,55.32799911,659.2000122,385.6233215
23-11-2021,31.74600029,149.9199982,55.51200104,654.0599976,369.6766663
24-11-2021,32.67399979,157.8000031,55.8730011,658.289978,372
25-11-2021,,,,,
26-11-2021,31.50300026,154.8099976,54.6590004,665.6400146,360.6400146
29-11-2021,33.37599945,161.9100037,56.43399811,663.8400269,378.9966736
30-11-2021,32.67599869,158.3699951,55.36800003,641.9000244,381.5866699
01-12-2021,31.43499947,149.1100006,55.47600174,617.7700195,365
02-12-2021,32.12599945,150.6799927,55.24499893,616.4699707,361.5333252
03-12-2021,30.69300079,144.0099945,55.81200027,602.1300049,338.3233337
06-12-2021,30.03700066,139.0599976,56.4980011,612.6900024,336.3366699
07-12-2021,32.42699814,144.8500061,59.04000092,625.5800171,350.5833435
08-12-2021,31.82600021,145.2400055,58.85599899,628.0800171,356.3200073
09-12-2021,30.48999977,138.1000061,58.34199905,611,334.6000061
10-12-2021,30.19799995,138.5500031,63.16799927,611.6599731,339.0100098
13-12-2021,28.1609993,133.8000031,62.16600037,604.5599976,322.1366577
14-12-2021,28.33699989,135.6000061,61.49100113,597.9899902,319.5033264
15-12-2021,30.45899963,146.5,63.98600006,605.039978,325.3299866
16-12-2021,28.38699913,138.6399994,62.06800079,591.0599976,308.9733276
17-12-2021,27.8010006,137.75,63.49599838,586.7299805,310.8566589
20-12-2021,27.71899986,135.8000031,64.50299835,593.7399902,299.980011
21-12-2021,29.07500076,144.25,64.62400055,604.9199829,312.8433228
22-12-2021,29.39999962,143.8800049,65.51999664,614.2399902,336.2900085
23-12-2021,29.63999939,146.1399994,66.48000336,614.0900269,355.6666565
24-12-2021,,,,,
27-12-2021,30.94499969,154.3600006,67.4280014,613.1199951,364.6466675
28-12-2021,30.3220005,153.1499939,66.90000153,610.710022,362.8233337
29-12-2021,30.00099945,148.2599945,67.26100159,610.539978,362.063324
30-12-2021,29.58600044,145.1499939,66.50800323,612.0900269,356.7799988
31-12-2021,29.4109993,143.8999939,66.54100037,602.4400024,352.2600098
03-01-2022,30.12100029,150.2400055,66.33200073,597.3699951,399.9266663
04-01-2022,29.29000092,144.4199982,67.09200287,591.1500244,383.1966553
05-01-2022,27.60400009,136.1499939,64.30000305,567.5200195,362.706665
06-01-2022,28.1779995,136.2299957,63.70299911,553.289978,354.8999939
07-01-2022,27.24699974,132,61.91500092,541.0599976,342.3200073
10-01-2022,27.39999962,132,62.11600113,539.8499756,352.706665
11-01-2022,27.81699944,137.3099976,62.20500183,540.8400269,354.7999878
12-01-2022,27.99900055,137.4700012,62.20000076,537.2199707,368.7399902
13-01-2022,26.57500076,132.7400055,59.71900177,519.2000122,343.8533325
14-01-2022,26.94199944,136.8800049,59.63700104,525.6900024,349.8699951
17-01-2022,,,,,
18-01-2022,25.90299988,131.9299927,57.77899933,510.7999878,343.5033264
19-01-2022,25.06699944,128.2700043,56.39699936,515.8599854,331.8833313
20-01-2022,24.14999962,121.8899994,54.77199936,508.25,332.0899963
21-01-2022,23.37400055,118.8099976,53.32300186,397.5,314.6333313
24-01-2022,23.37199974,116.5299988,54.15800095,387.1499939,310
25-01-2022,22.3239994,111.1299973,53.41400146,366.4200134,306.1333313
26-01-2022,22.77199936,110.7099991,55.7120018,359.7000122,312.4700012
27-01-2022,21.94400024,102.5999985,54.23099899,386.7000122,276.3666687
28-01-2022,22.84000015,105.2399979,56.00999832,384.3599854,282.1166687
31-01-2022,24.48600006,114.25,58.58800125,427.1400146,312.2399902
01-02-2022,24.63800049,116.7799988,59.27199936,457.1300049,310.4166565
02-02-2022,25.24200058,122.7600021,60.3429985,429.480011,301.8866577
03-02-2022,23.94799995,120.0800018,58.08499908,405.6000061,297.0466614
04-02-2022,24.31900024,123.5999985,59.01599884,410.1700134,307.7733459
07-02-2022,24.72800064,123.6699982,58.76300049,402.1000061,302.4466553
08-02-2022,25.1079998,128.2299957,60.02199936,403.5299988,307.3333435
09-02-2022,26.70499992,132.8500061,61.13399887,412.8900146,310.6666565
10-02-2022,25.8239994,125.7699966,59.13600159,406.269989,301.5166626
11-02-2022,23.9489994,113.1800003,57.34199905,391.3099976,286.6666565
14-02-2022,24.2670002,114.2699966,57.85800171,396.5700073,291.9200134
15-02-2022,26.49500084,121.4700012,60.27700043,407.4599915,307.4766541
16-02-2022,26.51099968,117.6900024,59.72100067,398.0799866,307.7966614
17-02-2022,24.50699997,112.3700027,57.90000153,386.6700134,292.1166687
18-02-2022,23.6420002,113.8300018,57.99900055,391.2900085,285.6600037
21-02-2022,,,,,
22-02-2022,23.38999939,115.6500015,57.74599838,377.3800049,273.8433228
23-02-2022,22.38699913,109.7600021,56.51900101,367.4599915,254.6799927
24-02-2022,23.74799919,116.6100006,58,390.0299988,266.9233398
25-02-2022,24.15699959,121.0599976,58.80099869,390.7999878,269.956665
28-02-2022,24.38500023,123.3399963,58.74399948,394.519989,290.1433411
01-03-2022,23.47699928,113.8300018,57.01200104,386.2399902,288.1233215
02-03-2022,24.21999931,118.2799988,58.57799911,380.0299988,293.2966614
03-03-2022,23.7140007,111.9800034,57.86000061,368.0700073,279.7633362
04-03-2022,22.93600082,108.4100037,59.59899902,361.730011,279.4299927
07-03-2022,21.35199928,102.9499969,57.06999969,350.2600098,268.1933289
08-03-2022,21.51399994,105.5299988,57.59500122,341.7600098,274.7999878
09-03-2022,23.01399994,111.0500031,59.70199966,358.7900085,286.3233337
10-03-2022,22.65800095,106.4599991,58.77299881,356.769989,279.4333191
11-03-2022,22.10000038,104.2900009,57.78499985,340.3200073,265.1166687
14-03-2022,21.32999992,102.25,56.77999878,331.0100098,255.456665
15-03-2022,22.97299957,109.3300018,59.27600098,343.75,267.2966614
16-03-2022,24.49600029,115.3700027,60.7120018,357.5299988,280.0766602
17-03-2022,24.76600075,111.6900024,60.26699829,371.3999939,290.5333252
18-03-2022,26.45299911,113.4599991,61.04100037,380.6000061,301.7966614
21-03-2022,26.73399925,115.9199982,60.12900162,374.5899963,307.0533447
22-03-2022,26.52400017,114.7799988,61.13399887,382.9200134,331.3266602
23-03-2022,25.63400078,113.9199982,59.93799973,374.4899902,333.0366821
24-03-2022,28.14999962,120.5299988,62.64300156,375.7099915,337.9733276
25-03-2022,27.69199944,119.6699982,62.88700104,373.8500061,336.8800049
28-03-2022,28.21899986,120.2399979,63.2879982,378.5100098,363.9466553
29-03-2022,28.65600014,123.2300034,64.14700317,391.8200073,366.5233459
30-03-2022,27.69000053,119.2200012,63.10900116,381.4700012,364.6633301
31-03-2022,27.2859993,109.3399963,62.9679985,374.5899963,359.2000122
01-04-2022,26.71199989,108.1900024,62.69800186,373.4700012,361.5299988
04-04-2022,27.36000061,110.5299988,63.48500061,391.5,381.8166809
05-04-2022,25.93099976,106.8199997,61.41199875,380.1499939,363.7533264
06-04-2022,24.40699959,103.6699982,60.20000076,368.3500061,348.5866699
07-04-2022,24.20800018,103.7200012,60.30500031,362.1499939,352.4200134
08-04-2022,23.11899948,101,58.70000076,355.8800049,341.8299866
11-04-2022,21.91699982,97.37000275,58.06100082,348,325.3099976
12-04-2022,21.50399971,95.09999847,58.50699997,344.1000061,328.9833374
13-04-2022,22.20299911,97.73999786,59.25400162,350.4299927,340.7900085
14-04-2022,21.25799942,93.05999756,57.38499832,341.1300049,328.3333435
15-04-2022,,,,,
18-04-2022,21.78300095,93.88999939,58.65000153,337.8599854,334.7633362
19-04-2022,22.19799995,96.93000031,59.76200104,348.6099854,342.7166748
20-04-2022,21.48200035,94.01999664,59.77199936,226.1900024,325.7333374
21-04-2022,20.18300056,89.84999847,59.27299881,218.2200012,336.2600098
22-04-2022,19.51499939,88.13999939,58.69499969,215.5200043,335.0166626
25-04-2022,19.90200043,90.69000244,58.7879982,209.9100037,332.6733398
26-04-2022,18.78800011,85.16000366,56.00699997,198.3999939,292.1400146
27-04-2022,18.41500092,84.91000366,55.95399857,188.5399933,293.8366699
28-04-2022,19.78199959,89.63999939,57.89400101,199.5200043,292.5033264
29-04-2022,18.54700089,85.51999664,55.43899918,190.3600006,290.2533264
02-05-2022,19.53300095,89.83999634,57.63499832,199.4600067,300.980011
03-05-2022,19.60199928,91.12999725,58.11700058,199.8699951,303.0833435
04-05-2022,20.33399963,99.41999817,60.36600113,204.0099945,317.5400085
05-05-2022,18.84399986,93.87000275,57.99900055,188.3200073,291.0933228
06-05-2022,18.67499924,95.33999634,58.00999832,180.9700012,288.5499878
09-05-2022,16.95000076,86.36000061,56.29199982,173.1000061,262.3699951
10-05-2022,17.59499931,88.73000336,58.13899994,177.6600037,266.6799927
11-05-2022,16.62999916,87.91999817,56.71099854,166.3699951,244.6666718
12-05-2022,16.17499924,87.05999756,57.1570015,174.3099976,242.6666718
13-05-2022,17.70599937,95.12000275,58.82400131,187.6399994,256.5299988
16-05-2022,17.26399994,94.23999786,58.26699829,186.5099945,241.456665
17-05-2022,18.17700005,102.4700012,60.81499863,190.5599976,253.8699951
18-05-2022,16.93799973,96.27999878,57.05699921,177.1900024,236.6033325
19-05-2022,17.12400055,96.66999817,54.62099838,183.4799957,236.4733276
20-05-2022,16.69400024,93.5,54.31900024,186.3500061,221.3000031
23-05-2022,16.89800072,95.06999969,52.63600159,187.4400024,224.9666595
24-05-2022,16.15399933,91.16000366,52.41999817,180.3399963,209.386673
25-05-2022,16.97500038,92.65000153,53.1629982,187.8300018,219.6000061
26-05-2022,17.85099983,98.75,55.06600189,191.3999939,235.9100037
27-05-2022,18.81100082,102.2600021,58.32799911,195.1900024,253.2100067
30-05-2022,,,,,
31-05-2022,18.67200089,101.8600006,58.01300049,197.4400024,252.7533264
01-06-2022,18.31999969,101.2200012,57.36199951,192.9100037,246.7899933
02-06-2022,19.59199905,108.5899963,57.67399979,205.0899963,258.3333435
03-06-2022,18.71999931,106.3000031,56.33200073,198.9799957,234.5166626
06-06-2022,18.7859993,105.6500015,56.1230011,197.1399994,238.2799988
07-06-2022,18.9260006,105.2799988,57.29899979,198.6100006,238.886673
08-06-2022,18.64800072,101.9000015,56.5359993,202.8300018,241.8666687
09-06-2022,18.04800034,98.80000305,55.62200165,192.7700043,239.706665
10-06-2022,16.97400093,94.81999969,54.1269989,182.9400024,232.2299957
13-06-2022,15.64700031,86.98999786,51.76200104,169.6900024,215.7366638
14-06-2022,15.83600044,86.98999786,52.01699829,167.5399933,220.8899994
15-06-2022,16.52700043,89.30000305,52.67100143,180.1100006,233
16-06-2022,15.60099983,82.05000305,49.7179985,173.3500061,213.1000061
17-06-2022,15.88000011,81.56999969,49.86500168,175.5099945,216.7599945
20-06-2022,,,,,
21-06-2022,16.56599998,83.79000092,50.3769989,170.9100037,237.0366669
22-06-2022,16.36000061,83.75,49.61000061,178.8899994,236.0866699
23-06-2022,16.22500038,82.43000031,49.65800095,181.7100067,235.0700073
24-06-2022,17.12599945,87.08000183,50.9090004,190.8500061,245.706665
27-06-2022,16.86899948,86.16000366,50.57099915,189.1399994,244.9199982
28-06-2022,15.98200035,80.77999878,49.84500122,179.6000061,232.6633301
29-06-2022,15.54199982,77.98999786,49.04100037,178.3600006,228.4900055
30-06-2022,15.1590004,76.47000122,48.58100128,174.8699951,224.4733276
01-07-2022,14.52299976,73.66999817,47.7840004,179.9499969,227.2633362
04-07-2022,,,,,
05-07-2022,14.96399975,75.19999695,47.63000107,185.8800049,233.0666656
06-07-2022,15.13000011,75.34999847,48.26100159,184.0599976,231.7333374
07-07-2022,15.8579998,79.30000305,49.85400009,189.2700043,244.543335
08-07-2022,15.8380003,79.34999847,49.86899948,186.9799957,250.7633362
11-07-2022,15.15200043,76.94999695,48.2859993,177.3399963,234.343338
12-07-2022,15.08199978,76.36000061,48.13700104,174.4499969,233.0700073
13-07-2022,15.16399956,77.51999664,48.17300034,176.5599976,237.0399933
14-07-2022,15.37199974,78.59999847,48.4640007,174.7799988,238.3133392
15-07-2022,15.76200008,81.11000061,49.44599915,189.1100006,240.0666656
18-07-2022,16.10099983,81.43000031,49.10599899,190.9199982,240.5466614
19-07-2022,16.99200058,85.87999725,50.90000153,201.6300049,245.5299988
20-07-2022,17.80699921,89.43000031,51.17699814,216.4400024,247.5
21-07-2022,18.04999924,91.08999634,51.76800156,223.8800049,271.706665
22-07-2022,17.31900024,88.09999847,51.2519989,220.4400024,272.2433472
25-07-2022,17.02400017,87.54000092,51.31100082,218.5099945,268.4333191
26-07-2022,16.53300095,85.25,51.10900116,213.9100037,258.8599854
27-07-2022,17.79000092,89.81999969,52.77899933,226.75,274.8200073
28-07-2022,17.98399925,91.66999817,53.36100006,226.0200043,280.8999939
29-07-2022,18.16300011,94.47000122,53.54800034,224.8999939,297.1499939
01-08-2022,18.44099998,96.77999878,53.63700104,226.2100067,297.2766724
02-08-2022,18.52599907,99.29000092,53.12099838,221.4199982,300.5866699
03-08-2022,18.89299965,98.08999634,54.67399979,226.7299957,307.3966675
04-08-2022,19.21500015,103.9100037,55.27999878,229.9100037,308.6333313
05-08-2022,18.98900032,102.3099976,55.14400101,226.7799988,288.1700134
08-08-2022,17.79299927,100.0699997,54.5530014,233.4900055,290.4233398
09-08-2022,17.08600044,95.54000092,53.27999878,229.9400024,283.3333435
10-08-2022,18.09700012,99.05000305,55.04100037,244.1100006,294.3566589
11-08-2022,17.94199944,98.12000275,54.54299927,242.6999969,286.6300049
12-08-2022,18.70899963,100.8300018,55.82300186,249.3000031,300.0299988
15-08-2022,19.03199959,101.0100021,55.89599991,249.1100006,309.3200073
16-08-2022,18.87899971,100.1999969,55.16500092,245.6900024,306.563324
17-08-2022,18.33499908,98.26999664,53.85900116,241.1499939,303.9966736
18-08-2022,18.77300072,100.4400024,55.84500122,245.1699982,302.8699951
19-08-2022,17.84900093,95.94999695,54.8429985,241.1600037,296.6666565
22-08-2022,17.0340004,92.83999634,52.875,226.5399933,289.9133301
23-08-2022,17.18099976,92.48999786,52.97800064,224.5500031,296.4533386
24-08-2022,17.22200012,92.73000336,53.08399963,229.6100006,297.0966797
25-08-2022,17.91300011,97.18000031,55.01300049,233.9799957,296.0700073
26-08-2022,16.26000023,91.18000031,52.08599854,223.2799988,288.0899963
29-08-2022,15.80099964,88.48999786,51.41799927,224.5700073,284.8200073
30-08-2022,15.46800041,86.94000244,50.63899994,220.6499939,277.7000122
31-08-2022,15.09399986,84.87000275,49.9109993,223.5599976,275.6099854
01-09-2022,13.93700027,82.33000183,49.20100021,230.0399933,277.1600037
02-09-2022,13.64700031,80.23999786,50.02199936,226.1100006,270.2099915
05-09-2022,,,,,
06-09-2022,13.46500015,78.72000122,49.81999969,218.3899994,274.4200134
07-09-2022,13.71399975,79.61000061,50.51300049,228.9600067,283.7000122
08-09-2022,13.98999977,82.77999878,51.19300079,227.4400024,289.2600098
09-09-2022,14.38700008,85.44999695,52.24000168,233.5700073,299.6799927
12-09-2022,14.50500011,84.63999939,52.90599823,236.5299988,304.4200134
13-09-2022,13.13099957,77.02999878,50.36500168,218.1300049,292.1300049
14-09-2022,13.12800026,77.44999695,51.07500076,224.1199951,302.6099854
15-09-2022,12.9289999,76.66000366,50.01399994,235.3800049,303.75
16-09-2022,13.19799995,76.51000214,50.25,240.1300049,303.3500061
19-09-2022,13.38199997,76.76999664,50.18399811,243.6300049,309.0700073
20-09-2022,13.17599964,75.25,49.30599976,242.8500061,308.730011
21-09-2022,13.26099968,74.48000336,48.2140007,236.8699951,300.7999878
22-09-2022,12.56099987,69.5,47.76100159,237.0500031,288.5899963
23-09-2022,12.51599979,67.95999908,46.86800003,226.4100037,275.3299866
26-09-2022,12.22799969,66.30000305,46.22600174,224.0700073,276.0100098
27-09-2022,12.41300011,67.16999817,46.47499847,224.3600006,282.9400024
28-09-2022,12.73600006,68.36000061,46.59600067,245.1999969,287.8099976
29-09-2022,12.22000027,64.13999939,45.01300049,239.7100067,268.2099915
30-09-2022,12.13899994,63.36000061,44.40100098,235.4400024,265.25
03-10-2022,12.51200008,66.11000061,45.6780014,239.0399933,242.3999939
04-10-2022,13.16699982,67.90000153,47.98600006,240.7400055,249.4400024
05-10-2022,13.20899963,67.94000244,48.47999954,236.7299957,240.8099976
06-10-2022,13.13000011,67.84999847,47.95000076,240.0200043,238.1300049
07-10-2022,12.07600021,58.43999863,46.04800034,224.75,223.0700073
10-10-2022,11.67000008,57.81000137,43.77000046,229.9799957,222.9600067
11-10-2022,11.58600044,57.63000107,43.07600021,214.2899933,216.5
12-10-2022,11.5,57.84999847,43.05699921,220.8699951,217.2400055
13-10-2022,11.96000004,58.93999863,43.79700089,232.5099945,221.7200012
14-10-2022,11.22700024,55.93999863,42.70999908,230,204.9900055
17-10-2022,11.88799953,57.95999908,43.53699875,245.1000061,219.3500061
18-10-2022,11.96700001,57.91999817,43.48300171,240.8600006,220.1900024
19-10-2022,12.05099964,57.22999954,43.52999878,272.3800049,222.0399933
20-10-2022,12.19400024,57.77000046,43.02999878,268.1600037,207.2799988
21-10-2022,12.4659996,58.81999969,44.97299957,289.5700073,214.4400024
24-10-2022,12.59899998,58.70000076,45.65200043,282.4500122,211.25
25-10-2022,13.26099968,61.47000122,46.00699997,291.019989,222.4199982
26-10-2022,12.89599991,59.72999954,46.11800003,298.6199951,224.6399994
27-10-2022,13.17599964,58.59999847,45.54000092,296.9400024,225.0899963
28-10-2022,13.83399963,62.00999832,47.29000092,295.7200012,228.5200043
31-10-2022,13.49699974,60.06000137,47.01200104,291.8800049,227.5399933
01-11-2022,13.54300022,59.65999985,46.79000092,286.75,227.8200073
02-11-2022,13.21899986,58.63000107,45.60300064,273,214.9799957
03-11-2022,13.42099953,60.11000061,44.41199875,269.0599976,215.3099976
04-11-2022,14.15600014,62.18999863,46.52999878,260.7900085,207.4700012
07-11-2022,14.30099964,63.08000183,47.52199936,258.6000061,197.0800018
08-11-2022,14.60200024,63.84999847,48.21099854,263.4599915,191.3000031
09-11-2022,13.77600002,59.91999817,46.9469986,254.6600037,177.5899963
10-11-2022,15.75,68.47000122,50.6570015,274.9700012,190.7200012
11-11-2022,16.32699966,72.37000275,51.80899811,290.1300049,195.9700012
14-11-2022,16.29500008,73.52999878,51.3219986,299.269989,190.9499969
15-11-2022,16.66600037,76.37000275,52.44200134,310.2000122,194.4199982
16-11-2022,15.90999985,72.69999695,51.17300034,306.019989,186.9199982
17-11-2022,15.67700005,73.90000153,51.21099854,295.2799988,183.1699982
18-11-2022,15.4090004,73.56999969,51.51599884,287.980011,180.1900024
21-11-2022,15.31700039,72.45999908,51.74399948,285.0499878,167.8699951
22-11-2022,16.03800011,75.25,53.00500107,286.6900024,169.9100037
23-11-2022,16.5189991,76.40000153,53.36399841,291.5,183.1999969
24-11-2022,,,,,
25-11-2022,16.27000046,75.13999939,52.99100113,285.5400085,182.8600006
28-11-2022,15.82699966,73.19000244,52.22100067,281.1700134,182.9199982
29-11-2022,15.63899994,73.38999939,52.13899994,280.9599915,180.8300018
30-11-2022,16.92300034,77.62999725,55.10300064,305.5299988,194.6999969
01-12-2022,17.13500023,77.48000336,55.07500076,316.9500122,194.6999969
02-12-2022,16.87599945,74.98000336,54.08000183,320.4100037,194.8600006
05-12-2022,16.61000061,73.62000275,53.06399918,312.5899963,182.4499969
06-12-2022,15.98700047,70.26999664,52.58200073,305.5599976,179.8200073
07-12-2022,16.12000084,70.13999939,51.84999847,308.4200134,174.0399933
08-12-2022,17.16900063,70.47000122,53.10800171,310.2600098,173.4400024
09-12-2022,17.00099945,68.58999634,54.47200012,320.0100098,179.0500031
12-12-2022,17.53499985,70.66999817,55.6629982,315.1799927,167.8200073
13-12-2022,18.0720005,71.65000153,57.10400009,320.3399963,160.9499969
14-12-2022,17.67399979,68.93000031,57.44400024,317.8299866,156.8000031
15-12-2022,16.95199966,66.52999878,55.79999924,290.4100037,157.6699982
16-12-2022,16.57099915,65.41000366,55.5909996,290.7099915,150.2299957
19-12-2022,16.25399971,64.58999634,54.96300125,288.2999878,149.8699951
20-12-2022,16.08499908,65.05000305,54.40200043,288.1900024,137.8000031
21-12-2022,16.50099945,67.68000031,56.1230011,297.9599915,137.5700073
22-12-2022,15.33899975,63.86000061,55.30899811,297.75,125.3499985
23-12-2022,15.20600033,64.51999664,55.24300003,294.9599915,123.1500015
26-12-2022,,,,,
27-12-2022,14.12100029,63.27000046,55.35400009,284.1700134,109.0999985
28-12-2022,14.03600025,62.56999969,54.48899841,276.8800049,112.7099991
29-12-2022,14.60299969,64.81999969,55.78099823,291.1199951,121.8199997
30-12-2022,14.61400032,64.76999664,55.9129982,294.8800049,123.1800003
02-01-2023,,,,,
03-01-2023,14.31499958,64.01999664,55.34799957,294.9500122,108.0999985
04-01-2023,14.7489996,64.66000366,56.02399826,309.4100037,113.6399994
05-01-2023,14.26500034,62.33000183,55.5019989,309.7000122,110.3399963
06-01-2023,14.85900021,63.95999908,58.8429985,315.5499878,113.0599976
09-01-2023,15.62800026,67.23999786,57.68899918,315.1700134,119.7699966
10-01-2023,15.9090004,68.05000305,57.49300003,327.5400085,118.8499985
11-01-2023,16.00099945,69.05999756,57.81399918,327.2600098,123.2200012
12-01-2023,16.51099968,70.80000305,58.19400024,330.1300049,123.5599976
13-01-2023,16.89900017,71,57.90000153,332.8200073,122.4000015
16-01-2023,,,,,
17-01-2023,17.70199966,71.58999634,57.92399979,326.2200012,131.4900055
18-01-2023,17.37700081,70.52999878,57.42900085,326.3299866,128.7799988
19-01-2023,16.76499939,67.70999908,56.3219986,315.7799988,127.1699982
20-01-2023,17.8390007,70.06999969,57.07799911,342.5,133.4199982
23-01-2023,19.19300079,76.52999878,58.1629982,357.4200134,143.75
24-01-2023,19.26499939,74.69999695,58.50299835,363.8299866,143.8899994
25-01-2023,19.32299995,74.91000366,58.56800079,367.9599915,144.4299927
26-01-2023,19.80200005,75.16000366,59.85800171,364.8699951,160.2700043
27-01-2023,20.36499977,75.40000153,59.09899902,360.769989,177.8999939
30-01-2023,19.16200066,72.44999695,58.14500046,353.1099854,166.6600037
31-01-2023,19.53700066,75.15000153,58.50099945,353.8599854,173.2200012
01-02-2023,20.94300079,84.63999939,60.27500153,361.9899902,181.4100037
02-02-2023,21.70899963,88.30999756,60.57699966,366.8900146,188.2700043
03-02-2023,21.10000038,86.08999634,59.76200104,365.8999939,189.9799957
06-02-2023,21.0890007,83.68000031,60.13000107,361.480011,194.7599945
07-02-2023,22.17300034,85.91000366,61.44499969,362.9500122,196.8099976
08-02-2023,22.20499992,84.69000244,60.17100143,366.8299866,201.2899933
09-02-2023,22.33699989,83.20999908,59.94100189,362.5,207.3200073
10-02-2023,21.26499939,81.48000336,59.32500076,347.3599854,196.8899994
13-02-2023,21.78800011,83.12999725,60.11199951,358.5700073,194.6399994
14-02-2023,22.97100067,85.94999695,60.23099899,359.9599915,209.25
15-02-2023,22.76399994,85.18000031,60.76900101,361.4200134,214.2400055
16-02-2023,22.00200081,80.08000183,60.05400085,350.7099915,202.0399933
17-02-2023,21.38800049,78.5,59.55899811,347.9599915,208.3099976
20-02-2023,,,,,
21-02-2023,20.65500069,76.76999664,58.15399933,337.5,197.3699951
22-02-2023,20.75399971,76.61000061,57.61700058,334.8800049,200.8600006
23-02-2023,23.66399956,79.75,58.38000107,323.6499939,202.0700073
24-02-2023,23.2859993,78.08999634,57.77500153,317.1499939,196.8800049
27-02-2023,23.50099945,78.76999664,58.54499817,323.0299988,207.6300049
28-02-2023,23.2159996,78.58000183,59.42900085,322.1300049,205.7100067
01-03-2023,22.69799995,78.29000092,59.35699844,313.480011,202.7700043
02-03-2023,23.31399918,80.44000244,59.86500168,311.8800049,190.8999939
03-03-2023,23.88999939,81.51999664,63.27600098,315.1799927,197.7899933
06-03-2023,23.55400085,81.16000366,63.29199982,312.0299988,193.8099976
07-03-2023,23.28800011,82.11000061,62.51499939,308.4700012,187.7100067
08-03-2023,24.18099976,85.37000275,63.22600174,311.7900085,182
09-03-2023,23.43600082,84.02999878,62.2519989,297.7799988,172.9199982
10-03-2023,22.96500015,82.66999817,61.48300171,292.7600098,173.4400024
13-03-2023,22.9659996,82.01000214,61.64699936,293.5100098,174.4799957
14-03-2023,24.06299973,87.44999695,63.24599838,294.9400024,183.2599945
15-03-2023,24.22800064,89.68000031,62.60400009,303.7900085,180.4499969
16-03-2023,25.54100037,96.59999847,63.65000153,310.0599976,184.1300049
17-03-2023,25.72500038,97.83999634,63.09700012,303.5,180.1300049
20-03-2023,25.89999962,96.80999756,64.3710022,305.1300049,183.25
21-03-2023,26.1989994,95.93000031,63.67499924,305.7900085,197.5800018
22-03-2023,26.46800041,97.58000183,63.09199905,293.8999939,191.1499939
23-03-2023,27.19099998,100.2799988,63.92300034,320.3699951,192.2200012
24-03-2023,26.77899933,97.94999695,63.61700058,328.3900146,190.4100037
27-03-2023,26.53100014,96.61000061,62.68399811,327.6600037,191.8099976
28-03-2023,26.40999985,94.55999756,62.47000122,323.519989,189.1900024
29-03-2023,26.98399925,96.08999634,62.54999924,332.0299988,193.8800049
30-03-2023,27.38299942,97.87999725,63.375,338.4299927,195.2799988
31-03-2023,27.77700043,98.01000214,64.15399933,345.480011,207.4600067
03-04-2023,27.96500015,96.55999756,64.24700165,348.2799988,194.7700043
04-04-2023,27.45299911,95.87000275,63.44100189,346.75,192.5800018
05-04-2023,26.88100052,92.55999756,62.90100098,342.3500061,185.5200043
06-04-2023,27.03700066,92.47000122,62.26399994,339.3299866,185.0599976
07-04-2023,,,,,
10-04-2023,27.57900047,95.48000336,62.73899841,338.9899902,184.5099945
11-04-2023,27.16900063,94.02999878,62.1570015,338.2099915,186.7899933
12-04-2023,26.49500084,92.33000183,61.66999817,331.0299988,180.5399933
13-04-2023,26.46299934,92.08999634,62.42399979,346.1900024,185.8999939
14-04-2023,26.75799942,91.75,61.95399857,338.6300049,185
17-04-2023,27.00200081,89.87000275,62.73600006,332.7200012,187.0399933
18-04-2023,27.66699982,89.77999878,63.23199844,333.7000122,184.3099976
19-04-2023,27.93099976,89.94000244,63.45000076,323.1199951,180.5899963
20-04-2023,27.10400009,90.11000061,63.30199814,325.3500061,162.9900055
21-04-2023,27.11899948,88.43000031,63.29000092,327.980011,165.0800018
24-04-2023,27.04199982,87.56999969,63.45399857,329.019989,162.5500031
25-04-2023,26.24099922,83.80000305,62.20199966,322.5499878,160.6699982
26-04-2023,26.95599937,85.94000244,61.61899948,321.1499939,153.75
27-04-2023,27.22599983,87.44000244,61.8409996,325.8500061,160.1900024
28-04-2023,27.74900055,89.37000275,62.65000153,329.9299927,164.3099976
01-05-2023,28.90999985,89.69000244,63.79499817,324.1199951,161.8300018
02-05-2023,28.20999908,89.91000366,61.23400116,317.5499878,160.3099976
03-05-2023,27.80200005,81.62000275,61.31999969,319.2999878,160.6100006
04-05-2023,27.56200027,86.61000061,61.01599884,320.7799988,161.1999969
05-05-2023,28.68000031,89.83999634,63.01200104,322.7600098,170.0599976
08-05-2023,29.15099907,95.04000092,62.90599823,331.2099915,171.7899933
09-05-2023,28.57099915,95.05999756,61.85100174,332.1400146,169.1499939
10-05-2023,28.88500023,97.01999664,62.6269989,335.4200134,168.5399933
11-05-2023,28.57799911,97.09999847,62.76699829,344.7600098,172.0800018
12-05-2023,28.34000015,95.26000214,63.11500168,339.8900146,167.9799957
15-05-2023,28.95299911,97.40000153,63.97999954,335.8900146,166.3500061
16-05-2023,29.21299934,101.4800034,64.14399719,333.75,166.5200043
17-05-2023,30.1779995,103.75,65.74700165,339.9599915,173.8600006
18-05-2023,31.6779995,107.9300003,67.79000092,371.2900085,176.8899994
19-05-2023,31.26399994,105.8199997,68.22499847,365.3599854,180.1399994
22-05-2023,31.1760006,108,67.83699799,363.0100098,188.8699951
23-05-2023,30.68799973,108.1200027,68.65000153,355.9899902,185.7700043
24-05-2023,30.53800011,108.2699966,67.95300293,364.8500061,182.8999939
25-05-2023,37.97999954,120.3499985,72.87999725,359,184.4700012
26-05-2023,38.94599915,127.0299988,81.27300262,378.8800049,193.1699982
29-05-2023,,,,,
30-05-2023,40.11100006,125.2699966,80.33399963,392.980011,201.1600037
31-05-2023,37.83399963,118.2099991,80.79599762,395.230011,203.9299927
01-06-2023,39.77000046,119.4700012,78.99500275,403.1300049,207.5200043
02-06-2023,39.32699966,117.8600006,81.19999695,400.4700012,213.9700012
05-06-2023,39.17100143,117.9300003,80.23000336,403.5400085,217.6100006
06-06-2023,38.65399933,124.2300034,79,399.2900085,221.3099976
07-06-2023,37.47499847,117.8300018,79.26300049,399.769989,224.5700073
08-06-2023,38.50999832,121.0500031,80.41999817,409.3699951,234.8600006
09-06-2023,38.77000046,124.9199982,80.46199799,420.019989,244.3999939
12-06-2023,39.48199844,129.1900024,85.53600311,423.9700012,249.8300018
13-06-2023,41.02199936,124.5299988,85.11199951,435.730011,258.7099915
14-06-2023,42.99700165,127.3300018,88.61799622,440.8599854,256.7900085
15-06-2023,42.65299988,124.2399979,88.34300232,445.269989,255.8999939
16-06-2023,42.69200134,120.0800018,86.81099701,431.9599915,260.5400085
19-06-2023,,,,,
20-06-2023,43.80799866,118.9300003,86.8030014,434.7000122,274.4500122
21-06-2023,43.04499817,112.1100006,84.76599884,424.4500122,259.4599915
22-06-2023,43.02500153,110.6999969,84.24299622,422.480011,264.6099854
23-06-2023,42.20899963,110.0100021,82.21499634,424.019989,256.6000061
26-06-2023,40.63199997,107.5100021,82.16300201,415.9400024,241.0500031
27-06-2023,41.87599945,110.3899994,84.83999634,417.0799866,250.2100067
28-06-2023,41.11700058,110.1699982,84.79399872,429.8399963,256.2399902
29-06-2023,40.8219986,111.2399979,86.25700378,428.2399902,257.5
30-06-2023,42.30199814,113.9100037,86.74299622,440.4899902,261.769989
03-07-2023,42.4129982,115.8199997,87.64399719,441.4400024,279.8200073
04-07-2023,,,,,
05-07-2023,42.31700134,113.9499969,86.18599701,445.8999939,282.480011
06-07-2023,42.10300064,113.4800034,84.80000305,438.8399963,276.5400085
07-07-2023,42.50299835,113.1699982,84.67500305,438.1000061,274.4299927
10-07-2023,42.18000031,113.5800018,87.77300262,441.7099915,269.6099854
11-07-2023,42.40499878,111.3199997,88.20500183,440.2099915,269.7900085
12-07-2023,43.90200043,114.5800018,88.99500275,444.0499878,271.9899902
13-07-2023,45.97700119,115.9199982,89.03600311,450.3800049,277.8999939
14-07-2023,45.46900177,115.9400024,88.85800171,441.9100037,281.3800049
17-07-2023,46.46099854,118.3199997,91.03500366,450.0499878,290.3800049
18-07-2023,47.49399948,117.9300003,90.34300232,474.7999878,293.3399963
19-07-2023,47.07699966,116.4300003,90.13700104,477.5899963,291.2600098
20-07-2023,45.52000046,110.25,88.83399963,437.4200134,262.8999939
21-07-2023,44.30899811,110.9499969,89.67500305,427.5,260.019989
24-07-2023,44.61199951,110.6100006,90.15899658,428.3699951,269.0599976
25-07-2023,45.67900085,113,91.7990036,427.7000122,265.2799988
26-07-2023,45.45199966,110.0899963,89.30899811,422.6700134,264.3500061
27-07-2023,45.90000153,111.0999985,89.35299683,413.1700134,255.7100067
28-07-2023,46.75,112.9599991,89.97899628,425.7799988,266.4400024
31-07-2023,46.72900009,114.4000015,89.86499786,438.9700012,267.4299927
01-08-2023,46.50699997,117.5999985,92,438.6199951,261.0700073
02-08-2023,44.26900101,109.3499985,89.23000336,429.7000122,254.1100006
03-08-2023,44.51499939,113.1500015,88.4980011,431,259.3200073
04-08-2023,44.68000031,115.8199997,88.16500092,431.6000061,253.8600006
07-08-2023,45.41699982,116.8099976,89.70600128,440.7600098,251.4499969
08-08-2023,44.66400146,113.2300034,88.31600189,438.2999878,249.6999969
09-08-2023,42.55400085,110.4700012,85.07299805,428.8999939,242.1900024
10-08-2023,42.38800049,110.2300034,84.29000092,429.980011,245.3399963
11-08-2023,40.85499954,107.5699997,82.97599792,421.6600037,242.6499939
14-08-2023,43.75299835,111.9800034,85.41000366,427.7799988,239.7599945
15-08-2023,43.93999863,111.3499985,84.2519989,423.7000122,232.9600067
16-08-2023,43.48600006,107.1900024,83.2990036,415.4500122,225.6000061
17-08-2023,43.34400177,104.4400024,82.70999908,403,219.2200012
18-08-2023,43.29899979,105.4499969,82.58399963,404.5299988,215.4900055
21-08-2023,46.96699905,108.2200012,86.51399994,408.2900085,231.2799988
22-08-2023,45.66799927,105.6600037,85.57900238,413.1700134,233.1900024
23-08-2023,47.11600113,109.4300003,87.65799713,427.5499878,236.8600006
24-08-2023,47.1629982,101.8000031,85.44599915,406.9299927,230.0399933
25-08-2023,46.01800156,102.25,85.18199921,416.0299988,238.5899963
28-08-2023,46.83499908,102.6100006,86.10800171,418.0599976,238.8200073
29-08-2023,48.7840004,105.9199982,88.99299622,429.9899902,257.1799927
30-08-2023,49.26399994,106.5899963,89.22799683,434.6700134,256.8999939
31-08-2023,49.35499954,105.7200012,92.28900146,433.6799927,258.0799866
01-09-2023,48.50899887,109.4499969,87.2519989,439.8800049,245.0099945
04-09-2023,,,,,
05-09-2023,48.54800034,110.7799988,87.21700287,448.6799927,256.4899902
06-09-2023,47.06100082,109.2799988,87.22699738,445.7600098,251.9199982
07-09-2023,46.24100113,106.5899963,85.70300293,443.1400146,251.4900055
08-09-2023,45.5719986,106.0899963,85.75499725,442.7999878,248.5
11-09-2023,45.1780014,105.3199997,85.91400146,445.3599854,273.5799866
12-09-2023,44.86999893,105.3099976,84.45200348,434.6900024,267.480011
13-09-2023,45.48500061,107.7099991,85.29299927,412.2399902,271.2999878
14-09-2023,45.58100128,106.6299973,87.16400146,400.4899902,276.0400085
15-09-2023,43.90000153,101.4899979,85.16799927,396.9400024,274.3900146
18-09-2023,43.9659996,102.3700027,85,394.3999939,265.2799988
19-09-2023,43.52000046,101.6100006,84.91999817,396.2000122,266.5
20-09-2023,42.23899841,100.3399963,83.05699921,386.2999878,262.5899963
21-09-2023,41.01699829,96.11000061,80.83599854,384.1499939,255.6999969
22-09-2023,41.61000061,96.19999695,82.90799713,379.8099976,244.8800049
25-09-2023,42.22200012,97.37999725,83.38899994,384.7999878,246.9900055
26-09-2023,41.9109993,95.95999908,81.6190033,379.25,244.1199951
27-09-2023,42.4679985,98.06999969,81.68099976,377.5899963,240.5
28-09-2023,43.0890007,102.7600021,83.19999695,376.3599854,246.3800049
29-09-2023,43.49900055,102.8199997,83.05799866,377.6000061,250.2200012
02-10-2023,44.7820015,103.2699966,83.49500275,380.3299866,251.6000061
03-10-2023,43.51699829,100.0800018,81.48300171,376.75,246.5299988
04-10-2023,44.04100037,104.0699997,82.3809967,376.8999939,261.1600037
05-10-2023,44.68799973,102.9100037,82.38600159,372.5899963,260.0499878
06-10-2023,45.76200104,107.2399979,84.52600098,381.5100098,260.5299988
09-10-2023,45.27299881,106.9700012,85.58799744,385.9500122,259.6700134
10-10-2023,45.79800034,109.0100021,85.84100342,373.3200073,263.6199951
11-10-2023,46.80599976,108.3099976,87.45600128,365.9299927,262.9899902
12-10-2023,46.94499969,108.7900009,90.55999756,361.2000122,258.8699951
13-10-2023,45.46099854,105.0899963,88.31800079,355.6799927,251.1199951
16-10-2023,46.09500122,106.4599991,90.25700378,360.8200073,253.9199982
17-10-2023,43.93799973,105.1399994,88.44000244,355.7200012,254.8500061
18-10-2023,42.19599915,102.1699982,88.70300293,346.1900024,242.6799927
19-10-2023,42.10100174,102.4000015,86.78299713,401.769989,220.1100006
20-10-2023,41.38700104,101.8099976,85.36299896,400.9599915,211.9900055
23-10-2023,42.97499847,100.0100021,86.22200012,406.8399963,212.0800018
24-10-2023,43.6629982,101.6699982,88.11100006,413.730011,216.5200043
25-10-2023,41.77899933,96.05999756,84.96299744,411.25,212.4199982
26-10-2023,40.32600021,93.66999817,82.67500305,403.5400085,205.7599945
27-10-2023,40.5,96.43000031,83.83599854,397.8699951,207.3000031
30-10-2023,41.1609993,96.18000031,84.125,410.0799866,197.3600006
31-10-2023,40.77999878,98.5,84.13700104,411.6900024,200.8399963
01-11-2023,42.32500076,108.0400009,85.29399872,420.1900024,205.6600037
02-11-2023,43.50600052,107.8300018,87.12999725,424.7099915,218.5099945
03-11-2023,45.00500107,112.25,88.26799774,432.3599854,219.9600067
06-11-2023,45.75099945,111.75,88.08300018,434.7399902,219.2700043
07-11-2023,45.95500183,113.4499969,89.78199768,434.6099854,222.1799927
08-11-2023,46.57400131,113.5899963,91.11299896,436.6499939,222.1100006
09-11-2023,46.95000076,113.4899979,91.13800049,435.1499939,209.9799957
10-11-2023,48.33499908,118.5899963,95.7519989,447.2399902,214.6499939
13-11-2023,48.61999893,116.7900009,94.69300079,444.6199951,223.7100067
14-11-2023,49.65599823,119.8799973,97.29599762,448.6499939,237.4100037
15-11-2023,48.88800049,118,97.54000092,461.9400024,242.8399963
16-11-2023,49.47999954,119.8300018,95.95500183,466.9500122,233.5899963
17-11-2023,49.29800034,120.6200027,97.77300262,465.9100037,234.3000031
20-11-2023,50.4090004,121.5299988,99.57099915,474.4700012,235.6000061
21-11-2023,49.94400024,119.1600037,98.12000275,474.9500122,241.1999969
22-11-2023,48.7159996,122.5100021,97.19999695,478,234.2100067
23-11-2023,,,,,
24-11-2023,47.77600098,122.3099976,97.88700104,479.5599976,235.4499969
27-11-2023,48.24200058,122.6500015,95.02400208,479.1700134,236.0800018
28-11-2023,47.82099915,122.0100021,94.63500214,479,246.7200012
29-11-2023,48.13999939,123.8499985,94.08300018,477.1900024,244.1399994
30-11-2023,46.77000046,121.1600037,92.57299805,473.9700012,240.0800018
01-12-2023,46.76499939,121.3899994,93,465.7399902,238.8300018
04-12-2023,45.50999832,118.5699997,92.39700317,453.8999939,235.5800018
05-12-2023,46.56600189,118.3799973,91.31199646,455.1499939,238.7200012
06-12-2023,45.50299835,116.8199997,90.36399841,446.730011,239.3699951
07-12-2023,46.59600067,128.3699951,92.22599792,452,242.6399994
08-12-2023,47.50600052,128.9199982,94.43000031,453.7600098,243.8399963
11-12-2023,46.6269989,134.4100037,102.9240036,459.8900146,239.7400055
12-12-2023,47.6570015,137.6100006,107.2279968,463,237.0099945
13-12-2023,48.08800125,138.1900024,108.9690018,479.980011,239.2899933
14-12-2023,48.34999847,138,110.6490021,469.8299866,251.0500031
15-12-2023,48.88999939,139.1499939,112.973999,472.0599976,253.5
18-12-2023,50.07699966,138.8999939,114.6999969,486.1199951,252.0800018
19-12-2023,49.60400009,140.1499939,113.9580002,495.019989,257.2200012
20-12-2023,48.11100006,135.4700012,111.038002,489.269989,247.1399994
21-12-2023,48.99000168,139.9100037,112.7289963,491.6099854,254.5
22-12-2023,48.83000183,139.6000061,112.197998,486.7600098,252.5399933
25-12-2023,,,,,
26-12-2023,49.27899933,143.4100037,113.189003,491.1900024,256.6099854
27-12-2023,49.41699982,146.0700073,112.6169968,491.7900085,261.4400024
28-12-2023,49.52199936,148.7599945,112.2409973,490.5100098,253.1799927
29-12-2023,49.52199936,147.4100037,111.625,486.8800049,248.4799957
01-01-2024,,,,,
02-01-2024,48.16799927,138.5800018,108.538002,468.5,248.4199982
03-01-2024,47.56900024,135.3200073,105.8580017,470.2600098,238.4499969
04-01-2024,47.9980011,136.0099945,104.901001,474.6700134,237.9299927
05-01-2024,49.09700012,138.5800018,104.9280014,474.0599976,237.4900055
08-01-2024,52.25299835,146.1799927,107.4850006,485.0299988,240.4499969
09-01-2024,53.13999939,149.2599945,108.2490005,482.0899963,234.9600067
10-01-2024,54.34999847,148.5399933,108.0569992,478.3299866,233.9400024
11-01-2024,54.8219986,148.0200043,109.9980011,492.230011,227.2200012
12-01-2024,54.70999908,146.5599976,110.7679977,492.1600037,218.8899994
15-01-2024,,,,,
16-01-2024,56.38199997,158.7400055,111.4960022,481.2399902,219.9100037
17-01-2024,56.0530014,160.1699982,110.3669968,480.3299866,215.5500031
18-01-2024,57.10699844,162.6699982,114.3909988,485.3099976,211.8800049
19-01-2024,59.49100113,174.2299957,121.1200027,482.9500122,212.1900024
22-01-2024,59.65399933,168.1799927,122.0500031,485.7099915,208.8000031
23-01-2024,59.8730011,168.4199982,122.6309967,492.1900024,209.1399994
24-01-2024,61.36199951,178.2899933,125.387001,544.8699951,207.8300018
25-01-2024,61.61700058,180.3300018,123,562,182.6300049
26-01-2024,61.03099823,177.25,120.487999,570.4199829,183.25
29-01-2024,62.46500015,177.8300018,121.7770004,575.789978,190.9299927
30-01-2024,62.77399826,172.0599976,120.8160019,562.8499756,191.5899963
31-01-2024,61.52700043,167.6900024,118,564.1099854,187.2899933
01-02-2024,63.02700043,170.4799957,120.0009995,567.5100098,188.8600006
02-02-2024,66.16000366,177.6600037,122.4339981,564.6400146,187.9100037
05-02-2024,69.33200073,174.2299957,124.3099976,562.0599976,181.0599976
06-02-2024,68.22299957,167.8800049,122.2649994,555.8800049,185.1000061
07-02-2024,70.09899902,170.9400024,125.7060013,559.2999878,187.5800018
08-02-2024,69.64099884,169.3500061,127.4759979,558.5300293,189.5599976
09-02-2024,72.13300323,172.4799957,128.3439941,561.3200073,193.5700073
12-02-2024,72.2480011,171.9100037,126.5,557.8499756,188.1300049
13-02-2024,72.12799835,171.5399933,125.1650009,554.5200195,184.0200043
14-02-2024,73.90000153,178.6999969,126.2220001,579.3300171,188.7100067
15-02-2024,72.65799713,176.7599945,126.5070038,593.460022,200.4499969
16-02-2024,72.61299896,173.8699951,124.5479965,583.9500122,199.9499969
19-02-2024,,,,,
20-02-2024,69.45200348,165.6900024,122.6549988,575.1300049,193.7599945
21-02-2024,67.47200012,164.2899933,122.7450027,573.3499756,194.7700043
22-02-2024,78.53800201,181.8600006,130.4900055,588.4699707,197.4100037
23-02-2024,78.81700134,176.5200043,129.6369934,583.5599976,191.9700012
26-02-2024,79.09200287,176.0099945,130.9129944,587.6500244,199.3999939
27-02-2024,78.7009964,178,129.6230011,601.6699829,199.7299957
28-02-2024,77.66300201,176.5399933,128.9420013,596.4799805,202.0399933
29-02-2024,79.11199951,192.5299988,130.048996,602.9199829,201.8800049
01-03-2024,82.27899933,202.6399994,139.9170074,619.3400269,202.6399994
04-03-2024,85.23699951,205.3600006,140.2259979,615.8300171,188.1399994
05-03-2024,85.96399689,205.1300049,134.2749939,598.5,180.7400055
06-03-2024,88.69999695,210.6300049,135,597.6900024,176.5399933
07-03-2024,92.66899872,211.3800049,140.701004,608.5100098,178.6499939
08-03-2024,87.52799988,207.3899994,130.871994,604.8200073,175.3399963
11-03-2024,85.77400208,198.3899994,129.3119965,600.9299927,177.7700043
12-03-2024,91.91300201,202.7599945,129.1880035,611.0800171,177.5399933
13-03-2024,90.88800049,194.7899933,125.7870026,609.4500122,169.4799957
14-03-2024,87.94400024,187.0599976,126.2269974,613.0100098,162.5
15-03-2024,87.83699799,191.0599976,123.5500031,605.8800049,163.5700073
18-03-2024,88.45500183,190.6499939,123.723999,618.3900146,173.8000031
19-03-2024,89.39800262,181.4199982,123.8010025,620.7399902,171.3200073
20-03-2024,90.37200165,179.7299957,127.5999985,627.6900024,175.6600037
21-03-2024,91.43499756,178.6799927,134.8000031,622.710022,172.8200073
22-03-2024,94.28900146,179.6499939,135.3470001,628.0100098,170.8300018
25-03-2024,95.0019989,178.6300049,135.1580048,627.460022,172.6300049
26-03-2024,92.56099701,177.8699951,133.1490021,629.2399902,177.6699982
27-03-2024,90.25,179.5899963,131.8730011,613.5300293,179.8300018
28-03-2024,90.35600281,180.4900055,132.5410004,607.3300171,175.7899933
29-03-2024,,,,,
01-04-2024,90.36299896,183.3399963,135.026001,614.3099976,175.2200012
02-04-2024,89.45200348,178.6999969,133.8760071,614.210022,166.6300049
03-04-2024,88.96399689,180.7700043,136.3209991,630.0800171,168.3800049
04-04-2024,85.90499878,165.8300018,131.75,617.1400146,171.1100006
05-04-2024,88.00800323,170.4199982,133.9429932,636.1799927,164.8999939
08-04-2024,87.13300323,169.8999939,133.6100006,628.4099731,172.9799957
09-04-2024,85.35399628,170.7799988,133.4080048,618.2000122,176.8800049
10-04-2024,87.03900146,167.1399994,132.2369995,618.5800171,171.7599945
11-04-2024,90.61599731,170.5,138.2460022,628.7800293,174.6000061
12-04-2024,88.18599701,163.2799988,134.4069977,622.8300171,171.0500031
15-04-2024,86.00099945,160.3200073,131.0690002,607.1500244,161.4799957
16-04-2024,87.41500092,163.4600067,132.9060059,617.5200195,157.1100006
17-04-2024,84.03500366,154.0200043,128.2630005,613.6900024,155.4499969
18-04-2024,84.67099762,155.0800018,125.8990021,610.5599976,149.9299927
19-04-2024,76.19999695,146.6399994,120.4710007,555.039978,147.0500031
22-04-2024,79.51799774,148.6399994,122.4459991,554.5999756,142.0500031
23-04-2024,82.42299652,152.2700043,124.9189987,577.75,144.6799927
24-04-2024,79.67700195,151.7400055,125.6819992,555.1199951,162.1300049
25-04-2024,82.63200378,153.7599945,129.4420013,564.7999878,170.1799927
26-04-2024,87.73500061,157.3999939,134.4069977,561.2299805,168.2899933
29-04-2024,87.75700378,160.1999969,133.8619995,559.4899902,194.0500031
30-04-2024,86.40200043,158.3800049,130.0269928,550.6400146,183.2799988
01-05-2024,83.04100037,144.2700043,124.2860031,551.710022,179.9900055
02-05-2024,85.81700134,146.1600037,123.8570023,565.1500244,180.0099945
03-05-2024,88.78900146,150.6000061,127.810997,579.3400269,181.1900024
06-05-2024,92.13999939,155.7799988,131.0310059,596.9699707,184.7599945
07-05-2024,90.55400085,154.4299927,130.3110046,606,177.8099976
08-05-2024,90.41200256,153.6199951,132.5370026,609.4699707,174.7200012
09-05-2024,88.74700165,152.3899994,130.5670013,612.0900269,171.9700012
10-05-2024,89.87799835,151.9199982,133.2799988,610.8699951,168.4700012
13-05-2024,90.39900208,150.5599976,133.7510071,616.5900269,171.8899994
14-05-2024,91.35600281,153.1600037,138.003006,613.6599731,177.5500031
15-05-2024,94.62999725,159.6699982,143.6170044,613.5200195,173.9900055
16-05-2024,94.35900116,162.6199951,141.2129974,610.5200195,174.8399963
17-05-2024,92.47899628,164.4700012,139.529007,621.0999756,177.4600067
20-05-2024,94.77999878,166.3300018,141.4029999,640.8200073,174.9499969
21-05-2024,95.38600159,164.6600037,139.9199982,650.6099854,186.6000061
22-05-2024,94.94999695,165.5200043,139.223999,640.4699707,180.1100006
23-05-2024,103.7990036,160.4299927,139.3289948,635.6699829,173.7400055
24-05-2024,106.4690018,166.3600006,140.7839966,646.75,179.2400055
27-05-2024,,,,,
28-05-2024,113.901001,171.6100006,141.2449951,649,176.75
29-05-2024,114.8249969,165.1399994,139.0670013,654.6199951,176.1900024
30-05-2024,110.5,166.75,136.4080048,647.6599731,178.7899933
31-05-2024,109.6330032,166.8999939,132.8549957,641.6199951,178.0800018
03-06-2024,115,163.5500031,132.1900024,633.789978,176.2899933
04-06-2024,116.4369965,159.9900055,133.0820007,631.6199951,174.7700043
05-06-2024,122.4400024,166.1699982,141.3090057,650.2700195,175
06-06-2024,120.9980011,166.7799988,140.1269989,648.5200195,177.9400024
07-06-2024,120.8880005,167.8699951,140.6640015,641.4699707,177.4799957
10-06-2024,121.7900009,160.3399963,144.0469971,644.5,173.7899933
11-06-2024,120.9100037,158.9600067,146.1029968,648.5499878,170.6600037
12-06-2024,125.1999969,160.2400055,149.5509949,650.0599976,177.2899933
13-06-2024,129.6100006,159.8999939,167.8990021,653.2600098,182.4700012
14-06-2024,131.8800049,159.6300049,173.5039978,669.3800049,178.0099945
17-06-2024,130.9799957,158.3999939,182.8869934,675.8300171,187.4400024
18-06-2024,135.5800018,154.6300049,180.2519989,685.6699829,184.8600006
19-06-2024,,,,,
20-06-2024,130.7799988,161.7799988,173.4559937,679.0300293,181.5700073
21-06-2024,126.5699997,161.2299957,165.8630066,686.1199951,183.0099945
24-06-2024,118.1100006,160.25,159.220993,669.0200195,182.5800018
25-06-2024,126.0899963,160.25,158.0789948,672.4099731,187.3500061
26-06-2024,126.4000015,157.5399933,159.1999969,677.6900024,196.3699951
27-06-2024,123.9899979,159.4700012,158.6660004,684.3400269,197.4199982
28-06-2024,123.5400009,162.2100067,160.5529938,674.8800049,197.8800049
01-07-2024,124.3000031,157.6900024,164.0800018,673.6099854,209.8600006
02-07-2024,122.6699982,164.3099976,165.7480011,679.5800171,231.2599945
03-07-2024,128.2799988,163.8999939,172.9219971,682.5100098,246.3899994
04-07-2024,,,,,
05-07-2024,125.8300018,171.8999939,170.3309937,690.6500244,251.5200043
08-07-2024,128.1999969,178.6900024,174.5859985,685.7399902,252.9400024
09-07-2024,131.3800049,177.1000061,173.3309937,685.7399902,262.3299866
10-07-2024,134.9100037,183.9600067,174.4689941,677.6500244,263.2600098
11-07-2024,127.4000015,181.9400024,170.5950012,652.75,241.0299988
12-07-2024,129.2400055,181.6100006,170.0670013,647.5999756,248.2299957
15-07-2024,128.4400024,179.8300018,171.4199982,656.4500122,252.6399994
16-07-2024,126.3600006,177.5500031,169.3800049,656.3200073,256.5599976
17-07-2024,117.9899979,159.4299927,155.9799957,647.460022,248.5
18-07-2024,121.0899963,155.7700043,160.5200043,643.039978,249.2299957
19-07-2024,117.9300003,151.5800018,157.3500061,633.3400269,239.1999969
22-07-2024,123.5400009,155.8699951,161.0599976,647.5,251.5099945
23-07-2024,122.5899963,154,163.7700043,642.7600098,246.3800049
24-07-2024,114.25,144.6300049,151.3399963,635.9899902,215.9900055
25-07-2024,112.2799988,138.3200073,149.2599945,634.0900269,220.25
26-07-2024,113.0599976,139.9900055,151.6300049,631.3699951,219.8000031
29-07-2024,111.5899963,139.75,150.2200012,626.960022,232.1000061
30-07-2024,103.7300034,138.4400024,143.5200043,622.5800171,222.6199951
31-07-2024,117.0199966,144.4799957,160.6799927,628.3499756,232.0700073
01-08-2024,109.2099991,132.5399933,147.0200043,624.8499756,216.8600006
02-08-2024,107.2699966,132.5,143.8200073,613.6400146,207.6699982
05-08-2024,100.4499969,134.8200073,142.0800018,598.5499878,198.8800049
06-08-2024,104.25,130.1799927,143.9199982,609.5700073,200.6399994
07-08-2024,98.91000366,128.6699982,136.2700043,611.4799805,191.7599945
08-08-2024,104.9700012,136.3200073,145.7400055,630.3499756,198.8399963
09-08-2024,104.75,134.2700043,148.2599945,633.9400024,200
12-08-2024,109.0199966,136.7700043,148.6199951,633.1400146,197.4900055
13-08-2024,116.1399994,141.1300049,156.1600037,648.0200195,207.8300018
14-08-2024,118.0800018,140.75,157.6900024,661.6799927,201.3800049
15-08-2024,122.8600006,147.3600006,166.1300049,663.2199707,214.1399994
16-08-2024,124.5800018,148.5599976,165.7200012,674.0700073,216.1199951
19-08-2024,130,155.2799988,167.7100067,688.5300293,222.7200012
20-08-2024,127.25,156.3999939,165.9499969,698.539978,221.1000061
21-08-2024,128.5,157.8099976,165.7799988,697.1199951,223.2700043
22-08-2024,123.7399979,151.6999969,162.3399963,688.960022,210.6600037
23-08-2024,129.3699951,154.9799957,166.3600006,686.7299805,220.3200073
26-08-2024,126.4599991,149.9900055,159.6199951,688.4400024,213.2100067
27-08-2024,128.3000031,150.5,161.3899994,695.7199707,209.2100067
28-08-2024,125.6100006,146.3600006,158.1799927,683.8400269,205.75
29-08-2024,117.5899963,145.4900055,156.9299927,692.4799805,206.2799988
30-08-2024,119.3700027,148.5599976,162.8200073,701.3499756,214.1100006
02-09-2024,,,,,
03-09-2024,108,136.9400024,152.7899933,675.3200073,210.6000061
04-09-2024,106.2099991,140.8699951,154.1199951,679.6799927,219.4100037
05-09-2024,107.2099991,139.4400024,152.8200073,683.6199951,230.1699982
06-09-2024,102.8300018,134.3500061,137,665.7700195,210.7299957
09-09-2024,106.4700012,138.1499939,140.8200073,675.4199829,216.2700043
10-09-2024,108.0999985,142.8399963,148.2100067,673.6199951,226.1699982
11-09-2024,116.9100037,149.8600006,158.2700043,681.4699707,228.1300049
12-09-2024,119.1399994,150.7700043,164.5599976,686.7999878,229.8099976
13-09-2024,119.0999985,152.3099976,167.6900024,697.0599976,230.2899933
16-09-2024,116.7799988,152.0800018,164.0200043,696.5,226.7799988
17-09-2024,115.5899963,150.8200073,162.4700012,706.9099731,227.8699951
18-09-2024,113.3700027,148.2899933,161.6699982,690.4699707,227.1999969
19-09-2024,117.8700027,156.7400055,167.4199982,704.3200073,243.9199982
20-09-2024,116,155.9499969,171.1000061,701.0300293,238.25
23-09-2024,116.2600021,156.75,172.9400024,705.3699951,250
24-09-2024,120.8700027,158.3200073,174.8399963,722.2600098,254.2700043
25-09-2024,123.5100021,162.0200043,175.5200043,721.5599976,257.019989
26-09-2024,124.0400009,167.4900055,178.0899963,711.4299927,254.2200012
27-09-2024,121.4000015,164.3500061,172.6900024,707.3499756,260.4599915
30-09-2024,121.4400024,164.0800018,172.5,709.2700195,261.6300049
01-10-2024,117,159.75,167.4700012,706.1300049,258.019989
02-10-2024,118.8499985,159.7799988,170.6600037,711.0900269,249.0200043
03-10-2024,122.8499985,162.8500061,171.8899994,706.7999878,240.6600037
04-10-2024,124.9199982,170.8999939,176.6399994,719.7000122,250.0800018
07-10-2024,127.7200012,170.9700012,175.0800018,701.9199829,240.8300018
08-10-2024,132.8899994,172.8000031,180.7299957,721.7600098,244.5
09-10-2024,132.6499939,171.0200043,185.9499969,727.4299927,241.0500031
10-10-2024,134.8099976,164.1799927,185.6900024,730.289978,238.7700043
11-10-2024,134.8000031,167.8899994,181.4799957,722.789978,217.8000031
14-10-2024,138.0700073,165.2700043,182.3099976,713,219.1600037
15-10-2024,131.6000061,156.6399994,175.9799957,705.9799805,219.5700073
16-10-2024,135.7200012,156.1300049,176.8200073,702,221.3300018
17-10-2024,136.9299927,156.25,181.5299988,687.6500244,220.8899994
18-10-2024,138,155.9700012,179.8899994,763.8900146,220.6999969
21-10-2024,143.7100067,157.8999939,179.9900055,772.0700073,218.8500061
22-10-2024,143.5899963,154.0899963,179.3800049,764.2399902,217.9700012
23-10-2024,139.5599976,152.9100037,173.5099945,749.289978,213.6499939
24-10-2024,140.4100037,153.4400024,171.3500061,754.5499878,260.480011
25-10-2024,141.5399933,156.2299957,173,754.6799927,269.1900024
28-10-2024,140.5200043,159.9199982,172.0200043,749.1199951,262.5100098
29-10-2024,141.25,166.25,179.2400055,759.4400024,259.519989
30-10-2024,139.3399963,148.6000061,176.6399994,753.7399902,257.5499878
31-10-2024,132.7599945,144.0700073,169.7700043,756.0300293,249.8500061
01-11-2024,135.3999939,141.8600006,168.9199982,756.0999756,248.9799957
04-11-2024,136.0500031,140.7100067,168.5500031,755.5100098,242.8399963
05-11-2024,139.9100037,141.6600037,173.8999939,763.9099731,251.4400024
06-11-2024,145.6100006,145.1000061,179.5500031,780.210022,288.5299988
07-11-2024,148.8800049,149.8200073,183.8099976,796.539978,296.9100037
08-11-2024,147.6300049,147.9499969,183.6399994,795.039978,321.2200012
11-11-2024,145.2599945,147.3500061,178.9100037,805.4400024,350
12-11-2024,148.2899933,143.6300049,176.2200012,819.5,328.4899902
13-11-2024,146.2700043,139.3000031,173.5800018,830.4699707,330.2399902
14-11-2024,146.7599945,138.8399963,170.3800049,837.2600098,311.1799927
15-11-2024,141.9799957,134.8999939,164.8399963,823.960022,320.7200012
18-11-2024,140.1499939,138.9299927,165.6699982,847.0499878,338.7399902
19-11-2024,147.0099945,139.3899994,165.3500061,871.3200073,346
20-11-2024,145.8899994,137.6000061,163.25,883.8499756,342.0299988
21-11-2024,146.6699982,137.4900055,163.9400024,897.4799805,339.6400146
22-11-2024,141.9499969,138.3500061,164.2299957,897.789978,352.5599976
25-11-2024,136.0200043,141.1300049,164.8200073,865.5900269,338.5899963
26-11-2024,136.9199982,137.7200012,164.7400055,872.5999756,338.230011
27-11-2024,135.3399963,136.2400055,159.6699982,877.3400269,332.8900146
28-11-2024,,,,,
29-11-2024,138.25,137.1799927,162.0800018,886.8099976,345.1600037
02-12-2024,138.6300049,142.0599976,166.5099945,897.7399902,357.0899963
03-12-2024,140.2599945,141.9799957,168.1499939,902.1699829,351.4200134
04-12-2024,145.1399994,143.9900055,170.5599976,911.0599976,357.9299927
05-12-2024,145.0599976,141.3600006,170.4700012,917.8699951,369.4899902
06-12-2024,142.4400024,138.5899963,179.5299988,934.7399902,389.2200012
09-12-2024,138.8099976,130.8699951,178.9400024,913.6900024,389.7900085
10-12-2024,135.0700073,127.7399979,171.8099976,913.3499756,400.9899902
11-12-2024,139.3099976,130.1499939,183.1999969,936.5599976,424.769989
12-12-2024,137.3399963,130.6000061,180.6600037,925.5499878,418.1000061
13-12-2024,134.25,126.9100037,224.8000031,918.8699951,436.230011
16-12-2024,132,126.6900024,250,921.0800171,463.019989
17-12-2024,130.3899994,125.0199966,240.2299957,919.1300049,479.8599854
18-12-2024,128.9100037,121.4100037,223.6199951,889.5499878,440.1300049
19-12-2024,130.6799927,118.8799973,218.3200073,902.039978,436.1700134
20-12-2024,134.6999969,119.2099991,220.7899933,909.0499878,421.0599976
23-12-2024,139.6699982,124.5999985,232.3500061,911.4500122,430.6000061
24-12-2024,140.2200012,126.2900009,239.6799927,932.1199951,462.2799988
25-12-2024,,,,,
26-12-2024,139.9299927,125.0599976,245.3600006,924.1400146,454.1300049
27-12-2024,137.0099945,125.1900024,241.75,907.5499878,431.6600037
30-12-2024,137.4900055,122.4400024,235.5800018,900.4299927,417.4100037
31-12-2024,134.2899933,120.7900009,231.8399963,891.3200073,403.8399963
01-01-2025,,,,,
02-01-2025,138.3099976,120.6299973,231.9799957,886.7299805,379.2799988
03-01-2025,144.4700012,125.3700027,232.5500031,881.0499878,410.4400024
06-01-2025,149.4299927,129.5500031,236.4100037,881.789978,411.0499878
07-01-2025,140.1399994,127.3300018,228.6399994,879.1900024,394.3599854
08-01-2025,140.1100006,121.8399963,229.3099976,875,394.9400024
09-01-2025,,,,,
10-01-2025,135.9100037,116.0400009,224.3099976,837.6900024,394.7399902
13-01-2025,133.2299957,117.3199997,225.2899933,840.289978,403.3099976
14-01-2025,131.7599945,116.0899963,224.6999969,828.4000244,396.3599854
15-01-2025,136.2400055,119.9599991,228,848.2600098,428.2200012
16-01-2025,133.5700073,118.4400024,229.4100037,842.3699951,413.8200073
17-01-2025,137.7100067,121.4599991,237.4400024,858.0999756,426.5
20-01-2025,,,,,
21-01-2025,140.8300018,122.2799988,240.3099976,869.6799927,424.0700073
22-01-2025,147.0700073,123.75,240.9100037,953.9899902,415.1099854
23-01-2025,147.2200012,123.0400009,240.2799988,984.8599854,412.3800049
24-01-2025,142.6199951,122.8399963,244.6999969,977.5900269,406.5799866
27-01-2025,118.4199982,115.0100021,202.1300049,971.8900146,397.1499939
28-01-2025,128.9900055,114.1699982,207.3600006,971.8300171,398.0899963
29-01-2025,123.6999969,117.3499985,206.3500061,978.1500244,389.1000061
30-01-2025,124.6500015,118.8600006,215.6600037,973.2399902,400.2799988
31-01-2025,120.0699997,115.9499969,221.2700043,976.7600098,404.6000061
03-02-2025,116.6600037,114.2699966,217.7299957,978.9400024,383.6799927
04-02-2025,118.6500015,119.5,222.4299927,994.8699951,392.2099915
05-02-2025,124.8300018,112.0100021,232,1011.109985,378.1700134
06-02-2025,128.6799927,110.1600037,231.3600006,1015.679993,374.3200073
07-02-2025,129.8399963,107.5599976,224.8699951,1013.929993,361.6199951
10-02-2025,133.5700073,110.4800034,235.0399933,1027.599976,350.730011
11-02-2025,132.8000031,111.0999985,235.0399933,1008.080017,328.5
12-02-2025,131.1399994,111.7200012,236.3500061,1027.310059,336.5100098
13-02-2025,135.2899933,111.8099976,235.8000031,1043.689941,355.9400024
14-02-2025,138.8500061,113.0999985,233.0399933,1058.599976,355.8399963
17-02-2025,,,,,
18-02-2025,139.3999939,114.2799988,228.5299988,1035.849976,354.1099854
19-02-2025,139.2299957,114.6900024,228.7299957,1043.329956,360.5599976
20-02-2025,140.1100006,114.1699982,226.7400055,1024.540039,354.3999939
21-02-2025,134.4299927,110.8399963,218.6600037,1003.150024,337.7999878
24-02-2025,130.2799988,108.1100006,207.9299927,988.4699707,330.5299988
25-02-2025,126.6299973,103.9599991,202.5399933,977.2399902,302.7999878
26-02-2025,131.2799988,104.7399979,212.9400024,990.0599976,290.7999878
27-02-2025,120.1500015,99.51000214,197.8000031,963.0700073,281.9500122
28-02-2025,124.9199982,99.86000061,199.4299927,980.5599976,292.980011
03-03-2025,114.0599976,98.23000336,187.3699951,973.7000122,284.6499939
04-03-2025,115.9899979,100.75,187.4799957,972.5800171,272.0400085
05-03-2025,117.3000031,101.6699982,191.5800018,990.9199829,279.1000061
06-03-2025,110.5699997,98.84999847,179.4499969,906.3599854,263.4500122
07-03-2025,112.6900024,100.3099976,194.9600067,891.1099854,262.6700134
10-03-2025,106.9800034,96.62999725,184.4499969,866.6799927,222.1499939
11-03-2025,108.7600021,96.76000214,190.0899963,895.0999756,230.5800018
12-03-2025,115.7399979,100.7900009,194.2299957,919.6799927,248.0899963
13-03-2025,115.5800018,98.11000061,191.3600006,890.1699829,240.6799927
14-03-2025,121.6699982,100.9700012,195.5399933,918,249.9799957
17-03-2025,119.5299988,104.5899963,194.5,950.0200195,238.0099945
18-03-2025,115.4300003,103.5100021,188.6699982,929.9799805,225.3099976
19-03-2025,117.5199966,106.2300034,195.5700073,959.4899902,235.8600006
20-03-2025,118.5299988,107.1399994,190.5399933,950.8400269,236.2599945
21-03-2025,117.6999969,106.4400024,191.6600037,960.289978,248.7100067
24-03-2025,121.4100037,113.8499985,191.25,971.9899902,278.3900146
25-03-2025,120.6900024,114.8099976,188.2599945,997.2800293,288.1400146
26-03-2025,113.7600021,110.1900024,179.2700043,970.6500244,272.0599976
27-03-2025,111.4300003,106.6500015,171.9900055,976.7199707,273.1300049
28-03-2025,109.6699982,103.2200012,169.1199951,933.8499756,263.5499878
31-03-2025,108.3799973,102.7399979,167.4299927,932.5300293,259.1600037
01-04-2025,110.1500015,102.7799988,168.5200043,928.3800049,268.4599915
02-04-2025,110.4199982,102.9599991,172.0899963,935.5200195,282.7600098
03-04-2025,101.8000031,93.80000305,154.0099945,917.0499878,267.2799988
04-04-2025,94.30999756,85.76000214,146.2899933,855.8599854,239.4299927
07-04-2025,97.63999939,83.63999939,154.1399994,867.8300171,233.2899933
08-04-2025,96.30000305,78.20999908,156.0299988,870.4000244,221.8600006
09-04-2025,114.3300018,96.83999634,185.1499939,945.4699707,272.2000122
10-04-2025,107.5699997,88.69999695,172.3000031,921.1699829,252.3999939
11-04-2025,110.9300003,93.40000153,181.9400024,918.289978,252.3099976
14-04-2025,110.7099991,94.5,178.3600006,931.2800293,252.3500061
15-04-2025,112.1999969,95.29000092,178.9499969,976.2800293,254.1100006
16-04-2025,104.4899979,88.29000092,174.6100006,961.6300049,241.5500031
17-04-2025,101.4899979,87.5,170.9900055,973.0300293,241.3699951
18-04-2025,,,,,
21-04-2025,96.91000366,85.55999756,166.2100067,987.9099731,227.5
22-04-2025,98.88999939,86.26000214,169.5800018,1040.339966,237.9700012
23-04-2025,102.7099991,90.38999939,176.9100037,1049.589966,250.7400055
24-04-2025,106.4300003,94.47000122,188.1499939,1096.869995,259.5100098
25-04-2025,111.0100021,96.65000153,192.3099976,1101.530029,284.9500122
28-04-2025,108.7300034,96.38999939,192.4700012,1110.380005,285.8800049
29-04-2025,109.0199966,96.05999756,191.1699982,1125.640015,292.0299988
30-04-2025,108.9199982,97.34999847,192.4700012,1131.719971,282.1600037
01-05-2025,111.6100006,96.65000153,197.3300018,1133.469971,280.519989
02-05-2025,114.5,98.80000305,203.6399994,1156.48999,287.2099915
05-05-2025,113.8199997,100.5899963,200.7200012,1134.060059,280.2600098
06-05-2025,113.5400009,98.62000275,200.0899963,1137.689941,275.3500061
07-05-2025,117.0599976,100.3600006,204.8099976,1155.410034,276.2200012
08-05-2025,117.3700027,101.6999969,207.7700043,1144.430054,284.8200073
09-05-2025,116.6500015,102.8399963,208.1999969,1140.219971,298.2600098
12-05-2025,123,108.1200027,221.5800018,1110,318.3800049
13-05-2025,129.9299927,112.4599991,232.4199982,1138.439941,334.0700073
14-05-2025,135.3399963,117.7200012,232.1199951,1150.98999,347.6799927
15-05-2025,134.8300018,114.9899979,232.6399994,1177.97998,342.8200073
16-05-2025,135.3999939,117.1699982,228.6100006,1191.530029,349.980011
19-05-2025,135.5700073,114.7399979,230.6300049,1191.640015,342.0899963
20-05-2025,134.3800049,113.5100021,231.6799927,1192.02002,343.8200073
21-05-2025,131.8000031,112.0599976,229.7299957,1194.630005,334.6199951
22-05-2025,132.8300018,110.7099991,230.5299988,1187.969971,341.0400085
23-05-2025,131.2899933,110.3099976,228.7200012,1185.390015,339.3399963
26-05-2025,,,,,
27-05-2025,135.5,114.5599976,235.6499939,1211.569946,362.8900146
28-05-2025,134.8099976,112.8600006,239.4299927,1208.550049,356.8999939
29-05-2025,139.1900024,113.0299988,241.9700012,1184.859985,358.4299927
30-05-2025,135.1300049,110.7300034,242.0700073,1207.22998,346.4599915
02-06-2025,137.3800049,114.6299973,248.7100067,1218.97998,342.6900024
03-06-2025,141.2200012,117.3099976,256.8500061,1217.939941,344.269989
04-06-2025,141.9199982,118.5800018,261.0799866,1239.660034,332.0499878
05-06-2025,139.9900055,115.6900024,259.9299927,1250.52002,284.7000122
06-06-2025,141.7200012,116.1900024,246.9299927,1241.469971,295.1400146
09-06-2025,142.6300049,121.7300034,244.2799988,1224.459961,308.5799866
10-06-2025,143.9600067,123.2399979,244.6300049,1203.619995,326.0899963
11-06-2025,142.8300018,121.1399994,252.9100037,1219.880005,326.4299927
12-06-2025,145,118.5,256.0700073,1215.030029,319.1099854
13-06-2025,141.9700012,116.1600037,248.6999969,1212.150024,325.3099976
16-06-2025,144.6900024,126.3899994,252.1000061,1225.349976,329.1300049
17-06-2025,144.1199951,127.0999985,249.3699951,1220.670044,316.3500061
18-06-2025,145.4799957,126.7900009,251.2599945,1222.290039,322.0499878
19-06-2025,,,,,
20-06-2025,143.8500061,128.2400055,249.9900055,1231.410034,322.1600037
23-06-2025,144.1699982,129.5800018,253.7700043,1253.540039,348.6799927
24-06-2025,147.8999939,138.4299927,263.769989,1279.109985,340.4700012
25-06-2025,154.3099976,143.3999939,264.6499939,1275.25,327.5499878
26-06-2025,155.0200043,143.6799927,270.1700134,1306.670044,325.7799988
27-06-2025,157.75,143.8099976,269.3500061,1323.119995,323.6300049
30-06-2025,157.9900055,141.8999939,275.6499939,1339.130005,317.6600037
01-07-2025,153.3000031,136.1100006,264.7399902,1293.599976,300.7099915
02-07-2025,157.25,138.5200043,269.8999939,1284.859985,315.6499939
03-07-2025,159.3399963,137.9100037,275.1799927,1297.180054,315.3500061
04-07-2025,,,,,
04-07-2025,159.7415395,138.2440845,275.4145227,1300.438584,322.7267405
07-07-2025,159.9930905,138.341435,277.9471161,1302.729808,320.4441957
08-07-2025,160.0121055,138.2548851,276.0649134,1298.89998,319.1034377
09-07-2025,160.1560316,138.0164877,276.3264241,1300.188362,318.3625891
10-07-2025,160.3251262,138.3121979,276.9331614,1303.08686,318.2858907
11-07-2025,160.509194,138.1139755,278.0677327,1305.058487,315.9427826
14-07-2025,160.6979196,138.2336095,277.9649877,1306.375613,315.7017528
15-07-2025,160.8871692,138.3758934,278.6306588,1307.001404,319.910145
16-07-2025,161.0742779,138.4345891,279.0167381,1308.361808,318.8841184
17-07-2025,161.2595689,138.4679963,279.2408798,1310.04358,319.2896489
18-07-2025,161.4442031,138.5852879,279.7615378,1311.639604,319.0270679
21-07-2025,161.6292564,138.6343178,279.6784418,1313.090659,318.7757886
22-07-2025,161.814828,138.7109373,279.981283,1314.418384,318.7489885
23-07-2025,162.0004014,138.7912036,280.2375966,1315.829421,318.6942346
24-07-2025,162.1858327,138.8664012,280.5906147,1317.293805,318.7559606
25-07-2025,162.3711877,138.9422153,280.9024743,1318.76372,318.7451028
28-07-2025,162.5565769,139.0237677,281.2197414,1320.214157,319.4661335
29-07-2025,162.7420108,139.0968622,281.5457351,1321.646234,319.5206915
30-07-2025,162.9274441,139.1746489,281.8535613,1323.084942,319.5671007
31-07-2025,163.1128604,139.2523127,282.1901469,1324.530119,319.6249463
01-08-2025,163.2982694,139.3286143,282.4491644,1325.977125,319.6190492
04-08-2025,163.4836831,139.4055384,282.7474418,1327.422118,319.7225119
05-08-2025,163.6691017,139.4833651,283.0301393,1328.864948,319.7767955
06-08-2025,163.8545201,139.5600365,283.3207306,1330.308425,319.9099777
07-08-2025,164.0399366,139.6372348,283.6091615,1331.752643,319.9941075
08-08-2025,164.2253522,139.7143981,283.8901848,1333.197097,320.1523434
11-08-2025,164.4107684,139.7914048,284.1835422,1334.64126,320.2678373
12-08-2025,164.5961852,139.8685036,284.4785939,1336.085156,320.3533648
13-08-2025,164.7816019,139.9456764,284.7805555,1337.529136,320.456131
14-08-2025,164.9670184,140.0227287,285.0747466,1338.973232,320.5358553
15-08-2025,165.1524348,140.0998634,285.3721551,1340.417367,320.6390765
18-08-2025,165.3378513,140.1769805,285.6687154,1341.861458,320.7325377
19-08-2025,165.5232678,140.254071,285.9655037,1343.305507,320.8372749
20-08-2025,165.7086843,140.3311798,286.26053,1344.749562,320.9373511
21-08-2025,165.8941008,140.4082956,286.5517173,1346.193635,321.0389019
22-08-2025,166.0795173,140.4853959,286.8438717,1347.637717,321.1426881
25-08-2025,166.2649338,140.5625076,287.1362323,1349.081793,321.239999
26-08-2025,166.4503503,140.6396171,287.4299104,1350.525863,321.3419726
27-08-2025,166.6357668,140.7167233,287.7229294,1351.969933,321.4399412
28-08-2025,166.8211833,140.7938318,288.0163113,1353.414005,321.5406161
29-08-2025,167.0065998,140.8709405,288.3104357,1354.858079,321.6405636
01-09-2025,167.1920163,140.9480477,288.6052861,1356.302152,321.7407172
02-09-2025,167.3774328,141.0251564,288.9002958,1357.746224,321.8412364
03-09-2025,167.5628493,141.1022647,289.1946125,1359.190297,321.9406361
04-09-2025,167.7482659,141.1793725,289.4887876,1360.634369,322.0411101
05-09-2025,167.9336824,141.2564808,289.7828456,1362.078442,322.1407244
08-09-2025,168.1190989,141.333589,290.0769515,1363.522514,322.2411056
09-09-2025,168.3045154,141.410697,290.3707774,1364.966587,322.3412087
10-09-2025,168.4899319,141.4878053,290.6643803,1366.410659,322.4413867
11-09-2025,168.6753484,141.5649134,290.9580232,1367.854732,322.5416787
12-09-2025,168.8607649,141.6420216,291.2518464,1369.298804,322.6417191
15-09-2025,169.0461814,141.7191297,291.5458336,1370.742877,322.7419302
16-09-2025,169.2315979,141.7962379,291.8398076,1372.186949,322.8418758
17-09-2025,169.4170144,141.873346,292.1338044,1373.631022,322.9419689
18-09-2025,169.6024309,141.9504542,292.4278521,1375.075094,323.0420033
19-09-2025,169.7878474,142.0275623,292.7219666,1376.519167,323.1421057
22-09-2025,169.9732639,142.1046705,293.0160578,1377.963239,323.2422536
23-09-2025,170.1586804,142.1817787,293.3100686,1379.407312,323.3423648
24-09-2025,170.3440969,142.2588868,293.6040283,1380.851384,323.4425263
25-09-2025,170.5295134,142.335995,293.8979778,1382.295457,323.5426281
