Customer_Name,Date,Savings,Invested_In,Percentage_Growth,Risk_Metric
Customer A,2015-01-01,18000.99,Savings Account,0.0055,medium
Customer B,2015-01-01,24503.33,SSE and HSBC stock,0.0136,low
Customer A,2015-01-02,18001.98,Savings Account,0.011,medium
Customer B,2015-01-02,24506.65,SSE and HSBC stock,0.0272,low
Customer A,2015-01-03,18002.97,Savings Account,0.0165,medium
Customer B,2015-01-03,24509.98,SSE and HSBC stock,0.0407,low
Customer A,2015-01-04,18003.97,Savings Account,0.022,medium
Customer B,2015-01-04,24513.31,SSE and HSBC stock,0.0543,low
Customer A,2015-01-05,18004.96,Savings Account,0.0275,medium
Customer B,2015-01-05,24516.64,SSE and HSBC stock,0.0679,low
Customer A,2015-01-06,18005.95,Savings Account,0.033,medium
Customer B,2015-01-06,24519.97,SSE and HSBC stock,0.0815,low
Customer A,2015-01-07,18006.94,Savings Account,0.0386,medium
Customer B,2015-01-07,24523.3,SSE and HSBC stock,0.0951,low
Customer A,2015-01-08,18007.93,Savings Account,0.0441,medium
Customer B,2015-01-08,24526.63,SSE and HSBC stock,0.1087,low
Customer A,2015-01-09,18008.92,Savings Account,0.0496,medium
Customer B,2015-01-09,24529.96,SSE and HSBC stock,0.1223,low
Customer A,2015-01-10,18009.91,Savings Account,0.0551,medium
Customer B,2015-01-10,24533.29,SSE and HSBC stock,0.1359,low
Customer A,2015-01-11,18010.91,Savings Account,0.0606,medium
Customer B,2015-01-11,24536.62,SSE and HSBC stock,0.1495,low
Customer A,2015-01-12,18011.9,Savings Account,0.0661,medium
Customer B,2015-01-12,24539.95,SSE and HSBC stock,0.1631,low
Customer A,2015-01-13,18012.89,Savings Account,0.0716,medium
Customer B,2015-01-13,24543.28,SSE and HSBC stock,0.1767,low
Customer A,2015-01-14,18013.88,Savings Account,0.0771,medium
Customer B,2015-01-14,24546.62,SSE and HSBC stock,0.1903,low
Customer A,2015-01-15,18014.87,Savings Account,0.0826,medium
Customer B,2015-01-15,24549.95,SSE and HSBC stock,0.2039,low
Customer A,2015-01-16,18015.87,Savings Account,0.0881,medium
Customer B,2015-01-16,24553.28,SSE and HSBC stock,0.2175,low
Customer A,2015-01-17,18016.86,Savings Account,0.0937,medium
Customer B,2015-01-17,24556.62,SSE and HSBC stock,0.2311,low
Customer A,2015-01-18,18017.85,Savings Account,0.0992,medium
Customer B,2015-01-18,24559.95,SSE and HSBC stock,0.2447,low
Customer A,2015-01-19,18018.84,Savings Account,0.1047,medium
Customer B,2015-01-19,24563.29,SSE and HSBC stock,0.2583,low
Customer A,2015-01-20,18019.84,Savings Account,0.1102,medium
Customer B,2015-01-20,24566.62,SSE and HSBC stock,0.2719,low
Customer A,2015-01-21,18020.83,Savings Account,0.1157,medium
Customer B,2015-01-21,24569.96,SSE and HSBC stock,0.2855,low
Customer A,2015-01-22,18021.82,Savings Account,0.1212,medium
Customer B,2015-01-22,24573.29,SSE and HSBC stock,0.2992,low
Customer A,2015-01-23,18022.81,Savings Account,0.1267,medium
Customer B,2015-01-23,24576.63,SSE and HSBC stock,0.3128,low
Customer A,2015-01-24,18023.8,Savings Account,0.1322,medium
Customer B,2015-01-24,24579.97,SSE and HSBC stock,0.3264,low
Customer A,2015-01-25,18024.8,Savings Account,0.1378,medium
Customer B,2015-01-25,24583.3,SSE and HSBC stock,0.34,low
Customer A,2015-01-26,18025.79,Savings Account,0.1433,medium
Customer B,2015-01-26,24586.64,SSE and HSBC stock,0.3536,low
Customer A,2015-01-27,18026.78,Savings Account,0.1488,medium
Customer B,2015-01-27,24589.98,SSE and HSBC stock,0.3673,low
Customer A,2015-01-28,18027.78,Savings Account,0.1543,medium
Customer B,2015-01-28,24593.32,SSE and HSBC stock,0.3809,low
Customer A,2015-01-29,18028.77,Savings Account,0.1598,medium
Customer B,2015-01-29,24596.66,SSE and HSBC stock,0.3945,low
Customer A,2015-01-30,18029.76,Savings Account,0.1653,medium
Customer B,2015-01-30,24600.0,SSE and HSBC stock,0.4082,low
Customer A,2015-01-31,18030.75,Savings Account,0.1709,medium
Customer B,2015-01-31,24603.34,SSE and HSBC stock,0.4218,low
Customer A,2015-02-01,18031.75,Savings Account,0.1764,medium
Customer B,2015-02-01,24606.68,SSE and HSBC stock,0.4354,low
Customer A,2015-02-02,18032.74,Savings Account,0.1819,medium
Customer B,2015-02-02,24610.02,SSE and HSBC stock,0.4491,low
Customer A,2015-02-03,18033.73,Savings Account,0.1874,medium
Customer B,2015-02-03,24613.36,SSE and HSBC stock,0.4627,low
Customer A,2015-02-04,18034.73,Savings Account,0.1929,medium
Customer B,2015-02-04,24616.71,SSE and HSBC stock,0.4763,low
Customer A,2015-02-05,18035.72,Savings Account,0.1984,medium
Customer B,2015-02-05,24620.05,SSE and HSBC stock,0.49,low
Customer A,2015-02-06,18036.71,Savings Account,0.204,medium
Customer B,2015-02-06,24623.39,SSE and HSBC stock,0.5036,low
Customer A,2015-02-07,18037.71,Savings Account,0.2095,medium
Customer B,2015-02-07,24626.73,SSE and HSBC stock,0.5173,low
Customer A,2015-02-08,18038.7,Savings Account,0.215,medium
Customer B,2015-02-08,24630.08,SSE and HSBC stock,0.5309,low
Customer A,2015-02-09,18039.69,Savings Account,0.2205,medium
Customer B,2015-02-09,24633.42,SSE and HSBC stock,0.5446,low
Customer A,2015-02-10,18040.69,Savings Account,0.226,medium
Customer B,2015-02-10,24636.77,SSE and HSBC stock,0.5582,low
Customer A,2015-02-11,18041.68,Savings Account,0.2315,medium
Customer B,2015-02-11,24640.11,SSE and HSBC stock,0.5719,low
Customer A,2015-02-12,18042.67,Savings Account,0.2371,medium
Customer B,2015-02-12,24643.46,SSE and HSBC stock,0.5855,low
Customer A,2015-02-13,18043.67,Savings Account,0.2426,medium
Customer B,2015-02-13,24646.8,SSE and HSBC stock,0.5992,low
Customer A,2015-02-14,18044.66,Savings Account,0.2481,medium
Customer B,2015-02-14,24650.15,SSE and HSBC stock,0.6129,low
Customer A,2015-02-15,18045.65,Savings Account,0.2536,medium
Customer B,2015-02-15,24653.5,SSE and HSBC stock,0.6265,low
Customer A,2015-02-16,18046.65,Savings Account,0.2592,medium
Customer B,2015-02-16,24656.85,SSE and HSBC stock,0.6402,low
Customer A,2015-02-17,18047.64,Savings Account,0.2647,medium
Customer B,2015-02-17,24660.19,SSE and HSBC stock,0.6539,low
Customer A,2015-02-18,18048.63,Savings Account,0.2702,medium
Customer B,2015-02-18,24663.54,SSE and HSBC stock,0.6675,low
Customer A,2015-02-19,18049.63,Savings Account,0.2757,medium
Customer B,2015-02-19,24666.89,SSE and HSBC stock,0.6812,low
Customer A,2015-02-20,18050.62,Savings Account,0.2812,medium
Customer B,2015-02-20,24670.24,SSE and HSBC stock,0.6949,low
Customer A,2015-02-21,18051.62,Savings Account,0.2868,medium
Customer B,2015-02-21,24673.59,SSE and HSBC stock,0.7085,low
Customer A,2015-02-22,18052.61,Savings Account,0.2923,medium
Customer B,2015-02-22,24676.94,SSE and HSBC stock,0.7222,low
Customer A,2015-02-23,18053.6,Savings Account,0.2978,medium
Customer B,2015-02-23,24680.29,SSE and HSBC stock,0.7359,low
Customer A,2015-02-24,18054.6,Savings Account,0.3033,medium
Customer B,2015-02-24,24683.64,SSE and HSBC stock,0.7496,low
Customer A,2015-02-25,18055.59,Savings Account,0.3089,medium
Customer B,2015-02-25,24686.99,SSE and HSBC stock,0.7632,low
Customer A,2015-02-26,18056.59,Savings Account,0.3144,medium
Customer B,2015-02-26,24690.35,SSE and HSBC stock,0.7769,low
Customer A,2015-02-27,18057.58,Savings Account,0.3199,medium
Customer B,2015-02-27,24693.7,SSE and HSBC stock,0.7906,low
Customer A,2015-02-28,18058.58,Savings Account,0.3254,medium
Customer B,2015-02-28,24697.05,SSE and HSBC stock,0.8043,low
Customer A,2015-03-01,18059.57,Savings Account,0.3309,medium
Customer B,2015-03-01,24700.41,SSE and HSBC stock,0.818,low
Customer A,2015-03-02,18060.57,Savings Account,0.3365,medium
Customer B,2015-03-02,24703.76,SSE and HSBC stock,0.8317,low
Customer A,2015-03-03,18061.56,Savings Account,0.342,medium
Customer B,2015-03-03,24707.11,SSE and HSBC stock,0.8454,low
Customer A,2015-03-04,18062.55,Savings Account,0.3475,medium
Customer B,2015-03-04,24710.47,SSE and HSBC stock,0.8591,low
Customer A,2015-03-05,18063.55,Savings Account,0.3531,medium
Customer B,2015-03-05,24713.82,SSE and HSBC stock,0.8728,low
Customer A,2015-03-06,18064.54,Savings Account,0.3586,medium
Customer B,2015-03-06,24717.18,SSE and HSBC stock,0.8865,low
Customer A,2015-03-07,18065.54,Savings Account,0.3641,medium
Customer B,2015-03-07,24720.54,SSE and HSBC stock,0.9001,low
Customer A,2015-03-08,18066.53,Savings Account,0.3696,medium
Customer B,2015-03-08,24723.89,SSE and HSBC stock,0.9138,low
Customer A,2015-03-09,18067.53,Savings Account,0.3752,medium
Customer B,2015-03-09,24727.25,SSE and HSBC stock,0.9276,low
Customer A,2015-03-10,18068.52,Savings Account,0.3807,medium
Customer B,2015-03-10,24730.61,SSE and HSBC stock,0.9413,low
Customer A,2015-03-11,18069.52,Savings Account,0.3862,medium
Customer B,2015-03-11,24733.97,SSE and HSBC stock,0.955,low
Customer A,2015-03-12,18070.51,Savings Account,0.3917,medium
Customer B,2015-03-12,24737.32,SSE and HSBC stock,0.9687,low
Customer A,2015-03-13,18071.51,Savings Account,0.3973,medium
Customer B,2015-03-13,24740.68,SSE and HSBC stock,0.9824,low
Customer A,2015-03-14,18072.5,Savings Account,0.4028,medium
Customer B,2015-03-14,24744.04,SSE and HSBC stock,0.9961,low
Customer A,2015-03-15,18073.5,Savings Account,0.4083,medium
Customer B,2015-03-15,24747.4,SSE and HSBC stock,1.0098,low
Customer A,2015-03-16,18074.49,Savings Account,0.4139,medium
Customer B,2015-03-16,24750.76,SSE and HSBC stock,1.0235,low
Customer A,2015-03-17,18075.49,Savings Account,0.4194,medium
Customer B,2015-03-17,24754.12,SSE and HSBC stock,1.0372,low
Customer A,2015-03-18,18076.48,Savings Account,0.4249,medium
Customer B,2015-03-18,24757.49,SSE and HSBC stock,1.051,low
Customer A,2015-03-19,18077.48,Savings Account,0.4304,medium
Customer B,2015-03-19,24760.85,SSE and HSBC stock,1.0647,low
Customer A,2015-03-20,18078.48,Savings Account,0.436,medium
Customer B,2015-03-20,24764.21,SSE and HSBC stock,1.0784,low
Customer A,2015-03-21,18079.47,Savings Account,0.4415,medium
Customer B,2015-03-21,24767.57,SSE and HSBC stock,1.0921,low
Customer A,2015-03-22,18080.47,Savings Account,0.447,medium
Customer B,2015-03-22,24770.93,SSE and HSBC stock,1.1059,low
Customer A,2015-03-23,18081.46,Savings Account,0.4526,medium
Customer B,2015-03-23,24774.3,SSE and HSBC stock,1.1196,low
Customer A,2015-03-24,18082.46,Savings Account,0.4581,medium
Customer B,2015-03-24,24777.66,SSE and HSBC stock,1.1333,low
Customer A,2015-03-25,18083.45,Savings Account,0.4636,medium
Customer B,2015-03-25,24781.03,SSE and HSBC stock,1.147,low
Customer A,2015-03-26,18084.45,Savings Account,0.4692,medium
Customer B,2015-03-26,24784.39,SSE and HSBC stock,1.1608,low
Customer A,2015-03-27,18085.45,Savings Account,0.4747,medium
Customer B,2015-03-27,24787.76,SSE and HSBC stock,1.1745,low
Customer A,2015-03-28,18086.44,Savings Account,0.4802,medium
Customer B,2015-03-28,24791.12,SSE and HSBC stock,1.1883,low
Customer A,2015-03-29,18087.44,Savings Account,0.4858,medium
Customer B,2015-03-29,24794.49,SSE and HSBC stock,1.202,low
Customer A,2015-03-30,18088.43,Savings Account,0.4913,medium
Customer B,2015-03-30,24797.86,SSE and HSBC stock,1.2157,low
Customer A,2015-03-31,18089.43,Savings Account,0.4968,medium
Customer B,2015-03-31,24801.22,SSE and HSBC stock,1.2295,low
Customer A,2015-04-01,18090.43,Savings Account,0.5024,medium
Customer B,2015-04-01,24804.59,SSE and HSBC stock,1.2432,low
Customer A,2015-04-02,18091.42,Savings Account,0.5079,medium
Customer B,2015-04-02,24807.96,SSE and HSBC stock,1.257,low
Customer A,2015-04-03,18092.42,Savings Account,0.5134,medium
Customer B,2015-04-03,24811.33,SSE and HSBC stock,1.2707,low
Customer A,2015-04-04,18093.41,Savings Account,0.519,medium
Customer B,2015-04-04,24814.7,SSE and HSBC stock,1.2845,low
Customer A,2015-04-05,18094.41,Savings Account,0.5245,medium
Customer B,2015-04-05,24818.07,SSE and HSBC stock,1.2982,low
Customer A,2015-04-06,18095.41,Savings Account,0.53,medium
Customer B,2015-04-06,24821.44,SSE and HSBC stock,1.312,low
Customer A,2015-04-07,18096.4,Savings Account,0.5356,medium
Customer B,2015-04-07,24824.81,SSE and HSBC stock,1.3257,low
Customer A,2015-04-08,18097.4,Savings Account,0.5411,medium
Customer B,2015-04-08,24828.18,SSE and HSBC stock,1.3395,low
Customer A,2015-04-09,18098.4,Savings Account,0.5467,medium
Customer B,2015-04-09,24831.55,SSE and HSBC stock,1.3533,low
Customer A,2015-04-10,18099.39,Savings Account,0.5522,medium
Customer B,2015-04-10,24834.92,SSE and HSBC stock,1.367,low
Customer A,2015-04-11,18100.39,Savings Account,0.5577,medium
Customer B,2015-04-11,24838.29,SSE and HSBC stock,1.3808,low
Customer A,2015-04-12,18101.39,Savings Account,0.5633,medium
Customer B,2015-04-12,24841.66,SSE and HSBC stock,1.3945,low
Customer A,2015-04-13,18102.38,Savings Account,0.5688,medium
Customer B,2015-04-13,24845.04,SSE and HSBC stock,1.4083,low
Customer A,2015-04-14,18103.38,Savings Account,0.5743,medium
Customer B,2015-04-14,24848.41,SSE and HSBC stock,1.4221,low
Customer A,2015-04-15,18104.38,Savings Account,0.5799,medium
Customer B,2015-04-15,24851.79,SSE and HSBC stock,1.4359,low
Customer A,2015-04-16,18105.38,Savings Account,0.5854,medium
Customer B,2015-04-16,24855.16,SSE and HSBC stock,1.4496,low
Customer A,2015-04-17,18106.37,Savings Account,0.591,medium
Customer B,2015-04-17,24858.53,SSE and HSBC stock,1.4634,low
Customer A,2015-04-18,18107.37,Savings Account,0.5965,medium
Customer B,2015-04-18,24861.91,SSE and HSBC stock,1.4772,low
Customer A,2015-04-19,18108.37,Savings Account,0.602,medium
Customer B,2015-04-19,24865.29,SSE and HSBC stock,1.491,low
Customer A,2015-04-20,18109.36,Savings Account,0.6076,medium
Customer B,2015-04-20,24868.66,SSE and HSBC stock,1.5047,low
Customer A,2015-04-21,18110.36,Savings Account,0.6131,medium
Customer B,2015-04-21,24872.04,SSE and HSBC stock,1.5185,low
Customer A,2015-04-22,18111.36,Savings Account,0.6187,medium
Customer B,2015-04-22,24875.42,SSE and HSBC stock,1.5323,low
Customer A,2015-04-23,18112.36,Savings Account,0.6242,medium
Customer B,2015-04-23,24878.79,SSE and HSBC stock,1.5461,low
Customer A,2015-04-24,18113.35,Savings Account,0.6297,medium
Customer B,2015-04-24,24882.17,SSE and HSBC stock,1.5599,low
Customer A,2015-04-25,18114.35,Savings Account,0.6353,medium
Customer B,2015-04-25,24885.55,SSE and HSBC stock,1.5737,low
Customer A,2015-04-26,18115.35,Savings Account,0.6408,medium
Customer B,2015-04-26,24888.93,SSE and HSBC stock,1.5875,low
Customer A,2015-04-27,18116.35,Savings Account,0.6464,medium
Customer B,2015-04-27,24892.31,SSE and HSBC stock,1.6013,low
Customer A,2015-04-28,18117.34,Savings Account,0.6519,medium
Customer B,2015-04-28,24895.69,SSE and HSBC stock,1.6151,low
Customer A,2015-04-29,18118.34,Savings Account,0.6574,medium
Customer B,2015-04-29,24899.07,SSE and HSBC stock,1.6289,low
Customer A,2015-04-30,18119.34,Savings Account,0.663,medium
Customer B,2015-04-30,24902.45,SSE and HSBC stock,1.6427,low
Customer A,2015-05-01,18120.34,Savings Account,0.6685,medium
Customer B,2015-05-01,24905.83,SSE and HSBC stock,1.6565,low
Customer A,2015-05-02,18121.33,Savings Account,0.6741,medium
Customer B,2015-05-02,24909.21,SSE and HSBC stock,1.6703,low
Customer A,2015-05-03,18122.33,Savings Account,0.6796,medium
Customer B,2015-05-03,24912.6,SSE and HSBC stock,1.6841,low
Customer A,2015-05-04,18123.33,Savings Account,0.6852,medium
Customer B,2015-05-04,24915.98,SSE and HSBC stock,1.6979,low
Customer A,2015-05-05,18124.33,Savings Account,0.6907,medium
Customer B,2015-05-05,24919.36,SSE and HSBC stock,1.7117,low
Customer A,2015-05-06,18125.33,Savings Account,0.6963,medium
Customer B,2015-05-06,24922.75,SSE and HSBC stock,1.7255,low
Customer A,2015-05-07,18126.32,Savings Account,0.7018,medium
Customer B,2015-05-07,24926.13,SSE and HSBC stock,1.7393,low
Customer A,2015-05-08,18127.32,Savings Account,0.7073,medium
Customer B,2015-05-08,24929.52,SSE and HSBC stock,1.7531,low
Customer A,2015-05-09,18128.32,Savings Account,0.7129,medium
Customer B,2015-05-09,24932.9,SSE and HSBC stock,1.7669,low
Customer A,2015-05-10,18129.32,Savings Account,0.7184,medium
Customer B,2015-05-10,24936.29,SSE and HSBC stock,1.7808,low
Customer A,2015-05-11,18130.32,Savings Account,0.724,medium
Customer B,2015-05-11,24939.67,SSE and HSBC stock,1.7946,low
Customer A,2015-05-12,18131.32,Savings Account,0.7295,medium
Customer B,2015-05-12,24943.06,SSE and HSBC stock,1.8084,low
Customer A,2015-05-13,18132.31,Savings Account,0.7351,medium
Customer B,2015-05-13,24946.45,SSE and HSBC stock,1.8222,low
Customer A,2015-05-14,18133.31,Savings Account,0.7406,medium
Customer B,2015-05-14,24949.83,SSE and HSBC stock,1.8361,low
Customer A,2015-05-15,18134.31,Savings Account,0.7462,medium
Customer B,2015-05-15,24953.22,SSE and HSBC stock,1.8499,low
Customer A,2015-05-16,18135.31,Savings Account,0.7517,medium
Customer B,2015-05-16,24956.61,SSE and HSBC stock,1.8637,low
Customer A,2015-05-17,18136.31,Savings Account,0.7573,medium
Customer B,2015-05-17,24960.0,SSE and HSBC stock,1.8775,low
Customer A,2015-05-18,18137.31,Savings Account,0.7628,medium
Customer B,2015-05-18,24963.39,SSE and HSBC stock,1.8914,low
Customer A,2015-05-19,18138.31,Savings Account,0.7684,medium
Customer B,2015-05-19,24966.78,SSE and HSBC stock,1.9052,low
Customer A,2015-05-20,18139.31,Savings Account,0.7739,medium
Customer B,2015-05-20,24970.17,SSE and HSBC stock,1.919,low
Customer A,2015-05-21,18140.3,Savings Account,0.7795,medium
Customer B,2015-05-21,24973.56,SSE and HSBC stock,1.9329,low
Customer A,2015-05-22,18141.3,Savings Account,0.785,medium
Customer B,2015-05-22,24976.95,SSE and HSBC stock,1.9467,low
Customer A,2015-05-23,18142.3,Savings Account,0.7906,medium
Customer B,2015-05-23,24980.34,SSE and HSBC stock,1.9606,low
Customer A,2015-05-24,18143.3,Savings Account,0.7961,medium
Customer B,2015-05-24,24983.73,SSE and HSBC stock,1.9744,low
Customer A,2015-05-25,18144.3,Savings Account,0.8017,medium
Customer B,2015-05-25,24987.12,SSE and HSBC stock,1.9883,low
Customer A,2015-05-26,18145.3,Savings Account,0.8072,medium
Customer B,2015-05-26,24990.52,SSE and HSBC stock,2.0021,low
Customer A,2015-05-27,18146.3,Savings Account,0.8128,medium
Customer B,2015-05-27,24993.91,SSE and HSBC stock,2.016,low
Customer A,2015-05-28,18147.3,Savings Account,0.8183,medium
Customer B,2015-05-28,24997.3,SSE and HSBC stock,2.0298,low
Customer A,2015-05-29,18148.3,Savings Account,0.8239,medium
Customer B,2015-05-29,25000.7,SSE and HSBC stock,2.0437,low
Customer A,2015-05-30,18149.3,Savings Account,0.8294,medium
Customer B,2015-05-30,25004.09,SSE and HSBC stock,2.0575,low
Customer A,2015-05-31,18150.3,Savings Account,0.835,medium
Customer B,2015-05-31,25007.49,SSE and HSBC stock,2.0714,low
Customer A,2015-06-01,18151.3,Savings Account,0.8405,medium
Customer B,2015-06-01,25010.88,SSE and HSBC stock,2.0852,low
Customer A,2015-06-02,18152.3,Savings Account,0.8461,medium
Customer B,2015-06-02,25014.28,SSE and HSBC stock,2.0991,low
Customer A,2015-06-03,18153.29,Savings Account,0.8516,medium
Customer B,2015-06-03,25017.68,SSE and HSBC stock,2.113,low
Customer A,2015-06-04,18154.29,Savings Account,0.8572,medium
Customer B,2015-06-04,25021.07,SSE and HSBC stock,2.1268,low
Customer A,2015-06-05,18155.29,Savings Account,0.8627,medium
Customer B,2015-06-05,25024.47,SSE and HSBC stock,2.1407,low
Customer A,2015-06-06,18156.29,Savings Account,0.8683,medium
Customer B,2015-06-06,25027.87,SSE and HSBC stock,2.1546,low
Customer A,2015-06-07,18157.29,Savings Account,0.8739,medium
Customer B,2015-06-07,25031.27,SSE and HSBC stock,2.1684,low
Customer A,2015-06-08,18158.29,Savings Account,0.8794,medium
Customer B,2015-06-08,25034.67,SSE and HSBC stock,2.1823,low
Customer A,2015-06-09,18159.29,Savings Account,0.885,medium
Customer B,2015-06-09,25038.07,SSE and HSBC stock,2.1962,low
Customer A,2015-06-10,18160.29,Savings Account,0.8905,medium
Customer B,2015-06-10,25041.47,SSE and HSBC stock,2.2101,low
Customer A,2015-06-11,18161.29,Savings Account,0.8961,medium
Customer B,2015-06-11,25044.87,SSE and HSBC stock,2.2239,low
Customer A,2015-06-12,18162.29,Savings Account,0.9016,medium
Customer B,2015-06-12,25048.27,SSE and HSBC stock,2.2378,low
Customer A,2015-06-13,18163.29,Savings Account,0.9072,medium
Customer B,2015-06-13,25051.67,SSE and HSBC stock,2.2517,low
Customer A,2015-06-14,18164.29,Savings Account,0.9127,medium
Customer B,2015-06-14,25055.07,SSE and HSBC stock,2.2656,low
Customer A,2015-06-15,18165.29,Savings Account,0.9183,medium
Customer B,2015-06-15,25058.47,SSE and HSBC stock,2.2795,low
Customer A,2015-06-16,18166.29,Savings Account,0.9239,medium
Customer B,2015-06-16,25061.87,SSE and HSBC stock,2.2934,low
Customer A,2015-06-17,18167.3,Savings Account,0.9294,medium
Customer B,2015-06-17,25065.28,SSE and HSBC stock,2.3073,low
Customer A,2015-06-18,18168.3,Savings Account,0.935,medium
Customer B,2015-06-18,25068.68,SSE and HSBC stock,2.3211,low
Customer A,2015-06-19,18169.3,Savings Account,0.9405,medium
Customer B,2015-06-19,25072.08,SSE and HSBC stock,2.335,low
Customer A,2015-06-20,18170.3,Savings Account,0.9461,medium
Customer B,2015-06-20,25075.49,SSE and HSBC stock,2.3489,low
Customer A,2015-06-21,18171.3,Savings Account,0.9517,medium
Customer B,2015-06-21,25078.89,SSE and HSBC stock,2.3628,low
Customer A,2015-06-22,18172.3,Savings Account,0.9572,medium
Customer B,2015-06-22,25082.3,SSE and HSBC stock,2.3767,low
Customer A,2015-06-23,18173.3,Savings Account,0.9628,medium
Customer B,2015-06-23,25085.7,SSE and HSBC stock,2.3906,low
Customer A,2015-06-24,18174.3,Savings Account,0.9683,medium
Customer B,2015-06-24,25089.11,SSE and HSBC stock,2.4045,low
Customer A,2015-06-25,18175.3,Savings Account,0.9739,medium
Customer B,2015-06-25,25092.52,SSE and HSBC stock,2.4184,low
Customer A,2015-06-26,18176.3,Savings Account,0.9795,medium
Customer B,2015-06-26,25095.92,SSE and HSBC stock,2.4323,low
Customer A,2015-06-27,18177.3,Savings Account,0.985,medium
Customer B,2015-06-27,25099.33,SSE and HSBC stock,2.4463,low
Customer A,2015-06-28,18178.3,Savings Account,0.9906,medium
Customer B,2015-06-28,25102.74,SSE and HSBC stock,2.4602,low
Customer A,2015-06-29,18179.3,Savings Account,0.9961,medium
Customer B,2015-06-29,25106.15,SSE and HSBC stock,2.4741,low
Customer A,2015-06-30,18180.31,Savings Account,1.0017,medium
Customer B,2015-06-30,25109.56,SSE and HSBC stock,2.488,low
Customer A,2015-07-01,18181.31,Savings Account,1.0073,medium
Customer B,2015-07-01,25112.97,SSE and HSBC stock,2.5019,low
Customer A,2015-07-02,18182.31,Savings Account,1.0128,medium
Customer B,2015-07-02,25116.38,SSE and HSBC stock,2.5158,low
Customer A,2015-07-03,18183.31,Savings Account,1.0184,medium
Customer B,2015-07-03,25119.79,SSE and HSBC stock,2.5297,low
Customer A,2015-07-04,18184.31,Savings Account,1.0239,medium
Customer B,2015-07-04,25123.2,SSE and HSBC stock,2.5437,low
Customer A,2015-07-05,18185.31,Savings Account,1.0295,medium
Customer B,2015-07-05,25126.61,SSE and HSBC stock,2.5576,low
Customer A,2015-07-06,18186.31,Savings Account,1.0351,medium
Customer B,2015-07-06,25130.02,SSE and HSBC stock,2.5715,low
Customer A,2015-07-07,18187.31,Savings Account,1.0406,medium
Customer B,2015-07-07,25133.43,SSE and HSBC stock,2.5854,low
Customer A,2015-07-08,18188.32,Savings Account,1.0462,medium
Customer B,2015-07-08,25136.85,SSE and HSBC stock,2.5994,low
Customer A,2015-07-09,18189.32,Savings Account,1.0518,medium
Customer B,2015-07-09,25140.26,SSE and HSBC stock,2.6133,low
Customer A,2015-07-10,18190.32,Savings Account,1.0573,medium
Customer B,2015-07-10,25143.67,SSE and HSBC stock,2.6272,low
Customer A,2015-07-11,18191.32,Savings Account,1.0629,medium
Customer B,2015-07-11,25147.09,SSE and HSBC stock,2.6412,low
Customer A,2015-07-12,18192.32,Savings Account,1.0685,medium
Customer B,2015-07-12,25150.5,SSE and HSBC stock,2.6551,low
Customer A,2015-07-13,18193.32,Savings Account,1.074,medium
Customer B,2015-07-13,25153.92,SSE and HSBC stock,2.6691,low
Customer A,2015-07-14,18194.33,Savings Account,1.0796,medium
Customer B,2015-07-14,25157.33,SSE and HSBC stock,2.683,low
Customer A,2015-07-15,18195.33,Savings Account,1.0852,medium
Customer B,2015-07-15,25160.75,SSE and HSBC stock,2.6969,low
Customer A,2015-07-16,18196.33,Savings Account,1.0907,medium
Customer B,2015-07-16,25164.17,SSE and HSBC stock,2.7109,low
Customer A,2015-07-17,18197.33,Savings Account,1.0963,medium
Customer B,2015-07-17,25167.58,SSE and HSBC stock,2.7248,low
Customer A,2015-07-18,18198.33,Savings Account,1.1019,medium
Customer B,2015-07-18,25171.0,SSE and HSBC stock,2.7388,low
Customer A,2015-07-19,18199.34,Savings Account,1.1074,medium
Customer B,2015-07-19,25174.42,SSE and HSBC stock,2.7527,low
Customer A,2015-07-20,18200.34,Savings Account,1.113,medium
Customer B,2015-07-20,25177.84,SSE and HSBC stock,2.7667,low
Customer A,2015-07-21,18201.34,Savings Account,1.1186,medium
Customer B,2015-07-21,25181.26,SSE and HSBC stock,2.7806,low
Customer A,2015-07-22,18202.34,Savings Account,1.1241,medium
Customer B,2015-07-22,25184.67,SSE and HSBC stock,2.7946,low
Customer A,2015-07-23,18203.35,Savings Account,1.1297,medium
Customer B,2015-07-23,25188.09,SSE and HSBC stock,2.8085,low
Customer A,2015-07-24,18204.35,Savings Account,1.1353,medium
Customer B,2015-07-24,25191.51,SSE and HSBC stock,2.8225,low
Customer A,2015-07-25,18205.35,Savings Account,1.1408,medium
Customer B,2015-07-25,25194.93,SSE and HSBC stock,2.8365,low
Customer A,2015-07-26,18206.35,Savings Account,1.1464,medium
Customer B,2015-07-26,25198.36,SSE and HSBC stock,2.8504,low
Customer A,2015-07-27,18207.36,Savings Account,1.152,medium
Customer B,2015-07-27,25201.78,SSE and HSBC stock,2.8644,low
Customer A,2015-07-28,18208.36,Savings Account,1.1575,medium
Customer B,2015-07-28,25205.2,SSE and HSBC stock,2.8784,low
Customer A,2015-07-29,18209.36,Savings Account,1.1631,medium
Customer B,2015-07-29,25208.62,SSE and HSBC stock,2.8923,low
Customer A,2015-07-30,18210.36,Savings Account,1.1687,medium
Customer B,2015-07-30,25212.05,SSE and HSBC stock,2.9063,low
Customer A,2015-07-31,18211.37,Savings Account,1.1743,medium
Customer B,2015-07-31,25215.47,SSE and HSBC stock,2.9203,low
Customer A,2015-08-01,18212.37,Savings Account,1.1798,medium
Customer B,2015-08-01,25218.89,SSE and HSBC stock,2.9343,low
Customer A,2015-08-02,18213.37,Savings Account,1.1854,medium
Customer B,2015-08-02,25222.32,SSE and HSBC stock,2.9482,low
Customer A,2015-08-03,18214.38,Savings Account,1.191,medium
Customer B,2015-08-03,25225.74,SSE and HSBC stock,2.9622,low
Customer A,2015-08-04,18215.38,Savings Account,1.1965,medium
Customer B,2015-08-04,25229.17,SSE and HSBC stock,2.9762,low
Customer A,2015-08-05,18216.38,Savings Account,1.2021,medium
Customer B,2015-08-05,25232.59,SSE and HSBC stock,2.9902,low
Customer A,2015-08-06,18217.39,Savings Account,1.2077,medium
Customer B,2015-08-06,25236.02,SSE and HSBC stock,3.0042,low
Customer A,2015-08-07,18218.39,Savings Account,1.2133,medium
Customer B,2015-08-07,25239.45,SSE and HSBC stock,3.0181,low
Customer A,2015-08-08,18219.39,Savings Account,1.2188,medium
Customer B,2015-08-08,25242.87,SSE and HSBC stock,3.0321,low
Customer A,2015-08-09,18220.39,Savings Account,1.2244,medium
Customer B,2015-08-09,25246.3,SSE and HSBC stock,3.0461,low
Customer A,2015-08-10,18221.4,Savings Account,1.23,medium
Customer B,2015-08-10,25249.73,SSE and HSBC stock,3.0601,low
Customer A,2015-08-11,18222.4,Savings Account,1.2356,medium
Customer B,2015-08-11,25253.16,SSE and HSBC stock,3.0741,low
Customer A,2015-08-12,18223.41,Savings Account,1.2411,medium
Customer B,2015-08-12,25256.59,SSE and HSBC stock,3.0881,low
Customer A,2015-08-13,18224.41,Savings Account,1.2467,medium
Customer B,2015-08-13,25260.02,SSE and HSBC stock,3.1021,low
Customer A,2015-08-14,18225.41,Savings Account,1.2523,medium
Customer B,2015-08-14,25263.45,SSE and HSBC stock,3.1161,low
Customer A,2015-08-15,18226.42,Savings Account,1.2579,medium
Customer B,2015-08-15,25266.88,SSE and HSBC stock,3.1301,low
Customer A,2015-08-16,18227.42,Savings Account,1.2634,medium
Customer B,2015-08-16,25270.31,SSE and HSBC stock,3.1441,low
Customer A,2015-08-17,18228.42,Savings Account,1.269,medium
Customer B,2015-08-17,25273.74,SSE and HSBC stock,3.1581,low
Customer A,2015-08-18,18229.43,Savings Account,1.2746,medium
Customer B,2015-08-18,25277.17,SSE and HSBC stock,3.1721,low
Customer A,2015-08-19,18230.43,Savings Account,1.2802,medium
Customer B,2015-08-19,25280.6,SSE and HSBC stock,3.1861,low
Customer A,2015-08-20,18231.43,Savings Account,1.2857,medium
Customer B,2015-08-20,25284.03,SSE and HSBC stock,3.2001,low
Customer A,2015-08-21,18232.44,Savings Account,1.2913,medium
Customer B,2015-08-21,25287.47,SSE and HSBC stock,3.2142,low
Customer A,2015-08-22,18233.44,Savings Account,1.2969,medium
Customer B,2015-08-22,25290.9,SSE and HSBC stock,3.2282,low
Customer A,2015-08-23,18234.45,Savings Account,1.3025,medium
Customer B,2015-08-23,25294.34,SSE and HSBC stock,3.2422,low
Customer A,2015-08-24,18235.45,Savings Account,1.3081,medium
Customer B,2015-08-24,25297.77,SSE and HSBC stock,3.2562,low
Customer A,2015-08-25,18236.46,Savings Account,1.3136,medium
Customer B,2015-08-25,25301.21,SSE and HSBC stock,3.2702,low
Customer A,2015-08-26,18237.46,Savings Account,1.3192,medium
Customer B,2015-08-26,25304.64,SSE and HSBC stock,3.2842,low
Customer A,2015-08-27,18238.46,Savings Account,1.3248,medium
Customer B,2015-08-27,25308.08,SSE and HSBC stock,3.2983,low
Customer A,2015-08-28,18239.47,Savings Account,1.3304,medium
Customer B,2015-08-28,25311.51,SSE and HSBC stock,3.3123,low
Customer A,2015-08-29,18240.47,Savings Account,1.336,medium
Customer B,2015-08-29,25314.95,SSE and HSBC stock,3.3263,low
Customer A,2015-08-30,18241.48,Savings Account,1.3415,medium
Customer B,2015-08-30,25318.39,SSE and HSBC stock,3.3404,low
Customer A,2015-08-31,18242.48,Savings Account,1.3471,medium
Customer B,2015-08-31,25321.83,SSE and HSBC stock,3.3544,low
Customer A,2015-09-01,18243.49,Savings Account,1.3527,medium
Customer B,2015-09-01,25325.26,SSE and HSBC stock,3.3684,low
Customer A,2015-09-02,18244.49,Savings Account,1.3583,medium
Customer B,2015-09-02,25328.7,SSE and HSBC stock,3.3825,low
Customer A,2015-09-03,18245.5,Savings Account,1.3639,medium
Customer B,2015-09-03,25332.14,SSE and HSBC stock,3.3965,low
Customer A,2015-09-04,18246.5,Savings Account,1.3694,medium
Customer B,2015-09-04,25335.58,SSE and HSBC stock,3.4105,low
Customer A,2015-09-05,18247.51,Savings Account,1.375,medium
Customer B,2015-09-05,25339.02,SSE and HSBC stock,3.4246,low
Customer A,2015-09-06,18248.51,Savings Account,1.3806,medium
Customer B,2015-09-06,25342.46,SSE and HSBC stock,3.4386,low
Customer A,2015-09-07,18249.51,Savings Account,1.3862,medium
Customer B,2015-09-07,25345.9,SSE and HSBC stock,3.4527,low
Customer A,2015-09-08,18250.52,Savings Account,1.3918,medium
Customer B,2015-09-08,25349.35,SSE and HSBC stock,3.4667,low
Customer A,2015-09-09,18251.52,Savings Account,1.3974,medium
Customer B,2015-09-09,25352.79,SSE and HSBC stock,3.4808,low
Customer A,2015-09-10,18252.53,Savings Account,1.4029,medium
Customer B,2015-09-10,25356.23,SSE and HSBC stock,3.4948,low
Customer A,2015-09-11,18253.54,Savings Account,1.4085,medium
Customer B,2015-09-11,25359.67,SSE and HSBC stock,3.5089,low
Customer A,2015-09-12,18254.54,Savings Account,1.4141,medium
Customer B,2015-09-12,25363.12,SSE and HSBC stock,3.5229,low
Customer A,2015-09-13,18255.55,Savings Account,1.4197,medium
Customer B,2015-09-13,25366.56,SSE and HSBC stock,3.537,low
Customer A,2015-09-14,18256.55,Savings Account,1.4253,medium
Customer B,2015-09-14,25370.0,SSE and HSBC stock,3.551,low
Customer A,2015-09-15,18257.56,Savings Account,1.4309,medium
Customer B,2015-09-15,25373.45,SSE and HSBC stock,3.5651,low
Customer A,2015-09-16,18258.56,Savings Account,1.4365,medium
Customer B,2015-09-16,25376.89,SSE and HSBC stock,3.5792,low
Customer A,2015-09-17,18259.57,Savings Account,1.442,medium
Customer B,2015-09-17,25380.34,SSE and HSBC stock,3.5932,low
Customer A,2015-09-18,18260.57,Savings Account,1.4476,medium
Customer B,2015-09-18,25383.79,SSE and HSBC stock,3.6073,low
Customer A,2015-09-19,18261.58,Savings Account,1.4532,medium
Customer B,2015-09-19,25387.23,SSE and HSBC stock,3.6214,low
Customer A,2015-09-20,18262.58,Savings Account,1.4588,medium
Customer B,2015-09-20,25390.68,SSE and HSBC stock,3.6354,low
Customer A,2015-09-21,18263.59,Savings Account,1.4644,medium
Customer B,2015-09-21,25394.13,SSE and HSBC stock,3.6495,low
Customer A,2015-09-22,18264.6,Savings Account,1.47,medium
Customer B,2015-09-22,25397.58,SSE and HSBC stock,3.6636,low
Customer A,2015-09-23,18265.6,Savings Account,1.4756,medium
Customer B,2015-09-23,25401.03,SSE and HSBC stock,3.6777,low
Customer A,2015-09-24,18266.61,Savings Account,1.4812,medium
Customer B,2015-09-24,25404.47,SSE and HSBC stock,3.6917,low
Customer A,2015-09-25,18267.61,Savings Account,1.4867,medium
Customer B,2015-09-25,25407.92,SSE and HSBC stock,3.7058,low
Customer A,2015-09-26,18268.62,Savings Account,1.4923,medium
Customer B,2015-09-26,25411.37,SSE and HSBC stock,3.7199,low
Customer A,2015-09-27,18269.62,Savings Account,1.4979,medium
Customer B,2015-09-27,25414.82,SSE and HSBC stock,3.734,low
Customer A,2015-09-28,18270.63,Savings Account,1.5035,medium
Customer B,2015-09-28,25418.28,SSE and HSBC stock,3.7481,low
Customer A,2015-09-29,18271.64,Savings Account,1.5091,medium
Customer B,2015-09-29,25421.73,SSE and HSBC stock,3.7622,low
Customer A,2015-09-30,18272.64,Savings Account,1.5147,medium
Customer B,2015-09-30,25425.18,SSE and HSBC stock,3.7762,low
Customer A,2015-10-01,18273.65,Savings Account,1.5203,medium
Customer B,2015-10-01,25428.63,SSE and HSBC stock,3.7903,low
Customer A,2015-10-02,18274.66,Savings Account,1.5259,medium
Customer B,2015-10-02,25432.08,SSE and HSBC stock,3.8044,low
Customer A,2015-10-03,18275.66,Savings Account,1.5315,medium
Customer B,2015-10-03,25435.54,SSE and HSBC stock,3.8185,low
Customer A,2015-10-04,18276.67,Savings Account,1.537,medium
Customer B,2015-10-04,25438.99,SSE and HSBC stock,3.8326,low
Customer A,2015-10-05,18277.68,Savings Account,1.5426,medium
Customer B,2015-10-05,25442.45,SSE and HSBC stock,3.8467,low
Customer A,2015-10-06,18278.68,Savings Account,1.5482,medium
Customer B,2015-10-06,25445.9,SSE and HSBC stock,3.8608,low
Customer A,2015-10-07,18279.69,Savings Account,1.5538,medium
Customer B,2015-10-07,25449.36,SSE and HSBC stock,3.8749,low
Customer A,2015-10-08,18280.69,Savings Account,1.5594,medium
Customer B,2015-10-08,25452.81,SSE and HSBC stock,3.889,low
Customer A,2015-10-09,18281.7,Savings Account,1.565,medium
Customer B,2015-10-09,25456.27,SSE and HSBC stock,3.9031,low
Customer A,2015-10-10,18282.71,Savings Account,1.5706,medium
Customer B,2015-10-10,25459.72,SSE and HSBC stock,3.9172,low
Customer A,2015-10-11,18283.72,Savings Account,1.5762,medium
Customer B,2015-10-11,25463.18,SSE and HSBC stock,3.9313,low
Customer A,2015-10-12,18284.72,Savings Account,1.5818,medium
Customer B,2015-10-12,25466.64,SSE and HSBC stock,3.9455,low
Customer A,2015-10-13,18285.73,Savings Account,1.5874,medium
Customer B,2015-10-13,25470.1,SSE and HSBC stock,3.9596,low
Customer A,2015-10-14,18286.74,Savings Account,1.593,medium
Customer B,2015-10-14,25473.55,SSE and HSBC stock,3.9737,low
Customer A,2015-10-15,18287.74,Savings Account,1.5986,medium
Customer B,2015-10-15,25477.01,SSE and HSBC stock,3.9878,low
Customer A,2015-10-16,18288.75,Savings Account,1.6042,medium
Customer B,2015-10-16,25480.47,SSE and HSBC stock,4.0019,low
Customer A,2015-10-17,18289.76,Savings Account,1.6098,medium
Customer B,2015-10-17,25483.93,SSE and HSBC stock,4.0161,low
Customer A,2015-10-18,18290.76,Savings Account,1.6154,medium
Customer B,2015-10-18,25487.39,SSE and HSBC stock,4.0302,low
Customer A,2015-10-19,18291.77,Savings Account,1.621,medium
Customer B,2015-10-19,25490.85,SSE and HSBC stock,4.0443,low
Customer A,2015-10-20,18292.78,Savings Account,1.6265,medium
Customer B,2015-10-20,25494.32,SSE and HSBC stock,4.0584,low
Customer A,2015-10-21,18293.79,Savings Account,1.6321,medium
Customer B,2015-10-21,25497.78,SSE and HSBC stock,4.0726,low
Customer A,2015-10-22,18294.79,Savings Account,1.6377,medium
Customer B,2015-10-22,25501.24,SSE and HSBC stock,4.0867,low
Customer A,2015-10-23,18295.8,Savings Account,1.6433,medium
Customer B,2015-10-23,25504.7,SSE and HSBC stock,4.1008,low
Customer A,2015-10-24,18296.81,Savings Account,1.6489,medium
Customer B,2015-10-24,25508.17,SSE and HSBC stock,4.115,low
Customer A,2015-10-25,18297.82,Savings Account,1.6545,medium
Customer B,2015-10-25,25511.63,SSE and HSBC stock,4.1291,low
Customer A,2015-10-26,18298.82,Savings Account,1.6601,medium
Customer B,2015-10-26,25515.09,SSE and HSBC stock,4.1432,low
Customer A,2015-10-27,18299.83,Savings Account,1.6657,medium
Customer B,2015-10-27,25518.56,SSE and HSBC stock,4.1574,low
Customer A,2015-10-28,18300.84,Savings Account,1.6713,medium
Customer B,2015-10-28,25522.02,SSE and HSBC stock,4.1715,low
Customer A,2015-10-29,18301.85,Savings Account,1.6769,medium
Customer B,2015-10-29,25525.49,SSE and HSBC stock,4.1857,low
Customer A,2015-10-30,18302.85,Savings Account,1.6825,medium
Customer B,2015-10-30,25528.95,SSE and HSBC stock,4.1998,low
Customer A,2015-10-31,18303.86,Savings Account,1.6881,medium
Customer B,2015-10-31,25532.42,SSE and HSBC stock,4.214,low
Customer A,2015-11-01,18304.87,Savings Account,1.6937,medium
Customer B,2015-11-01,25535.89,SSE and HSBC stock,4.2281,low
Customer A,2015-11-02,18305.88,Savings Account,1.6993,medium
Customer B,2015-11-02,25539.35,SSE and HSBC stock,4.2423,low
Customer A,2015-11-03,18306.89,Savings Account,1.7049,medium
Customer B,2015-11-03,25542.82,SSE and HSBC stock,4.2564,low
Customer A,2015-11-04,18307.89,Savings Account,1.7105,medium
Customer B,2015-11-04,25546.29,SSE and HSBC stock,4.2706,low
Customer A,2015-11-05,18308.9,Savings Account,1.7161,medium
Customer B,2015-11-05,25549.76,SSE and HSBC stock,4.2847,low
Customer A,2015-11-06,18309.91,Savings Account,1.7217,medium
Customer B,2015-11-06,25553.23,SSE and HSBC stock,4.2989,low
Customer A,2015-11-07,18310.92,Savings Account,1.7273,medium
Customer B,2015-11-07,25556.7,SSE and HSBC stock,4.3131,low
Customer A,2015-11-08,18311.93,Savings Account,1.7329,medium
Customer B,2015-11-08,25560.17,SSE and HSBC stock,4.3272,low
Customer A,2015-11-09,18312.94,Savings Account,1.7385,medium
Customer B,2015-11-09,25563.64,SSE and HSBC stock,4.3414,low
Customer A,2015-11-10,18313.94,Savings Account,1.7441,medium
Customer B,2015-11-10,25567.11,SSE and HSBC stock,4.3556,low
Customer A,2015-11-11,18314.95,Savings Account,1.7497,medium
Customer B,2015-11-11,25570.58,SSE and HSBC stock,4.3697,low
Customer A,2015-11-12,18315.96,Savings Account,1.7553,medium
Customer B,2015-11-12,25574.05,SSE and HSBC stock,4.3839,low
Customer A,2015-11-13,18316.97,Savings Account,1.7609,medium
Customer B,2015-11-13,25577.53,SSE and HSBC stock,4.3981,low
Customer A,2015-11-14,18317.98,Savings Account,1.7666,medium
Customer B,2015-11-14,25581.0,SSE and HSBC stock,4.4122,low
Customer A,2015-11-15,18318.99,Savings Account,1.7722,medium
Customer B,2015-11-15,25584.47,SSE and HSBC stock,4.4264,low
Customer A,2015-11-16,18320.0,Savings Account,1.7778,medium
Customer B,2015-11-16,25587.95,SSE and HSBC stock,4.4406,low
Customer A,2015-11-17,18321.01,Savings Account,1.7834,medium
Customer B,2015-11-17,25591.42,SSE and HSBC stock,4.4548,low
Customer A,2015-11-18,18322.01,Savings Account,1.789,medium
Customer B,2015-11-18,25594.9,SSE and HSBC stock,4.469,low
Customer A,2015-11-19,18323.02,Savings Account,1.7946,medium
Customer B,2015-11-19,25598.37,SSE and HSBC stock,4.4832,low
Customer A,2015-11-20,18324.03,Savings Account,1.8002,medium
Customer B,2015-11-20,25601.85,SSE and HSBC stock,4.4973,low
Customer A,2015-11-21,18325.04,Savings Account,1.8058,medium
Customer B,2015-11-21,25605.32,SSE and HSBC stock,4.5115,low
Customer A,2015-11-22,18326.05,Savings Account,1.8114,medium
Customer B,2015-11-22,25608.8,SSE and HSBC stock,4.5257,low
Customer A,2015-11-23,18327.06,Savings Account,1.817,medium
Customer B,2015-11-23,25612.28,SSE and HSBC stock,4.5399,low
Customer A,2015-11-24,18328.07,Savings Account,1.8226,medium
Customer B,2015-11-24,25615.76,SSE and HSBC stock,4.5541,low
Customer A,2015-11-25,18329.08,Savings Account,1.8282,medium
Customer B,2015-11-25,25619.23,SSE and HSBC stock,4.5683,low
Customer A,2015-11-26,18330.09,Savings Account,1.8338,medium
Customer B,2015-11-26,25622.71,SSE and HSBC stock,4.5825,low
Customer A,2015-11-27,18331.1,Savings Account,1.8394,medium
Customer B,2015-11-27,25626.19,SSE and HSBC stock,4.5967,low
Customer A,2015-11-28,18332.11,Savings Account,1.845,medium
Customer B,2015-11-28,25629.67,SSE and HSBC stock,4.6109,low
Customer A,2015-11-29,18333.12,Savings Account,1.8506,medium
Customer B,2015-11-29,25633.15,SSE and HSBC stock,4.6251,low
Customer A,2015-11-30,18334.13,Savings Account,1.8563,medium
Customer B,2015-11-30,25636.63,SSE and HSBC stock,4.6393,low
Customer A,2015-12-01,18335.14,Savings Account,1.8619,medium
Customer B,2015-12-01,25640.11,SSE and HSBC stock,4.6535,low
Customer A,2015-12-02,18336.15,Savings Account,1.8675,medium
Customer B,2015-12-02,25643.6,SSE and HSBC stock,4.6677,low
Customer A,2015-12-03,18337.16,Savings Account,1.8731,medium
Customer B,2015-12-03,25647.08,SSE and HSBC stock,4.682,low
Customer A,2015-12-04,18338.16,Savings Account,1.8787,medium
Customer B,2015-12-04,25650.56,SSE and HSBC stock,4.6962,low
Customer A,2015-12-05,18339.17,Savings Account,1.8843,medium
Customer B,2015-12-05,25654.04,SSE and HSBC stock,4.7104,low
Customer A,2015-12-06,18340.18,Savings Account,1.8899,medium
Customer B,2015-12-06,25657.53,SSE and HSBC stock,4.7246,low
Customer A,2015-12-07,18341.19,Savings Account,1.8955,medium
Customer B,2015-12-07,25661.01,SSE and HSBC stock,4.7388,low
Customer A,2015-12-08,18342.2,Savings Account,1.9011,medium
Customer B,2015-12-08,25664.5,SSE and HSBC stock,4.753,low
Customer A,2015-12-09,18343.21,Savings Account,1.9067,medium
Customer B,2015-12-09,25667.98,SSE and HSBC stock,4.7673,low
Customer A,2015-12-10,18344.22,Savings Account,1.9124,medium
Customer B,2015-12-10,25671.47,SSE and HSBC stock,4.7815,low
Customer A,2015-12-11,18345.23,Savings Account,1.918,medium
Customer B,2015-12-11,25674.95,SSE and HSBC stock,4.7957,low
Customer A,2015-12-12,18346.25,Savings Account,1.9236,medium
Customer B,2015-12-12,25678.44,SSE and HSBC stock,4.8099,low
Customer A,2015-12-13,18347.26,Savings Account,1.9292,medium
Customer B,2015-12-13,25681.92,SSE and HSBC stock,4.8242,low
Customer A,2015-12-14,18348.27,Savings Account,1.9348,medium
Customer B,2015-12-14,25685.41,SSE and HSBC stock,4.8384,low
Customer A,2015-12-15,18349.28,Savings Account,1.9404,medium
Customer B,2015-12-15,25688.9,SSE and HSBC stock,4.8526,low
Customer A,2015-12-16,18350.29,Savings Account,1.946,medium
Customer B,2015-12-16,25692.39,SSE and HSBC stock,4.8669,low
Customer A,2015-12-17,18351.3,Savings Account,1.9517,medium
Customer B,2015-12-17,25695.88,SSE and HSBC stock,4.8811,low
Customer A,2015-12-18,18352.31,Savings Account,1.9573,medium
Customer B,2015-12-18,25699.36,SSE and HSBC stock,4.8954,low
Customer A,2015-12-19,18353.32,Savings Account,1.9629,medium
Customer B,2015-12-19,25702.85,SSE and HSBC stock,4.9096,low
Customer A,2015-12-20,18354.33,Savings Account,1.9685,medium
Customer B,2015-12-20,25706.34,SSE and HSBC stock,4.9239,low
Customer A,2015-12-21,18355.34,Savings Account,1.9741,medium
Customer B,2015-12-21,25709.84,SSE and HSBC stock,4.9381,low
Customer A,2015-12-22,18356.35,Savings Account,1.9797,medium
Customer B,2015-12-22,25713.33,SSE and HSBC stock,4.9524,low
Customer A,2015-12-23,18357.36,Savings Account,1.9853,medium
Customer B,2015-12-23,25716.82,SSE and HSBC stock,4.9666,low
Customer A,2015-12-24,18358.37,Savings Account,1.991,medium
Customer B,2015-12-24,25720.31,SSE and HSBC stock,4.9809,low
Customer A,2015-12-25,18359.38,Savings Account,1.9966,medium
Customer B,2015-12-25,25723.8,SSE and HSBC stock,4.9951,low
Customer A,2015-12-26,18360.39,Savings Account,2.0022,medium
Customer B,2015-12-26,25727.3,SSE and HSBC stock,5.0094,low
Customer A,2015-12-27,18361.41,Savings Account,2.0078,medium
Customer B,2015-12-27,25730.79,SSE and HSBC stock,5.0236,low
Customer A,2015-12-28,18362.42,Savings Account,2.0134,medium
Customer B,2015-12-28,25734.28,SSE and HSBC stock,5.0379,low
Customer A,2015-12-29,18363.43,Savings Account,2.019,medium
Customer B,2015-12-29,25737.78,SSE and HSBC stock,5.0521,low
Customer A,2015-12-30,18364.44,Savings Account,2.0247,medium
Customer B,2015-12-30,25741.27,SSE and HSBC stock,5.0664,low
Customer A,2015-12-31,18365.45,Savings Account,2.0303,medium
Customer B,2015-12-31,25744.77,SSE and HSBC stock,5.0807,low
Customer A,2016-01-01,18366.46,Savings Account,2.0359,medium
Customer B,2016-01-01,25748.26,SSE and HSBC stock,5.0949,low
Customer A,2016-01-02,18367.47,Savings Account,2.0415,medium
Customer B,2016-01-02,25751.76,SSE and HSBC stock,5.1092,low
Customer A,2016-01-03,18368.48,Savings Account,2.0471,medium
Customer B,2016-01-03,25755.26,SSE and HSBC stock,5.1235,low
Customer A,2016-01-04,18369.5,Savings Account,2.0528,medium
Customer B,2016-01-04,25758.75,SSE and HSBC stock,5.1378,low
Customer A,2016-01-05,18370.51,Savings Account,2.0584,medium
Customer B,2016-01-05,25762.25,SSE and HSBC stock,5.152,low
Customer A,2016-01-06,18371.52,Savings Account,2.064,medium
Customer B,2016-01-06,25765.75,SSE and HSBC stock,5.1663,low
Customer A,2016-01-07,18372.53,Savings Account,2.0696,medium
Customer B,2016-01-07,25769.25,SSE and HSBC stock,5.1806,low
Customer A,2016-01-08,18373.54,Savings Account,2.0752,medium
Customer B,2016-01-08,25772.75,SSE and HSBC stock,5.1949,low
Customer A,2016-01-09,18374.55,Savings Account,2.0809,medium
Customer B,2016-01-09,25776.25,SSE and HSBC stock,5.2092,low
Customer A,2016-01-10,18375.57,Savings Account,2.0865,medium
Customer B,2016-01-10,25779.75,SSE and HSBC stock,5.2235,low
Customer A,2016-01-11,18376.58,Savings Account,2.0921,medium
Customer B,2016-01-11,25783.25,SSE and HSBC stock,5.2377,low
Customer A,2016-01-12,18377.59,Savings Account,2.0977,medium
Customer B,2016-01-12,25786.75,SSE and HSBC stock,5.252,low
Customer A,2016-01-13,18378.6,Savings Account,2.1033,medium
Customer B,2016-01-13,25790.25,SSE and HSBC stock,5.2663,low
Customer A,2016-01-14,18379.61,Savings Account,2.109,medium
Customer B,2016-01-14,25793.75,SSE and HSBC stock,5.2806,low
Customer A,2016-01-15,18380.63,Savings Account,2.1146,medium
Customer B,2016-01-15,25797.25,SSE and HSBC stock,5.2949,low
Customer A,2016-01-16,18381.64,Savings Account,2.1202,medium
Customer B,2016-01-16,25800.76,SSE and HSBC stock,5.3092,low
Customer A,2016-01-17,18382.65,Savings Account,2.1258,medium
Customer B,2016-01-17,25804.26,SSE and HSBC stock,5.3235,low
Customer A,2016-01-18,18383.66,Savings Account,2.1315,medium
Customer B,2016-01-18,25807.76,SSE and HSBC stock,5.3378,low
Customer A,2016-01-19,18384.68,Savings Account,2.1371,medium
Customer B,2016-01-19,25811.27,SSE and HSBC stock,5.3521,low
Customer A,2016-01-20,18385.69,Savings Account,2.1427,medium
Customer B,2016-01-20,25814.77,SSE and HSBC stock,5.3664,low
Customer A,2016-01-21,18386.7,Savings Account,2.1483,medium
Customer B,2016-01-21,25818.28,SSE and HSBC stock,5.3807,low
Customer A,2016-01-22,18387.71,Savings Account,2.154,medium
Customer B,2016-01-22,25821.78,SSE and HSBC stock,5.395,low
Customer A,2016-01-23,18388.73,Savings Account,2.1596,medium
Customer B,2016-01-23,25825.29,SSE and HSBC stock,5.4093,low
Customer A,2016-01-24,18389.74,Savings Account,2.1652,medium
Customer B,2016-01-24,25828.8,SSE and HSBC stock,5.4237,low
Customer A,2016-01-25,18390.75,Savings Account,2.1708,medium
Customer B,2016-01-25,25832.3,SSE and HSBC stock,5.438,low
Customer A,2016-01-26,18391.76,Savings Account,2.1765,medium
Customer B,2016-01-26,25835.81,SSE and HSBC stock,5.4523,low
Customer A,2016-01-27,18392.78,Savings Account,2.1821,medium
Customer B,2016-01-27,25839.32,SSE and HSBC stock,5.4666,low
Customer A,2016-01-28,18393.79,Savings Account,2.1877,medium
Customer B,2016-01-28,25842.83,SSE and HSBC stock,5.4809,low
Customer A,2016-01-29,18394.8,Savings Account,2.1933,medium
Customer B,2016-01-29,25846.34,SSE and HSBC stock,5.4953,low
Customer A,2016-01-30,18395.82,Savings Account,2.199,medium
Customer B,2016-01-30,25849.85,SSE and HSBC stock,5.5096,low
Customer A,2016-01-31,18396.83,Savings Account,2.2046,medium
Customer B,2016-01-31,25853.36,SSE and HSBC stock,5.5239,low
Customer A,2016-02-01,18397.84,Savings Account,2.2102,medium
Customer B,2016-02-01,25856.87,SSE and HSBC stock,5.5382,low
Customer A,2016-02-02,18398.85,Savings Account,2.2159,medium
Customer B,2016-02-02,25860.38,SSE and HSBC stock,5.5526,low
Customer A,2016-02-03,18399.87,Savings Account,2.2215,medium
Customer B,2016-02-03,25863.89,SSE and HSBC stock,5.5669,low
Customer A,2016-02-04,18400.88,Savings Account,2.2271,medium
Customer B,2016-02-04,25867.4,SSE and HSBC stock,5.5812,low
Customer A,2016-02-05,18401.89,Savings Account,2.2327,medium
Customer B,2016-02-05,25870.91,SSE and HSBC stock,5.5956,low
Customer A,2016-02-06,18402.91,Savings Account,2.2384,medium
Customer B,2016-02-06,25874.43,SSE and HSBC stock,5.6099,low
Customer A,2016-02-07,18403.92,Savings Account,2.244,medium
Customer B,2016-02-07,25877.94,SSE and HSBC stock,5.6242,low
Customer A,2016-02-08,18404.93,Savings Account,2.2496,medium
Customer B,2016-02-08,25881.45,SSE and HSBC stock,5.6386,low
Customer A,2016-02-09,18405.95,Savings Account,2.2553,medium
Customer B,2016-02-09,25884.97,SSE and HSBC stock,5.6529,low
Customer A,2016-02-10,18406.96,Savings Account,2.2609,medium
Customer B,2016-02-10,25888.48,SSE and HSBC stock,5.6673,low
Customer A,2016-02-11,18407.98,Savings Account,2.2665,medium
Customer B,2016-02-11,25892.0,SSE and HSBC stock,5.6816,low
Customer A,2016-02-12,18408.99,Savings Account,2.2722,medium
Customer B,2016-02-12,25895.51,SSE and HSBC stock,5.696,low
Customer A,2016-02-13,18410.0,Savings Account,2.2778,medium
Customer B,2016-02-13,25899.03,SSE and HSBC stock,5.7103,low
Customer A,2016-02-14,18411.02,Savings Account,2.2834,medium
Customer B,2016-02-14,25902.55,SSE and HSBC stock,5.7247,low
Customer A,2016-02-15,18412.03,Savings Account,2.2891,medium
Customer B,2016-02-15,25906.06,SSE and HSBC stock,5.739,low
Customer A,2016-02-16,18413.04,Savings Account,2.2947,medium
Customer B,2016-02-16,25909.58,SSE and HSBC stock,5.7534,low
Customer A,2016-02-17,18414.06,Savings Account,2.3003,medium
Customer B,2016-02-17,25913.1,SSE and HSBC stock,5.7678,low
Customer A,2016-02-18,18415.07,Savings Account,2.306,medium
Customer B,2016-02-18,25916.62,SSE and HSBC stock,5.7821,low
Customer A,2016-02-19,18416.09,Savings Account,2.3116,medium
Customer B,2016-02-19,25920.14,SSE and HSBC stock,5.7965,low
Customer A,2016-02-20,18417.1,Savings Account,2.3172,medium
Customer B,2016-02-20,25923.66,SSE and HSBC stock,5.8108,low
Customer A,2016-02-21,18418.11,Savings Account,2.3229,medium
Customer B,2016-02-21,25927.18,SSE and HSBC stock,5.8252,low
Customer A,2016-02-22,18419.13,Savings Account,2.3285,medium
Customer B,2016-02-22,25930.7,SSE and HSBC stock,5.8396,low
Customer A,2016-02-23,18420.14,Savings Account,2.3341,medium
Customer B,2016-02-23,25934.22,SSE and HSBC stock,5.854,low
Customer A,2016-02-24,18421.16,Savings Account,2.3398,medium
Customer B,2016-02-24,25937.74,SSE and HSBC stock,5.8683,low
Customer A,2016-02-25,18422.17,Savings Account,2.3454,medium
Customer B,2016-02-25,25941.26,SSE and HSBC stock,5.8827,low
Customer A,2016-02-26,18423.19,Savings Account,2.351,medium
Customer B,2016-02-26,25944.78,SSE and HSBC stock,5.8971,low
Customer A,2016-02-27,18424.2,Savings Account,2.3567,medium
Customer B,2016-02-27,25948.31,SSE and HSBC stock,5.9115,low
Customer A,2016-02-28,18425.22,Savings Account,2.3623,medium
Customer B,2016-02-28,25951.83,SSE and HSBC stock,5.9258,low
Customer A,2016-02-29,18426.23,Savings Account,2.3679,medium
Customer B,2016-02-29,25955.35,SSE and HSBC stock,5.9402,low
Customer A,2016-03-01,18427.25,Savings Account,2.3736,medium
Customer B,2016-03-01,25958.88,SSE and HSBC stock,5.9546,low
Customer A,2016-03-02,18428.26,Savings Account,2.3792,medium
Customer B,2016-03-02,25962.4,SSE and HSBC stock,5.969,low
Customer A,2016-03-03,18429.27,Savings Account,2.3849,medium
Customer B,2016-03-03,25965.93,SSE and HSBC stock,5.9834,low
Customer A,2016-03-04,18430.29,Savings Account,2.3905,medium
Customer B,2016-03-04,25969.45,SSE and HSBC stock,5.9978,low
Customer A,2016-03-05,18431.3,Savings Account,2.3961,medium
Customer B,2016-03-05,25972.98,SSE and HSBC stock,6.0122,low
Customer A,2016-03-06,18432.32,Savings Account,2.4018,medium
Customer B,2016-03-06,25976.51,SSE and HSBC stock,6.0266,low
Customer A,2016-03-07,18433.33,Savings Account,2.4074,medium
Customer B,2016-03-07,25980.04,SSE and HSBC stock,6.041,low
Customer A,2016-03-08,18434.35,Savings Account,2.4131,medium
Customer B,2016-03-08,25983.56,SSE and HSBC stock,6.0554,low
Customer A,2016-03-09,18435.36,Savings Account,2.4187,medium
Customer B,2016-03-09,25987.09,SSE and HSBC stock,6.0698,low
Customer A,2016-03-10,18436.38,Savings Account,2.4243,medium
Customer B,2016-03-10,25990.62,SSE and HSBC stock,6.0842,low
Customer A,2016-03-11,18437.4,Savings Account,2.43,medium
Customer B,2016-03-11,25994.15,SSE and HSBC stock,6.0986,low
Customer A,2016-03-12,18438.41,Savings Account,2.4356,medium
Customer B,2016-03-12,25997.68,SSE and HSBC stock,6.113,low
Customer A,2016-03-13,18439.43,Savings Account,2.4413,medium
Customer B,2016-03-13,26001.21,SSE and HSBC stock,6.1274,low
Customer A,2016-03-14,18440.44,Savings Account,2.4469,medium
Customer B,2016-03-14,26004.74,SSE and HSBC stock,6.1418,low
Customer A,2016-03-15,18441.46,Savings Account,2.4525,medium
Customer B,2016-03-15,26008.27,SSE and HSBC stock,6.1562,low
Customer A,2016-03-16,18442.47,Savings Account,2.4582,medium
Customer B,2016-03-16,26011.8,SSE and HSBC stock,6.1706,low
Customer A,2016-03-17,18443.49,Savings Account,2.4638,medium
Customer B,2016-03-17,26015.33,SSE and HSBC stock,6.185,low
Customer A,2016-03-18,18444.5,Savings Account,2.4695,medium
Customer B,2016-03-18,26018.87,SSE and HSBC stock,6.1995,low
Customer A,2016-03-19,18445.52,Savings Account,2.4751,medium
Customer B,2016-03-19,26022.4,SSE and HSBC stock,6.2139,low
Customer A,2016-03-20,18446.54,Savings Account,2.4808,medium
Customer B,2016-03-20,26025.93,SSE and HSBC stock,6.2283,low
Customer A,2016-03-21,18447.55,Savings Account,2.4864,medium
Customer B,2016-03-21,26029.47,SSE and HSBC stock,6.2427,low
Customer A,2016-03-22,18448.57,Savings Account,2.492,medium
Customer B,2016-03-22,26033.0,SSE and HSBC stock,6.2571,low
Customer A,2016-03-23,18449.58,Savings Account,2.4977,medium
Customer B,2016-03-23,26036.54,SSE and HSBC stock,6.2716,low
Customer A,2016-03-24,18450.6,Savings Account,2.5033,medium
Customer B,2016-03-24,26040.07,SSE and HSBC stock,6.286,low
Customer A,2016-03-25,18451.61,Savings Account,2.509,medium
Customer B,2016-03-25,26043.61,SSE and HSBC stock,6.3004,low
Customer A,2016-03-26,18452.63,Savings Account,2.5146,medium
Customer B,2016-03-26,26047.14,SSE and HSBC stock,6.3149,low
Customer A,2016-03-27,18453.65,Savings Account,2.5203,medium
Customer B,2016-03-27,26050.68,SSE and HSBC stock,6.3293,low
Customer A,2016-03-28,18454.66,Savings Account,2.5259,medium
Customer B,2016-03-28,26054.22,SSE and HSBC stock,6.3437,low
Customer A,2016-03-29,18455.68,Savings Account,2.5316,medium
Customer B,2016-03-29,26057.76,SSE and HSBC stock,6.3582,low
Customer A,2016-03-30,18456.7,Savings Account,2.5372,medium
Customer B,2016-03-30,26061.29,SSE and HSBC stock,6.3726,low
Customer A,2016-03-31,18457.71,Savings Account,2.5428,medium
Customer B,2016-03-31,26064.83,SSE and HSBC stock,6.3871,low
Customer A,2016-04-01,18458.73,Savings Account,2.5485,medium
Customer B,2016-04-01,26068.37,SSE and HSBC stock,6.4015,low
Customer A,2016-04-02,18459.75,Savings Account,2.5541,medium
Customer B,2016-04-02,26071.91,SSE and HSBC stock,6.416,low
Customer A,2016-04-03,18460.76,Savings Account,2.5598,medium
Customer B,2016-04-03,26075.45,SSE and HSBC stock,6.4304,low
Customer A,2016-04-04,18461.78,Savings Account,2.5654,medium
Customer B,2016-04-04,26078.99,SSE and HSBC stock,6.4449,low
Customer A,2016-04-05,18462.8,Savings Account,2.5711,medium
Customer B,2016-04-05,26082.53,SSE and HSBC stock,6.4593,low
Customer A,2016-04-06,18463.81,Savings Account,2.5767,medium
Customer B,2016-04-06,26086.08,SSE and HSBC stock,6.4738,low
Customer A,2016-04-07,18464.83,Savings Account,2.5824,medium
Customer B,2016-04-07,26089.62,SSE and HSBC stock,6.4882,low
Customer A,2016-04-08,18465.85,Savings Account,2.588,medium
Customer B,2016-04-08,26093.16,SSE and HSBC stock,6.5027,low
Customer A,2016-04-09,18466.86,Savings Account,2.5937,medium
Customer B,2016-04-09,26096.7,SSE and HSBC stock,6.5172,low
Customer A,2016-04-10,18467.88,Savings Account,2.5993,medium
Customer B,2016-04-10,26100.25,SSE and HSBC stock,6.5316,low
Customer A,2016-04-11,18468.9,Savings Account,2.605,medium
Customer B,2016-04-11,26103.79,SSE and HSBC stock,6.5461,low
Customer A,2016-04-12,18469.91,Savings Account,2.6106,medium
Customer B,2016-04-12,26107.33,SSE and HSBC stock,6.5606,low
Customer A,2016-04-13,18470.93,Savings Account,2.6163,medium
Customer B,2016-04-13,26110.88,SSE and HSBC stock,6.575,low
Customer A,2016-04-14,18471.95,Savings Account,2.6219,medium
Customer B,2016-04-14,26114.43,SSE and HSBC stock,6.5895,low
Customer A,2016-04-15,18472.96,Savings Account,2.6276,medium
Customer B,2016-04-15,26117.97,SSE and HSBC stock,6.604,low
Customer A,2016-04-16,18473.98,Savings Account,2.6332,medium
Customer B,2016-04-16,26121.52,SSE and HSBC stock,6.6184,low
Customer A,2016-04-17,18475.0,Savings Account,2.6389,medium
Customer B,2016-04-17,26125.06,SSE and HSBC stock,6.6329,low
Customer A,2016-04-18,18476.02,Savings Account,2.6445,medium
Customer B,2016-04-18,26128.61,SSE and HSBC stock,6.6474,low
Customer A,2016-04-19,18477.03,Savings Account,2.6502,medium
Customer B,2016-04-19,26132.16,SSE and HSBC stock,6.6619,low
Customer A,2016-04-20,18478.05,Savings Account,2.6558,medium
Customer B,2016-04-20,26135.71,SSE and HSBC stock,6.6764,low
Customer A,2016-04-21,18479.07,Savings Account,2.6615,medium
Customer B,2016-04-21,26139.26,SSE and HSBC stock,6.6908,low
Customer A,2016-04-22,18480.09,Savings Account,2.6671,medium
Customer B,2016-04-22,26142.81,SSE and HSBC stock,6.7053,low
Customer A,2016-04-23,18481.1,Savings Account,2.6728,medium
Customer B,2016-04-23,26146.36,SSE and HSBC stock,6.7198,low
Customer A,2016-04-24,18482.12,Savings Account,2.6785,medium
Customer B,2016-04-24,26149.91,SSE and HSBC stock,6.7343,low
Customer A,2016-04-25,18483.14,Savings Account,2.6841,medium
Customer B,2016-04-25,26153.46,SSE and HSBC stock,6.7488,low
Customer A,2016-04-26,18484.16,Savings Account,2.6898,medium
Customer B,2016-04-26,26157.01,SSE and HSBC stock,6.7633,low
Customer A,2016-04-27,18485.18,Savings Account,2.6954,medium
Customer B,2016-04-27,26160.56,SSE and HSBC stock,6.7778,low
Customer A,2016-04-28,18486.19,Savings Account,2.7011,medium
Customer B,2016-04-28,26164.11,SSE and HSBC stock,6.7923,low
Customer A,2016-04-29,18487.21,Savings Account,2.7067,medium
Customer B,2016-04-29,26167.67,SSE and HSBC stock,6.8068,low
Customer A,2016-04-30,18488.23,Savings Account,2.7124,medium
Customer B,2016-04-30,26171.22,SSE and HSBC stock,6.8213,low
Customer A,2016-05-01,18489.25,Savings Account,2.718,medium
Customer B,2016-05-01,26174.77,SSE and HSBC stock,6.8358,low
Customer A,2016-05-02,18490.27,Savings Account,2.7237,medium
Customer B,2016-05-02,26178.33,SSE and HSBC stock,6.8503,low
Customer A,2016-05-03,18491.28,Savings Account,2.7294,medium
Customer B,2016-05-03,26181.88,SSE and HSBC stock,6.8648,low
Customer A,2016-05-04,18492.3,Savings Account,2.735,medium
Customer B,2016-05-04,26185.44,SSE and HSBC stock,6.8793,low
Customer A,2016-05-05,18493.32,Savings Account,2.7407,medium
Customer B,2016-05-05,26188.99,SSE and HSBC stock,6.8938,low
Customer A,2016-05-06,18494.34,Savings Account,2.7463,medium
Customer B,2016-05-06,26192.55,SSE and HSBC stock,6.9084,low
Customer A,2016-05-07,18495.36,Savings Account,2.752,medium
Customer B,2016-05-07,26196.1,SSE and HSBC stock,6.9229,low
Customer A,2016-05-08,18496.38,Savings Account,2.7576,medium
Customer B,2016-05-08,26199.66,SSE and HSBC stock,6.9374,low
Customer A,2016-05-09,18497.4,Savings Account,2.7633,medium
Customer B,2016-05-09,26203.22,SSE and HSBC stock,6.9519,low
Customer A,2016-05-10,18498.41,Savings Account,2.769,medium
Customer B,2016-05-10,26206.78,SSE and HSBC stock,6.9664,low
Customer A,2016-05-11,18499.43,Savings Account,2.7746,medium
Customer B,2016-05-11,26210.34,SSE and HSBC stock,6.981,low
Customer A,2016-05-12,18500.45,Savings Account,2.7803,medium
Customer B,2016-05-12,26213.89,SSE and HSBC stock,6.9955,low
Customer A,2016-05-13,18501.47,Savings Account,2.7859,medium
Customer B,2016-05-13,26217.45,SSE and HSBC stock,7.01,low
Customer A,2016-05-14,18502.49,Savings Account,2.7916,medium
Customer B,2016-05-14,26221.01,SSE and HSBC stock,7.0245,low
Customer A,2016-05-15,18503.51,Savings Account,2.7973,medium
Customer B,2016-05-15,26224.57,SSE and HSBC stock,7.0391,low
Customer A,2016-05-16,18504.53,Savings Account,2.8029,medium
Customer B,2016-05-16,26228.13,SSE and HSBC stock,7.0536,low
Customer A,2016-05-17,18505.55,Savings Account,2.8086,medium
Customer B,2016-05-17,26231.7,SSE and HSBC stock,7.0681,low
Customer A,2016-05-18,18506.56,Savings Account,2.8142,medium
Customer B,2016-05-18,26235.26,SSE and HSBC stock,7.0827,low
Customer A,2016-05-19,18507.58,Savings Account,2.8199,medium
Customer B,2016-05-19,26238.82,SSE and HSBC stock,7.0972,low
Customer A,2016-05-20,18508.6,Savings Account,2.8256,medium
Customer B,2016-05-20,26242.38,SSE and HSBC stock,7.1118,low
Customer A,2016-05-21,18509.62,Savings Account,2.8312,medium
Customer B,2016-05-21,26245.95,SSE and HSBC stock,7.1263,low
Customer A,2016-05-22,18510.64,Savings Account,2.8369,medium
Customer B,2016-05-22,26249.51,SSE and HSBC stock,7.1409,low
Customer A,2016-05-23,18511.66,Savings Account,2.8426,medium
Customer B,2016-05-23,26253.07,SSE and HSBC stock,7.1554,low
Customer A,2016-05-24,18512.68,Savings Account,2.8482,medium
Customer B,2016-05-24,26256.64,SSE and HSBC stock,7.17,low
Customer A,2016-05-25,18513.7,Savings Account,2.8539,medium
Customer B,2016-05-25,26260.2,SSE and HSBC stock,7.1845,low
Customer A,2016-05-26,18514.72,Savings Account,2.8596,medium
Customer B,2016-05-26,26263.77,SSE and HSBC stock,7.1991,low
Customer A,2016-05-27,18515.74,Savings Account,2.8652,medium
Customer B,2016-05-27,26267.34,SSE and HSBC stock,7.2136,low
Customer A,2016-05-28,18516.76,Savings Account,2.8709,medium
Customer B,2016-05-28,26270.9,SSE and HSBC stock,7.2282,low
Customer A,2016-05-29,18517.78,Savings Account,2.8765,medium
Customer B,2016-05-29,26274.47,SSE and HSBC stock,7.2427,low
Customer A,2016-05-30,18518.8,Savings Account,2.8822,medium
Customer B,2016-05-30,26278.04,SSE and HSBC stock,7.2573,low
Customer A,2016-05-31,18519.82,Savings Account,2.8879,medium
Customer B,2016-05-31,26281.61,SSE and HSBC stock,7.2719,low
Customer A,2016-06-01,18520.84,Savings Account,2.8935,medium
Customer B,2016-06-01,26285.18,SSE and HSBC stock,7.2864,low
Customer A,2016-06-02,18521.86,Savings Account,2.8992,medium
Customer B,2016-06-02,26288.74,SSE and HSBC stock,7.301,low
Customer A,2016-06-03,18522.88,Savings Account,2.9049,medium
Customer B,2016-06-03,26292.31,SSE and HSBC stock,7.3156,low
Customer A,2016-06-04,18523.9,Savings Account,2.9105,medium
Customer B,2016-06-04,26295.88,SSE and HSBC stock,7.3301,low
Customer A,2016-06-05,18524.92,Savings Account,2.9162,medium
Customer B,2016-06-05,26299.45,SSE and HSBC stock,7.3447,low
Customer A,2016-06-06,18525.94,Savings Account,2.9219,medium
Customer B,2016-06-06,26303.03,SSE and HSBC stock,7.3593,low
Customer A,2016-06-07,18526.96,Savings Account,2.9275,medium
Customer B,2016-06-07,26306.6,SSE and HSBC stock,7.3739,low
Customer A,2016-06-08,18527.98,Savings Account,2.9332,medium
Customer B,2016-06-08,26310.17,SSE and HSBC stock,7.3884,low
Customer A,2016-06-09,18529.0,Savings Account,2.9389,medium
Customer B,2016-06-09,26313.74,SSE and HSBC stock,7.403,low
Customer A,2016-06-10,18530.02,Savings Account,2.9445,medium
Customer B,2016-06-10,26317.32,SSE and HSBC stock,7.4176,low
Customer A,2016-06-11,18531.04,Savings Account,2.9502,medium
Customer B,2016-06-11,26320.89,SSE and HSBC stock,7.4322,low
Customer A,2016-06-12,18532.06,Savings Account,2.9559,medium
Customer B,2016-06-12,26324.46,SSE and HSBC stock,7.4468,low
Customer A,2016-06-13,18533.08,Savings Account,2.9616,medium
Customer B,2016-06-13,26328.04,SSE and HSBC stock,7.4614,low
Customer A,2016-06-14,18534.1,Savings Account,2.9672,medium
Customer B,2016-06-14,26331.61,SSE and HSBC stock,7.476,low
Customer A,2016-06-15,18535.12,Savings Account,2.9729,medium
Customer B,2016-06-15,26335.19,SSE and HSBC stock,7.4906,low
Customer A,2016-06-16,18536.14,Savings Account,2.9786,medium
Customer B,2016-06-16,26338.76,SSE and HSBC stock,7.5052,low
Customer A,2016-06-17,18537.16,Savings Account,2.9842,medium
Customer B,2016-06-17,26342.34,SSE and HSBC stock,7.5198,low
Customer A,2016-06-18,18538.18,Savings Account,2.9899,medium
Customer B,2016-06-18,26345.92,SSE and HSBC stock,7.5344,low
Customer A,2016-06-19,18539.2,Savings Account,2.9956,medium
Customer B,2016-06-19,26349.49,SSE and HSBC stock,7.549,low
Customer A,2016-06-20,18540.23,Savings Account,3.0013,medium
Customer B,2016-06-20,26353.07,SSE and HSBC stock,7.5636,low
Customer A,2016-06-21,18541.25,Savings Account,3.0069,medium
Customer B,2016-06-21,26356.65,SSE and HSBC stock,7.5782,low
Customer A,2016-06-22,18542.27,Savings Account,3.0126,medium
Customer B,2016-06-22,26360.23,SSE and HSBC stock,7.5928,low
Customer A,2016-06-23,18543.29,Savings Account,3.0183,medium
Customer B,2016-06-23,26363.81,SSE and HSBC stock,7.6074,low
Customer A,2016-06-24,18544.31,Savings Account,3.0239,medium
Customer B,2016-06-24,26367.39,SSE and HSBC stock,7.622,low
Customer A,2016-06-25,18545.33,Savings Account,3.0296,medium
Customer B,2016-06-25,26370.97,SSE and HSBC stock,7.6366,low
Customer A,2016-06-26,18546.35,Savings Account,3.0353,medium
Customer B,2016-06-26,26374.55,SSE and HSBC stock,7.6512,low
Customer A,2016-06-27,18547.37,Savings Account,3.041,medium
Customer B,2016-06-27,26378.13,SSE and HSBC stock,7.6658,low
Customer A,2016-06-28,18548.39,Savings Account,3.0466,medium
Customer B,2016-06-28,26381.71,SSE and HSBC stock,7.6805,low
Customer A,2016-06-29,18549.42,Savings Account,3.0523,medium
Customer B,2016-06-29,26385.29,SSE and HSBC stock,7.6951,low
Customer A,2016-06-30,18550.44,Savings Account,3.058,medium
Customer B,2016-06-30,26388.88,SSE and HSBC stock,7.7097,low
Customer A,2016-07-01,18551.46,Savings Account,3.0637,medium
Customer B,2016-07-01,26392.46,SSE and HSBC stock,7.7243,low
Customer A,2016-07-02,18552.48,Savings Account,3.0693,medium
Customer B,2016-07-02,26396.04,SSE and HSBC stock,7.739,low
Customer A,2016-07-03,18553.5,Savings Account,3.075,medium
Customer B,2016-07-03,26399.63,SSE and HSBC stock,7.7536,low
Customer A,2016-07-04,18554.52,Savings Account,3.0807,medium
Customer B,2016-07-04,26403.21,SSE and HSBC stock,7.7682,low
Customer A,2016-07-05,18555.55,Savings Account,3.0864,medium
Customer B,2016-07-05,26406.8,SSE and HSBC stock,7.7829,low
Customer A,2016-07-06,18556.57,Savings Account,3.092,medium
Customer B,2016-07-06,26410.38,SSE and HSBC stock,7.7975,low
Customer A,2016-07-07,18557.59,Savings Account,3.0977,medium
Customer B,2016-07-07,26413.97,SSE and HSBC stock,7.8121,low
Customer A,2016-07-08,18558.61,Savings Account,3.1034,medium
Customer B,2016-07-08,26417.56,SSE and HSBC stock,7.8268,low
Customer A,2016-07-09,18559.63,Savings Account,3.1091,medium
Customer B,2016-07-09,26421.14,SSE and HSBC stock,7.8414,low
Customer A,2016-07-10,18560.66,Savings Account,3.1148,medium
Customer B,2016-07-10,26424.73,SSE and HSBC stock,7.856,low
Customer A,2016-07-11,18561.68,Savings Account,3.1204,medium
Customer B,2016-07-11,26428.32,SSE and HSBC stock,7.8707,low
Customer A,2016-07-12,18562.7,Savings Account,3.1261,medium
Customer B,2016-07-12,26431.91,SSE and HSBC stock,7.8853,low
Customer A,2016-07-13,18563.72,Savings Account,3.1318,medium
Customer B,2016-07-13,26435.5,SSE and HSBC stock,7.9,low
Customer A,2016-07-14,18564.74,Savings Account,3.1375,medium
Customer B,2016-07-14,26439.09,SSE and HSBC stock,7.9146,low
Customer A,2016-07-15,18565.77,Savings Account,3.1431,medium
Customer B,2016-07-15,26442.68,SSE and HSBC stock,7.9293,low
Customer A,2016-07-16,18566.79,Savings Account,3.1488,medium
Customer B,2016-07-16,26446.27,SSE and HSBC stock,7.9439,low
Customer A,2016-07-17,18567.81,Savings Account,3.1545,medium
Customer B,2016-07-17,26449.86,SSE and HSBC stock,7.9586,low
Customer A,2016-07-18,18568.83,Savings Account,3.1602,medium
Customer B,2016-07-18,26453.45,SSE and HSBC stock,7.9733,low
Customer A,2016-07-19,18569.86,Savings Account,3.1659,medium
Customer B,2016-07-19,26457.04,SSE and HSBC stock,7.9879,low
Customer A,2016-07-20,18570.88,Savings Account,3.1716,medium
Customer B,2016-07-20,26460.63,SSE and HSBC stock,8.0026,low
Customer A,2016-07-21,18571.9,Savings Account,3.1772,medium
Customer B,2016-07-21,26464.23,SSE and HSBC stock,8.0173,low
Customer A,2016-07-22,18572.92,Savings Account,3.1829,medium
Customer B,2016-07-22,26467.82,SSE and HSBC stock,8.0319,low
Customer A,2016-07-23,18573.95,Savings Account,3.1886,medium
Customer B,2016-07-23,26471.41,SSE and HSBC stock,8.0466,low
Customer A,2016-07-24,18574.97,Savings Account,3.1943,medium
Customer B,2016-07-24,26475.01,SSE and HSBC stock,8.0613,low
Customer A,2016-07-25,18575.99,Savings Account,3.2,medium
Customer B,2016-07-25,26478.6,SSE and HSBC stock,8.0759,low
Customer A,2016-07-26,18577.02,Savings Account,3.2056,medium
Customer B,2016-07-26,26482.2,SSE and HSBC stock,8.0906,low
Customer A,2016-07-27,18578.04,Savings Account,3.2113,medium
Customer B,2016-07-27,26485.8,SSE and HSBC stock,8.1053,low
Customer A,2016-07-28,18579.06,Savings Account,3.217,medium
Customer B,2016-07-28,26489.39,SSE and HSBC stock,8.12,low
Customer A,2016-07-29,18580.09,Savings Account,3.2227,medium
Customer B,2016-07-29,26492.99,SSE and HSBC stock,8.1346,low
Customer A,2016-07-30,18581.11,Savings Account,3.2284,medium
Customer B,2016-07-30,26496.59,SSE and HSBC stock,8.1493,low
Customer A,2016-07-31,18582.13,Savings Account,3.2341,medium
Customer B,2016-07-31,26500.18,SSE and HSBC stock,8.164,low
Customer A,2016-08-01,18583.16,Savings Account,3.2398,medium
Customer B,2016-08-01,26503.78,SSE and HSBC stock,8.1787,low
Customer A,2016-08-02,18584.18,Savings Account,3.2454,medium
Customer B,2016-08-02,26507.38,SSE and HSBC stock,8.1934,low
Customer A,2016-08-03,18585.2,Savings Account,3.2511,medium
Customer B,2016-08-03,26510.98,SSE and HSBC stock,8.2081,low
Customer A,2016-08-04,18586.23,Savings Account,3.2568,medium
Customer B,2016-08-04,26514.58,SSE and HSBC stock,8.2228,low
Customer A,2016-08-05,18587.25,Savings Account,3.2625,medium
Customer B,2016-08-05,26518.18,SSE and HSBC stock,8.2375,low
Customer A,2016-08-06,18588.27,Savings Account,3.2682,medium
Customer B,2016-08-06,26521.78,SSE and HSBC stock,8.2522,low
Customer A,2016-08-07,18589.3,Savings Account,3.2739,medium
Customer B,2016-08-07,26525.38,SSE and HSBC stock,8.2669,low
Customer A,2016-08-08,18590.32,Savings Account,3.2796,medium
Customer B,2016-08-08,26528.98,SSE and HSBC stock,8.2816,low
Customer A,2016-08-09,18591.34,Savings Account,3.2852,medium
Customer B,2016-08-09,26532.59,SSE and HSBC stock,8.2963,low
Customer A,2016-08-10,18592.37,Savings Account,3.2909,medium
Customer B,2016-08-10,26536.19,SSE and HSBC stock,8.311,low
Customer A,2016-08-11,18593.39,Savings Account,3.2966,medium
Customer B,2016-08-11,26539.79,SSE and HSBC stock,8.3257,low
Customer A,2016-08-12,18594.42,Savings Account,3.3023,medium
Customer B,2016-08-12,26543.4,SSE and HSBC stock,8.3404,low
Customer A,2016-08-13,18595.44,Savings Account,3.308,medium
Customer B,2016-08-13,26547.0,SSE and HSBC stock,8.3551,low
Customer A,2016-08-14,18596.46,Savings Account,3.3137,medium
Customer B,2016-08-14,26550.6,SSE and HSBC stock,8.3698,low
Customer A,2016-08-15,18597.49,Savings Account,3.3194,medium
Customer B,2016-08-15,26554.21,SSE and HSBC stock,8.3845,low
Customer A,2016-08-16,18598.51,Savings Account,3.3251,medium
Customer B,2016-08-16,26557.82,SSE and HSBC stock,8.3992,low
Customer A,2016-08-17,18599.54,Savings Account,3.3308,medium
Customer B,2016-08-17,26561.42,SSE and HSBC stock,8.414,low
Customer A,2016-08-18,18600.56,Savings Account,3.3364,medium
Customer B,2016-08-18,26565.03,SSE and HSBC stock,8.4287,low
Customer A,2016-08-19,18601.58,Savings Account,3.3421,medium
Customer B,2016-08-19,26568.64,SSE and HSBC stock,8.4434,low
Customer A,2016-08-20,18602.61,Savings Account,3.3478,medium
Customer B,2016-08-20,26572.24,SSE and HSBC stock,8.4581,low
Customer A,2016-08-21,18603.63,Savings Account,3.3535,medium
Customer B,2016-08-21,26575.85,SSE and HSBC stock,8.4729,low
Customer A,2016-08-22,18604.66,Savings Account,3.3592,medium
Customer B,2016-08-22,26579.46,SSE and HSBC stock,8.4876,low
Customer A,2016-08-23,18605.68,Savings Account,3.3649,medium
Customer B,2016-08-23,26583.07,SSE and HSBC stock,8.5023,low
Customer A,2016-08-24,18606.71,Savings Account,3.3706,medium
Customer B,2016-08-24,26586.68,SSE and HSBC stock,8.5171,low
Customer A,2016-08-25,18607.73,Savings Account,3.3763,medium
Customer B,2016-08-25,26590.29,SSE and HSBC stock,8.5318,low
Customer A,2016-08-26,18608.76,Savings Account,3.382,medium
Customer B,2016-08-26,26593.9,SSE and HSBC stock,8.5465,low
Customer A,2016-08-27,18609.78,Savings Account,3.3877,medium
Customer B,2016-08-27,26597.51,SSE and HSBC stock,8.5613,low
Customer A,2016-08-28,18610.81,Savings Account,3.3934,medium
Customer B,2016-08-28,26601.12,SSE and HSBC stock,8.576,low
Customer A,2016-08-29,18611.83,Savings Account,3.3991,medium
Customer B,2016-08-29,26604.73,SSE and HSBC stock,8.5908,low
Customer A,2016-08-30,18612.86,Savings Account,3.4048,medium
Customer B,2016-08-30,26608.35,SSE and HSBC stock,8.6055,low
Customer A,2016-08-31,18613.88,Savings Account,3.4104,medium
Customer B,2016-08-31,26611.96,SSE and HSBC stock,8.6202,low
Customer A,2016-09-01,18614.91,Savings Account,3.4161,medium
Customer B,2016-09-01,26615.57,SSE and HSBC stock,8.635,low
Customer A,2016-09-02,18615.93,Savings Account,3.4218,medium
Customer B,2016-09-02,26619.19,SSE and HSBC stock,8.6497,low
Customer A,2016-09-03,18616.96,Savings Account,3.4275,medium
Customer B,2016-09-03,26622.8,SSE and HSBC stock,8.6645,low
Customer A,2016-09-04,18617.98,Savings Account,3.4332,medium
Customer B,2016-09-04,26626.42,SSE and HSBC stock,8.6793,low
Customer A,2016-09-05,18619.01,Savings Account,3.4389,medium
Customer B,2016-09-05,26630.03,SSE and HSBC stock,8.694,low
Customer A,2016-09-06,18620.03,Savings Account,3.4446,medium
Customer B,2016-09-06,26633.65,SSE and HSBC stock,8.7088,low
Customer A,2016-09-07,18621.06,Savings Account,3.4503,medium
Customer B,2016-09-07,26637.26,SSE and HSBC stock,8.7235,low
Customer A,2016-09-08,18622.08,Savings Account,3.456,medium
Customer B,2016-09-08,26640.88,SSE and HSBC stock,8.7383,low
Customer A,2016-09-09,18623.11,Savings Account,3.4617,medium
Customer B,2016-09-09,26644.5,SSE and HSBC stock,8.7531,low
Customer A,2016-09-10,18624.13,Savings Account,3.4674,medium
Customer B,2016-09-10,26648.12,SSE and HSBC stock,8.7678,low
Customer A,2016-09-11,18625.16,Savings Account,3.4731,medium
Customer B,2016-09-11,26651.74,SSE and HSBC stock,8.7826,low
Customer A,2016-09-12,18626.18,Savings Account,3.4788,medium
Customer B,2016-09-12,26655.35,SSE and HSBC stock,8.7974,low
Customer A,2016-09-13,18627.21,Savings Account,3.4845,medium
Customer B,2016-09-13,26658.97,SSE and HSBC stock,8.8121,low
Customer A,2016-09-14,18628.24,Savings Account,3.4902,medium
Customer B,2016-09-14,26662.59,SSE and HSBC stock,8.8269,low
Customer A,2016-09-15,18629.26,Savings Account,3.4959,medium
Customer B,2016-09-15,26666.21,SSE and HSBC stock,8.8417,low
Customer A,2016-09-16,18630.29,Savings Account,3.5016,medium
Customer B,2016-09-16,26669.83,SSE and HSBC stock,8.8565,low
Customer A,2016-09-17,18631.31,Savings Account,3.5073,medium
Customer B,2016-09-17,26673.46,SSE and HSBC stock,8.8712,low
Customer A,2016-09-18,18632.34,Savings Account,3.513,medium
Customer B,2016-09-18,26677.08,SSE and HSBC stock,8.886,low
Customer A,2016-09-19,18633.37,Savings Account,3.5187,medium
Customer B,2016-09-19,26680.7,SSE and HSBC stock,8.9008,low
Customer A,2016-09-20,18634.39,Savings Account,3.5244,medium
Customer B,2016-09-20,26684.32,SSE and HSBC stock,8.9156,low
Customer A,2016-09-21,18635.42,Savings Account,3.5301,medium
Customer B,2016-09-21,26687.95,SSE and HSBC stock,8.9304,low
Customer A,2016-09-22,18636.44,Savings Account,3.5358,medium
Customer B,2016-09-22,26691.57,SSE and HSBC stock,8.9452,low
Customer A,2016-09-23,18637.47,Savings Account,3.5415,medium
Customer B,2016-09-23,26695.19,SSE and HSBC stock,8.96,low
Customer A,2016-09-24,18638.5,Savings Account,3.5472,medium
Customer B,2016-09-24,26698.82,SSE and HSBC stock,8.9748,low
Customer A,2016-09-25,18639.52,Savings Account,3.5529,medium
Customer B,2016-09-25,26702.44,SSE and HSBC stock,8.9896,low
Customer A,2016-09-26,18640.55,Savings Account,3.5586,medium
Customer B,2016-09-26,26706.07,SSE and HSBC stock,9.0044,low
Customer A,2016-09-27,18641.58,Savings Account,3.5643,medium
Customer B,2016-09-27,26709.7,SSE and HSBC stock,9.0192,low
Customer A,2016-09-28,18642.6,Savings Account,3.57,medium
Customer B,2016-09-28,26713.32,SSE and HSBC stock,9.034,low
Customer A,2016-09-29,18643.63,Savings Account,3.5757,medium
Customer B,2016-09-29,26716.95,SSE and HSBC stock,9.0488,low
Customer A,2016-09-30,18644.66,Savings Account,3.5814,medium
Customer B,2016-09-30,26720.58,SSE and HSBC stock,9.0636,low
Customer A,2016-10-01,18645.68,Savings Account,3.5871,medium
Customer B,2016-10-01,26724.21,SSE and HSBC stock,9.0784,low
Customer A,2016-10-02,18646.71,Savings Account,3.5928,medium
Customer B,2016-10-02,26727.84,SSE and HSBC stock,9.0932,low
Customer A,2016-10-03,18647.74,Savings Account,3.5985,medium
Customer B,2016-10-03,26731.46,SSE and HSBC stock,9.108,low
Customer A,2016-10-04,18648.76,Savings Account,3.6042,medium
Customer B,2016-10-04,26735.09,SSE and HSBC stock,9.1228,low
Customer A,2016-10-05,18649.79,Savings Account,3.6099,medium
Customer B,2016-10-05,26738.72,SSE and HSBC stock,9.1377,low
Customer A,2016-10-06,18650.82,Savings Account,3.6157,medium
Customer B,2016-10-06,26742.36,SSE and HSBC stock,9.1525,low
Customer A,2016-10-07,18651.84,Savings Account,3.6214,medium
Customer B,2016-10-07,26745.99,SSE and HSBC stock,9.1673,low
Customer A,2016-10-08,18652.87,Savings Account,3.6271,medium
Customer B,2016-10-08,26749.62,SSE and HSBC stock,9.1821,low
Customer A,2016-10-09,18653.9,Savings Account,3.6328,medium
Customer B,2016-10-09,26753.25,SSE and HSBC stock,9.1969,low
Customer A,2016-10-10,18654.93,Savings Account,3.6385,medium
Customer B,2016-10-10,26756.88,SSE and HSBC stock,9.2118,low
Customer A,2016-10-11,18655.95,Savings Account,3.6442,medium
Customer B,2016-10-11,26760.52,SSE and HSBC stock,9.2266,low
Customer A,2016-10-12,18656.98,Savings Account,3.6499,medium
Customer B,2016-10-12,26764.15,SSE and HSBC stock,9.2414,low
Customer A,2016-10-13,18658.01,Savings Account,3.6556,medium
Customer B,2016-10-13,26767.78,SSE and HSBC stock,9.2563,low
Customer A,2016-10-14,18659.04,Savings Account,3.6613,medium
Customer B,2016-10-14,26771.42,SSE and HSBC stock,9.2711,low
Customer A,2016-10-15,18660.06,Savings Account,3.667,medium
Customer B,2016-10-15,26775.05,SSE and HSBC stock,9.2859,low
Customer A,2016-10-16,18661.09,Savings Account,3.6727,medium
Customer B,2016-10-16,26778.69,SSE and HSBC stock,9.3008,low
Customer A,2016-10-17,18662.12,Savings Account,3.6784,medium
Customer B,2016-10-17,26782.33,SSE and HSBC stock,9.3156,low
Customer A,2016-10-18,18663.15,Savings Account,3.6841,medium
Customer B,2016-10-18,26785.96,SSE and HSBC stock,9.3305,low
Customer A,2016-10-19,18664.17,Savings Account,3.6899,medium
Customer B,2016-10-19,26789.6,SSE and HSBC stock,9.3453,low
Customer A,2016-10-20,18665.2,Savings Account,3.6956,medium
Customer B,2016-10-20,26793.24,SSE and HSBC stock,9.3602,low
Customer A,2016-10-21,18666.23,Savings Account,3.7013,medium
Customer B,2016-10-21,26796.88,SSE and HSBC stock,9.375,low
Customer A,2016-10-22,18667.26,Savings Account,3.707,medium
Customer B,2016-10-22,26800.51,SSE and HSBC stock,9.3899,low
Customer A,2016-10-23,18668.29,Savings Account,3.7127,medium
Customer B,2016-10-23,26804.15,SSE and HSBC stock,9.4047,low
Customer A,2016-10-24,18669.31,Savings Account,3.7184,medium
Customer B,2016-10-24,26807.79,SSE and HSBC stock,9.4196,low
Customer A,2016-10-25,18670.34,Savings Account,3.7241,medium
Customer B,2016-10-25,26811.43,SSE and HSBC stock,9.4344,low
Customer A,2016-10-26,18671.37,Savings Account,3.7298,medium
Customer B,2016-10-26,26815.07,SSE and HSBC stock,9.4493,low
Customer A,2016-10-27,18672.4,Savings Account,3.7355,medium
Customer B,2016-10-27,26818.71,SSE and HSBC stock,9.4641,low
Customer A,2016-10-28,18673.43,Savings Account,3.7413,medium
Customer B,2016-10-28,26822.36,SSE and HSBC stock,9.479,low
Customer A,2016-10-29,18674.45,Savings Account,3.747,medium
Customer B,2016-10-29,26826.0,SSE and HSBC stock,9.4939,low
Customer A,2016-10-30,18675.48,Savings Account,3.7527,medium
Customer B,2016-10-30,26829.64,SSE and HSBC stock,9.5087,low
Customer A,2016-10-31,18676.51,Savings Account,3.7584,medium
Customer B,2016-10-31,26833.28,SSE and HSBC stock,9.5236,low
Customer A,2016-11-01,18677.54,Savings Account,3.7641,medium
Customer B,2016-11-01,26836.93,SSE and HSBC stock,9.5385,low
Customer A,2016-11-02,18678.57,Savings Account,3.7698,medium
Customer B,2016-11-02,26840.57,SSE and HSBC stock,9.5534,low
Customer A,2016-11-03,18679.6,Savings Account,3.7755,medium
Customer B,2016-11-03,26844.22,SSE and HSBC stock,9.5682,low
Customer A,2016-11-04,18680.63,Savings Account,3.7813,medium
Customer B,2016-11-04,26847.86,SSE and HSBC stock,9.5831,low
Customer A,2016-11-05,18681.65,Savings Account,3.787,medium
Customer B,2016-11-05,26851.51,SSE and HSBC stock,9.598,low
Customer A,2016-11-06,18682.68,Savings Account,3.7927,medium
Customer B,2016-11-06,26855.15,SSE and HSBC stock,9.6129,low
Customer A,2016-11-07,18683.71,Savings Account,3.7984,medium
Customer B,2016-11-07,26858.8,SSE and HSBC stock,9.6278,low
Customer A,2016-11-08,18684.74,Savings Account,3.8041,medium
Customer B,2016-11-08,26862.45,SSE and HSBC stock,9.6426,low
Customer A,2016-11-09,18685.77,Savings Account,3.8098,medium
Customer B,2016-11-09,26866.09,SSE and HSBC stock,9.6575,low
Customer A,2016-11-10,18686.8,Savings Account,3.8155,medium
Customer B,2016-11-10,26869.74,SSE and HSBC stock,9.6724,low
Customer A,2016-11-11,18687.83,Savings Account,3.8213,medium
Customer B,2016-11-11,26873.39,SSE and HSBC stock,9.6873,low
Customer A,2016-11-12,18688.86,Savings Account,3.827,medium
Customer B,2016-11-12,26877.04,SSE and HSBC stock,9.7022,low
Customer A,2016-11-13,18689.89,Savings Account,3.8327,medium
Customer B,2016-11-13,26880.69,SSE and HSBC stock,9.7171,low
Customer A,2016-11-14,18690.91,Savings Account,3.8384,medium
Customer B,2016-11-14,26884.34,SSE and HSBC stock,9.732,low
Customer A,2016-11-15,18691.94,Savings Account,3.8441,medium
Customer B,2016-11-15,26887.99,SSE and HSBC stock,9.7469,low
Customer A,2016-11-16,18692.97,Savings Account,3.8499,medium
Customer B,2016-11-16,26891.64,SSE and HSBC stock,9.7618,low
Customer A,2016-11-17,18694.0,Savings Account,3.8556,medium
Customer B,2016-11-17,26895.29,SSE and HSBC stock,9.7767,low
Customer A,2016-11-18,18695.03,Savings Account,3.8613,medium
Customer B,2016-11-18,26898.94,SSE and HSBC stock,9.7916,low
Customer A,2016-11-19,18696.06,Savings Account,3.867,medium
Customer B,2016-11-19,26902.6,SSE and HSBC stock,9.8065,low
Customer A,2016-11-20,18697.09,Savings Account,3.8727,medium
Customer B,2016-11-20,26906.25,SSE and HSBC stock,9.8214,low
Customer A,2016-11-21,18698.12,Savings Account,3.8785,medium
Customer B,2016-11-21,26909.9,SSE and HSBC stock,9.8363,low
Customer A,2016-11-22,18699.15,Savings Account,3.8842,medium
Customer B,2016-11-22,26913.56,SSE and HSBC stock,9.8513,low
Customer A,2016-11-23,18700.18,Savings Account,3.8899,medium
Customer B,2016-11-23,26917.21,SSE and HSBC stock,9.8662,low
Customer A,2016-11-24,18701.21,Savings Account,3.8956,medium
Customer B,2016-11-24,26920.87,SSE and HSBC stock,9.8811,low
Customer A,2016-11-25,18702.24,Savings Account,3.9013,medium
Customer B,2016-11-25,26924.52,SSE and HSBC stock,9.896,low
Customer A,2016-11-26,18703.27,Savings Account,3.9071,medium
Customer B,2016-11-26,26928.18,SSE and HSBC stock,9.9109,low
Customer A,2016-11-27,18704.3,Savings Account,3.9128,medium
Customer B,2016-11-27,26931.83,SSE and HSBC stock,9.9259,low
Customer A,2016-11-28,18705.33,Savings Account,3.9185,medium
Customer B,2016-11-28,26935.49,SSE and HSBC stock,9.9408,low
Customer A,2016-11-29,18706.36,Savings Account,3.9242,medium
Customer B,2016-11-29,26939.15,SSE and HSBC stock,9.9557,low
Customer A,2016-11-30,18707.39,Savings Account,3.9299,medium
Customer B,2016-11-30,26942.81,SSE and HSBC stock,9.9706,low
Customer A,2016-12-01,18708.42,Savings Account,3.9357,medium
Customer B,2016-12-01,26946.47,SSE and HSBC stock,9.9856,low
Customer A,2016-12-02,18709.45,Savings Account,3.9414,medium
Customer B,2016-12-02,26950.12,SSE and HSBC stock,10.0005,low
Customer A,2016-12-03,18710.48,Savings Account,3.9471,medium
Customer B,2016-12-03,26953.78,SSE and HSBC stock,10.0154,low
Customer A,2016-12-04,18711.51,Savings Account,3.9528,medium
Customer B,2016-12-04,26957.44,SSE and HSBC stock,10.0304,low
Customer A,2016-12-05,18712.54,Savings Account,3.9586,medium
Customer B,2016-12-05,26961.1,SSE and HSBC stock,10.0453,low
Customer A,2016-12-06,18713.57,Savings Account,3.9643,medium
Customer B,2016-12-06,26964.76,SSE and HSBC stock,10.0603,low
Customer A,2016-12-07,18714.6,Savings Account,3.97,medium
Customer B,2016-12-07,26968.43,SSE and HSBC stock,10.0752,low
Customer A,2016-12-08,18715.63,Savings Account,3.9757,medium
Customer B,2016-12-08,26972.09,SSE and HSBC stock,10.0902,low
Customer A,2016-12-09,18716.66,Savings Account,3.9815,medium
Customer B,2016-12-09,26975.75,SSE and HSBC stock,10.1051,low
Customer A,2016-12-10,18717.69,Savings Account,3.9872,medium
Customer B,2016-12-10,26979.41,SSE and HSBC stock,10.1201,low
Customer A,2016-12-11,18718.73,Savings Account,3.9929,medium
Customer B,2016-12-11,26983.08,SSE and HSBC stock,10.135,low
Customer A,2016-12-12,18719.76,Savings Account,3.9986,medium
Customer B,2016-12-12,26986.74,SSE and HSBC stock,10.15,low
Customer A,2016-12-13,18720.79,Savings Account,4.0044,medium
Customer B,2016-12-13,26990.41,SSE and HSBC stock,10.1649,low
Customer A,2016-12-14,18721.82,Savings Account,4.0101,medium
Customer B,2016-12-14,26994.07,SSE and HSBC stock,10.1799,low
Customer A,2016-12-15,18722.85,Savings Account,4.0158,medium
Customer B,2016-12-15,26997.74,SSE and HSBC stock,10.1948,low
Customer A,2016-12-16,18723.88,Savings Account,4.0216,medium
Customer B,2016-12-16,27001.4,SSE and HSBC stock,10.2098,low
Customer A,2016-12-17,18724.91,Savings Account,4.0273,medium
Customer B,2016-12-17,27005.07,SSE and HSBC stock,10.2248,low
Customer A,2016-12-18,18725.94,Savings Account,4.033,medium
Customer B,2016-12-18,27008.73,SSE and HSBC stock,10.2397,low
Customer A,2016-12-19,18726.97,Savings Account,4.0387,medium
Customer B,2016-12-19,27012.4,SSE and HSBC stock,10.2547,low
Customer A,2016-12-20,18728.0,Savings Account,4.0445,medium
Customer B,2016-12-20,27016.07,SSE and HSBC stock,10.2697,low
Customer A,2016-12-21,18729.04,Savings Account,4.0502,medium
Customer B,2016-12-21,27019.74,SSE and HSBC stock,10.2846,low
Customer A,2016-12-22,18730.07,Savings Account,4.0559,medium
Customer B,2016-12-22,27023.41,SSE and HSBC stock,10.2996,low
Customer A,2016-12-23,18731.1,Savings Account,4.0617,medium
Customer B,2016-12-23,27027.08,SSE and HSBC stock,10.3146,low
Customer A,2016-12-24,18732.13,Savings Account,4.0674,medium
Customer B,2016-12-24,27030.75,SSE and HSBC stock,10.3296,low
Customer A,2016-12-25,18733.16,Savings Account,4.0731,medium
Customer B,2016-12-25,27034.42,SSE and HSBC stock,10.3446,low
Customer A,2016-12-26,18734.19,Savings Account,4.0789,medium
Customer B,2016-12-26,27038.09,SSE and HSBC stock,10.3595,low
Customer A,2016-12-27,18735.23,Savings Account,4.0846,medium
Customer B,2016-12-27,27041.76,SSE and HSBC stock,10.3745,low
Customer A,2016-12-28,18736.26,Savings Account,4.0903,medium
Customer B,2016-12-28,27045.43,SSE and HSBC stock,10.3895,low
Customer A,2016-12-29,18737.29,Savings Account,4.096,medium
Customer B,2016-12-29,27049.1,SSE and HSBC stock,10.4045,low
Customer A,2016-12-30,18738.32,Savings Account,4.1018,medium
Customer B,2016-12-30,27052.78,SSE and HSBC stock,10.4195,low
Customer A,2016-12-31,18739.35,Savings Account,4.1075,medium
Customer B,2016-12-31,27056.45,SSE and HSBC stock,10.4345,low
Customer A,2017-01-01,18740.38,Savings Account,4.1132,medium
Customer B,2017-01-01,27060.12,SSE and HSBC stock,10.4495,low
Customer A,2017-01-02,18741.42,Savings Account,4.119,medium
Customer B,2017-01-02,27063.8,SSE and HSBC stock,10.4645,low
Customer A,2017-01-03,18742.45,Savings Account,4.1247,medium
Customer B,2017-01-03,27067.47,SSE and HSBC stock,10.4795,low
Customer A,2017-01-04,18743.48,Savings Account,4.1304,medium
Customer B,2017-01-04,27071.15,SSE and HSBC stock,10.4945,low
Customer A,2017-01-05,18744.51,Savings Account,4.1362,medium
Customer B,2017-01-05,27074.82,SSE and HSBC stock,10.5095,low
Customer A,2017-01-06,18745.54,Savings Account,4.1419,medium
Customer B,2017-01-06,27078.5,SSE and HSBC stock,10.5245,low
Customer A,2017-01-07,18746.58,Savings Account,4.1477,medium
Customer B,2017-01-07,27082.18,SSE and HSBC stock,10.5395,low
Customer A,2017-01-08,18747.61,Savings Account,4.1534,medium
Customer B,2017-01-08,27085.85,SSE and HSBC stock,10.5545,low
Customer A,2017-01-09,18748.64,Savings Account,4.1591,medium
Customer B,2017-01-09,27089.53,SSE and HSBC stock,10.5695,low
Customer A,2017-01-10,18749.67,Savings Account,4.1649,medium
Customer B,2017-01-10,27093.21,SSE and HSBC stock,10.5845,low
Customer A,2017-01-11,18750.71,Savings Account,4.1706,medium
Customer B,2017-01-11,27096.89,SSE and HSBC stock,10.5995,low
Customer A,2017-01-12,18751.74,Savings Account,4.1763,medium
Customer B,2017-01-12,27100.57,SSE and HSBC stock,10.6146,low
Customer A,2017-01-13,18752.77,Savings Account,4.1821,medium
Customer B,2017-01-13,27104.25,SSE and HSBC stock,10.6296,low
Customer A,2017-01-14,18753.8,Savings Account,4.1878,medium
Customer B,2017-01-14,27107.93,SSE and HSBC stock,10.6446,low
Customer A,2017-01-15,18754.84,Savings Account,4.1935,medium
Customer B,2017-01-15,27111.61,SSE and HSBC stock,10.6596,low
Customer A,2017-01-16,18755.87,Savings Account,4.1993,medium
Customer B,2017-01-16,27115.29,SSE and HSBC stock,10.6747,low
Customer A,2017-01-17,18756.9,Savings Account,4.205,medium
Customer B,2017-01-17,27118.97,SSE and HSBC stock,10.6897,low
Customer A,2017-01-18,18757.94,Savings Account,4.2108,medium
Customer B,2017-01-18,27122.66,SSE and HSBC stock,10.7047,low
Customer A,2017-01-19,18758.97,Savings Account,4.2165,medium
Customer B,2017-01-19,27126.34,SSE and HSBC stock,10.7197,low
Customer A,2017-01-20,18760.0,Savings Account,4.2222,medium
Customer B,2017-01-20,27130.02,SSE and HSBC stock,10.7348,low
Customer A,2017-01-21,18761.04,Savings Account,4.228,medium
Customer B,2017-01-21,27133.71,SSE and HSBC stock,10.7498,low
Customer A,2017-01-22,18762.07,Savings Account,4.2337,medium
Customer B,2017-01-22,27137.39,SSE and HSBC stock,10.7649,low
Customer A,2017-01-23,18763.1,Savings Account,4.2395,medium
Customer B,2017-01-23,27141.07,SSE and HSBC stock,10.7799,low
Customer A,2017-01-24,18764.13,Savings Account,4.2452,medium
Customer B,2017-01-24,27144.76,SSE and HSBC stock,10.7949,low
Customer A,2017-01-25,18765.17,Savings Account,4.2509,medium
Customer B,2017-01-25,27148.45,SSE and HSBC stock,10.81,low
Customer A,2017-01-26,18766.2,Savings Account,4.2567,medium
Customer B,2017-01-26,27152.13,SSE and HSBC stock,10.825,low
Customer A,2017-01-27,18767.23,Savings Account,4.2624,medium
Customer B,2017-01-27,27155.82,SSE and HSBC stock,10.8401,low
Customer A,2017-01-28,18768.27,Savings Account,4.2682,medium
Customer B,2017-01-28,27159.51,SSE and HSBC stock,10.8551,low
Customer A,2017-01-29,18769.3,Savings Account,4.2739,medium
Customer B,2017-01-29,27163.19,SSE and HSBC stock,10.8702,low
Customer A,2017-01-30,18770.34,Savings Account,4.2796,medium
Customer B,2017-01-30,27166.88,SSE and HSBC stock,10.8852,low
Customer A,2017-01-31,18771.37,Savings Account,4.2854,medium
Customer B,2017-01-31,27170.57,SSE and HSBC stock,10.9003,low
Customer A,2017-02-01,18772.4,Savings Account,4.2911,medium
Customer B,2017-02-01,27174.26,SSE and HSBC stock,10.9154,low
Customer A,2017-02-02,18773.44,Savings Account,4.2969,medium
Customer B,2017-02-02,27177.95,SSE and HSBC stock,10.9304,low
Customer A,2017-02-03,18774.47,Savings Account,4.3026,medium
Customer B,2017-02-03,27181.64,SSE and HSBC stock,10.9455,low
Customer A,2017-02-04,18775.5,Savings Account,4.3084,medium
Customer B,2017-02-04,27185.33,SSE and HSBC stock,10.9605,low
Customer A,2017-02-05,18776.54,Savings Account,4.3141,medium
Customer B,2017-02-05,27189.02,SSE and HSBC stock,10.9756,low
Customer A,2017-02-06,18777.57,Savings Account,4.3198,medium
Customer B,2017-02-06,27192.72,SSE and HSBC stock,10.9907,low
Customer A,2017-02-07,18778.61,Savings Account,4.3256,medium
Customer B,2017-02-07,27196.41,SSE and HSBC stock,11.0057,low
Customer A,2017-02-08,18779.64,Savings Account,4.3313,medium
Customer B,2017-02-08,27200.1,SSE and HSBC stock,11.0208,low
Customer A,2017-02-09,18780.67,Savings Account,4.3371,medium
Customer B,2017-02-09,27203.79,SSE and HSBC stock,11.0359,low
Customer A,2017-02-10,18781.71,Savings Account,4.3428,medium
Customer B,2017-02-10,27207.49,SSE and HSBC stock,11.051,low
Customer A,2017-02-11,18782.74,Savings Account,4.3486,medium
Customer B,2017-02-11,27211.18,SSE and HSBC stock,11.066,low
Customer A,2017-02-12,18783.78,Savings Account,4.3543,medium
Customer B,2017-02-12,27214.88,SSE and HSBC stock,11.0811,low
Customer A,2017-02-13,18784.81,Savings Account,4.3601,medium
Customer B,2017-02-13,27218.57,SSE and HSBC stock,11.0962,low
Customer A,2017-02-14,18785.85,Savings Account,4.3658,medium
Customer B,2017-02-14,27222.27,SSE and HSBC stock,11.1113,low
Customer A,2017-02-15,18786.88,Savings Account,4.3716,medium
Customer B,2017-02-15,27225.96,SSE and HSBC stock,11.1264,low
Customer A,2017-02-16,18787.92,Savings Account,4.3773,medium
Customer B,2017-02-16,27229.66,SSE and HSBC stock,11.1415,low
Customer A,2017-02-17,18788.95,Savings Account,4.3831,medium
Customer B,2017-02-17,27233.36,SSE and HSBC stock,11.1566,low
Customer A,2017-02-18,18789.98,Savings Account,4.3888,medium
Customer B,2017-02-18,27237.06,SSE and HSBC stock,11.1717,low
Customer A,2017-02-19,18791.02,Savings Account,4.3946,medium
Customer B,2017-02-19,27240.76,SSE and HSBC stock,11.1868,low
Customer A,2017-02-20,18792.05,Savings Account,4.4003,medium
Customer B,2017-02-20,27244.45,SSE and HSBC stock,11.2019,low
Customer A,2017-02-21,18793.09,Savings Account,4.4061,medium
Customer B,2017-02-21,27248.15,SSE and HSBC stock,11.217,low
Customer A,2017-02-22,18794.12,Savings Account,4.4118,medium
Customer B,2017-02-22,27251.85,SSE and HSBC stock,11.2321,low
Customer A,2017-02-23,18795.16,Savings Account,4.4175,medium
Customer B,2017-02-23,27255.55,SSE and HSBC stock,11.2472,low
Customer A,2017-02-24,18796.19,Savings Account,4.4233,medium
Customer B,2017-02-24,27259.25,SSE and HSBC stock,11.2623,low
Customer A,2017-02-25,18797.23,Savings Account,4.4291,medium
Customer B,2017-02-25,27262.96,SSE and HSBC stock,11.2774,low
Customer A,2017-02-26,18798.26,Savings Account,4.4348,medium
Customer B,2017-02-26,27266.66,SSE and HSBC stock,11.2925,low
Customer A,2017-02-27,18799.3,Savings Account,4.4406,medium
Customer B,2017-02-27,27270.36,SSE and HSBC stock,11.3076,low
Customer A,2017-02-28,18800.33,Savings Account,4.4463,medium
Customer B,2017-02-28,27274.06,SSE and HSBC stock,11.3227,low
Customer A,2017-03-01,18801.37,Savings Account,4.4521,medium
Customer B,2017-03-01,27277.77,SSE and HSBC stock,11.3378,low
Customer A,2017-03-02,18802.41,Savings Account,4.4578,medium
Customer B,2017-03-02,27281.47,SSE and HSBC stock,11.3529,low
Customer A,2017-03-03,18803.44,Savings Account,4.4636,medium
Customer B,2017-03-03,27285.18,SSE and HSBC stock,11.3681,low
Customer A,2017-03-04,18804.48,Savings Account,4.4693,medium
Customer B,2017-03-04,27288.88,SSE and HSBC stock,11.3832,low
Customer A,2017-03-05,18805.51,Savings Account,4.4751,medium
Customer B,2017-03-05,27292.59,SSE and HSBC stock,11.3983,low
Customer A,2017-03-06,18806.55,Savings Account,4.4808,medium
Customer B,2017-03-06,27296.29,SSE and HSBC stock,11.4134,low
Customer A,2017-03-07,18807.58,Savings Account,4.4866,medium
Customer B,2017-03-07,27300.0,SSE and HSBC stock,11.4286,low
Customer A,2017-03-08,18808.62,Savings Account,4.4923,medium
Customer B,2017-03-08,27303.7,SSE and HSBC stock,11.4437,low
Customer A,2017-03-09,18809.65,Savings Account,4.4981,medium
Customer B,2017-03-09,27307.41,SSE and HSBC stock,11.4588,low
Customer A,2017-03-10,18810.69,Savings Account,4.5038,medium
Customer B,2017-03-10,27311.12,SSE and HSBC stock,11.474,low
Customer A,2017-03-11,18811.73,Savings Account,4.5096,medium
Customer B,2017-03-11,27314.83,SSE and HSBC stock,11.4891,low
Customer A,2017-03-12,18812.76,Savings Account,4.5153,medium
Customer B,2017-03-12,27318.54,SSE and HSBC stock,11.5042,low
Customer A,2017-03-13,18813.8,Savings Account,4.5211,medium
Customer B,2017-03-13,27322.25,SSE and HSBC stock,11.5194,low
Customer A,2017-03-14,18814.83,Savings Account,4.5269,medium
Customer B,2017-03-14,27325.96,SSE and HSBC stock,11.5345,low
Customer A,2017-03-15,18815.87,Savings Account,4.5326,medium
Customer B,2017-03-15,27329.67,SSE and HSBC stock,11.5497,low
Customer A,2017-03-16,18816.91,Savings Account,4.5384,medium
Customer B,2017-03-16,27333.38,SSE and HSBC stock,11.5648,low
Customer A,2017-03-17,18817.94,Savings Account,4.5441,medium
Customer B,2017-03-17,27337.09,SSE and HSBC stock,11.58,low
Customer A,2017-03-18,18818.98,Savings Account,4.5499,medium
Customer B,2017-03-18,27340.8,SSE and HSBC stock,11.5951,low
Customer A,2017-03-19,18820.02,Savings Account,4.5556,medium
Customer B,2017-03-19,27344.51,SSE and HSBC stock,11.6103,low
Customer A,2017-03-20,18821.05,Savings Account,4.5614,medium
Customer B,2017-03-20,27348.23,SSE and HSBC stock,11.6254,low
Customer A,2017-03-21,18822.09,Savings Account,4.5672,medium
Customer B,2017-03-21,27351.94,SSE and HSBC stock,11.6406,low
Customer A,2017-03-22,18823.12,Savings Account,4.5729,medium
Customer B,2017-03-22,27355.65,SSE and HSBC stock,11.6557,low
Customer A,2017-03-23,18824.16,Savings Account,4.5787,medium
Customer B,2017-03-23,27359.37,SSE and HSBC stock,11.6709,low
Customer A,2017-03-24,18825.2,Savings Account,4.5844,medium
Customer B,2017-03-24,27363.08,SSE and HSBC stock,11.6861,low
Customer A,2017-03-25,18826.23,Savings Account,4.5902,medium
Customer B,2017-03-25,27366.8,SSE and HSBC stock,11.7012,low
Customer A,2017-03-26,18827.27,Savings Account,4.596,medium
Customer B,2017-03-26,27370.52,SSE and HSBC stock,11.7164,low
Customer A,2017-03-27,18828.31,Savings Account,4.6017,medium
Customer B,2017-03-27,27374.23,SSE and HSBC stock,11.7316,low
Customer A,2017-03-28,18829.34,Savings Account,4.6075,medium
Customer B,2017-03-28,27377.95,SSE and HSBC stock,11.7467,low
Customer A,2017-03-29,18830.38,Savings Account,4.6132,medium
Customer B,2017-03-29,27381.67,SSE and HSBC stock,11.7619,low
Customer A,2017-03-30,18831.42,Savings Account,4.619,medium
Customer B,2017-03-30,27385.38,SSE and HSBC stock,11.7771,low
Customer A,2017-03-31,18832.46,Savings Account,4.6248,medium
Customer B,2017-03-31,27389.1,SSE and HSBC stock,11.7923,low
Customer A,2017-04-01,18833.49,Savings Account,4.6305,medium
Customer B,2017-04-01,27392.82,SSE and HSBC stock,11.8074,low
Customer A,2017-04-02,18834.53,Savings Account,4.6363,medium
Customer B,2017-04-02,27396.54,SSE and HSBC stock,11.8226,low
Customer A,2017-04-03,18835.57,Savings Account,4.642,medium
Customer B,2017-04-03,27400.26,SSE and HSBC stock,11.8378,low
Customer A,2017-04-04,18836.6,Savings Account,4.6478,medium
Customer B,2017-04-04,27403.98,SSE and HSBC stock,11.853,low
Customer A,2017-04-05,18837.64,Savings Account,4.6536,medium
Customer B,2017-04-05,27407.7,SSE and HSBC stock,11.8682,low
Customer A,2017-04-06,18838.68,Savings Account,4.6593,medium
Customer B,2017-04-06,27411.43,SSE and HSBC stock,11.8834,low
Customer A,2017-04-07,18839.72,Savings Account,4.6651,medium
Customer B,2017-04-07,27415.15,SSE and HSBC stock,11.8986,low
Customer A,2017-04-08,18840.75,Savings Account,4.6709,medium
Customer B,2017-04-08,27418.87,SSE and HSBC stock,11.9138,low
Customer A,2017-04-09,18841.79,Savings Account,4.6766,medium
Customer B,2017-04-09,27422.59,SSE and HSBC stock,11.929,low
Customer A,2017-04-10,18842.83,Savings Account,4.6824,medium
Customer B,2017-04-10,27426.32,SSE and HSBC stock,11.9441,low
Customer A,2017-04-11,18843.87,Savings Account,4.6881,medium
Customer B,2017-04-11,27430.04,SSE and HSBC stock,11.9593,low
Customer A,2017-04-12,18844.9,Savings Account,4.6939,medium
Customer B,2017-04-12,27433.77,SSE and HSBC stock,11.9746,low
Customer A,2017-04-13,18845.94,Savings Account,4.6997,medium
Customer B,2017-04-13,27437.49,SSE and HSBC stock,11.9898,low
Customer A,2017-04-14,18846.98,Savings Account,4.7054,medium
Customer B,2017-04-14,27441.22,SSE and HSBC stock,12.005,low
Customer A,2017-04-15,18848.02,Savings Account,4.7112,medium
Customer B,2017-04-15,27444.94,SSE and HSBC stock,12.0202,low
Customer A,2017-04-16,18849.06,Savings Account,4.717,medium
Customer B,2017-04-16,27448.67,SSE and HSBC stock,12.0354,low
Customer A,2017-04-17,18850.09,Savings Account,4.7227,medium
Customer B,2017-04-17,27452.4,SSE and HSBC stock,12.0506,low
Customer A,2017-04-18,18851.13,Savings Account,4.7285,medium
Customer B,2017-04-18,27456.12,SSE and HSBC stock,12.0658,low
Customer A,2017-04-19,18852.17,Savings Account,4.7343,medium
Customer B,2017-04-19,27459.85,SSE and HSBC stock,12.081,low
Customer A,2017-04-20,18853.21,Savings Account,4.74,medium
Customer B,2017-04-20,27463.58,SSE and HSBC stock,12.0962,low
Customer A,2017-04-21,18854.25,Savings Account,4.7458,medium
Customer B,2017-04-21,27467.31,SSE and HSBC stock,12.1115,low
Customer A,2017-04-22,18855.28,Savings Account,4.7516,medium
Customer B,2017-04-22,27471.04,SSE and HSBC stock,12.1267,low
Customer A,2017-04-23,18856.32,Savings Account,4.7573,medium
Customer B,2017-04-23,27474.77,SSE and HSBC stock,12.1419,low
Customer A,2017-04-24,18857.36,Savings Account,4.7631,medium
Customer B,2017-04-24,27478.5,SSE and HSBC stock,12.1571,low
Customer A,2017-04-25,18858.4,Savings Account,4.7689,medium
Customer B,2017-04-25,27482.23,SSE and HSBC stock,12.1724,low
Customer A,2017-04-26,18859.44,Savings Account,4.7747,medium
Customer B,2017-04-26,27485.96,SSE and HSBC stock,12.1876,low
Customer A,2017-04-27,18860.48,Savings Account,4.7804,medium
Customer B,2017-04-27,27489.69,SSE and HSBC stock,12.2028,low
Customer A,2017-04-28,18861.52,Savings Account,4.7862,medium
Customer B,2017-04-28,27493.43,SSE and HSBC stock,12.2181,low
Customer A,2017-04-29,18862.55,Savings Account,4.792,medium
Customer B,2017-04-29,27497.16,SSE and HSBC stock,12.2333,low
Customer A,2017-04-30,18863.59,Savings Account,4.7977,medium
Customer B,2017-04-30,27500.89,SSE and HSBC stock,12.2485,low
Customer A,2017-05-01,18864.63,Savings Account,4.8035,medium
Customer B,2017-05-01,27504.63,SSE and HSBC stock,12.2638,low
Customer A,2017-05-02,18865.67,Savings Account,4.8093,medium
Customer B,2017-05-02,27508.36,SSE and HSBC stock,12.279,low
Customer A,2017-05-03,18866.71,Savings Account,4.8151,medium
Customer B,2017-05-03,27512.1,SSE and HSBC stock,12.2943,low
Customer A,2017-05-04,18867.75,Savings Account,4.8208,medium
Customer B,2017-05-04,27515.83,SSE and HSBC stock,12.3095,low
Customer A,2017-05-05,18868.79,Savings Account,4.8266,medium
Customer B,2017-05-05,27519.57,SSE and HSBC stock,12.3248,low
Customer A,2017-05-06,18869.83,Savings Account,4.8324,medium
Customer B,2017-05-06,27523.31,SSE and HSBC stock,12.34,low
Customer A,2017-05-07,18870.87,Savings Account,4.8381,medium
Customer B,2017-05-07,27527.04,SSE and HSBC stock,12.3553,low
Customer A,2017-05-08,18871.9,Savings Account,4.8439,medium
Customer B,2017-05-08,27530.78,SSE and HSBC stock,12.3705,low
Customer A,2017-05-09,18872.94,Savings Account,4.8497,medium
Customer B,2017-05-09,27534.52,SSE and HSBC stock,12.3858,low
Customer A,2017-05-10,18873.98,Savings Account,4.8555,medium
Customer B,2017-05-10,27538.26,SSE and HSBC stock,12.4011,low
Customer A,2017-05-11,18875.02,Savings Account,4.8612,medium
Customer B,2017-05-11,27542.0,SSE and HSBC stock,12.4163,low
Customer A,2017-05-12,18876.06,Savings Account,4.867,medium
Customer B,2017-05-12,27545.74,SSE and HSBC stock,12.4316,low
Customer A,2017-05-13,18877.1,Savings Account,4.8728,medium
Customer B,2017-05-13,27549.48,SSE and HSBC stock,12.4469,low
Customer A,2017-05-14,18878.14,Savings Account,4.8786,medium
Customer B,2017-05-14,27553.22,SSE and HSBC stock,12.4621,low
Customer A,2017-05-15,18879.18,Savings Account,4.8843,medium
Customer B,2017-05-15,27556.96,SSE and HSBC stock,12.4774,low
Customer A,2017-05-16,18880.22,Savings Account,4.8901,medium
Customer B,2017-05-16,27560.7,SSE and HSBC stock,12.4927,low
Customer A,2017-05-17,18881.26,Savings Account,4.8959,medium
Customer B,2017-05-17,27564.45,SSE and HSBC stock,12.5079,low
Customer A,2017-05-18,18882.3,Savings Account,4.9017,medium
Customer B,2017-05-18,27568.19,SSE and HSBC stock,12.5232,low
Customer A,2017-05-19,18883.34,Savings Account,4.9074,medium
Customer B,2017-05-19,27571.93,SSE and HSBC stock,12.5385,low
Customer A,2017-05-20,18884.38,Savings Account,4.9132,medium
Customer B,2017-05-20,27575.68,SSE and HSBC stock,12.5538,low
Customer A,2017-05-21,18885.42,Savings Account,4.919,medium
Customer B,2017-05-21,27579.42,SSE and HSBC stock,12.5691,low
Customer A,2017-05-22,18886.46,Savings Account,4.9248,medium
Customer B,2017-05-22,27583.16,SSE and HSBC stock,12.5843,low
Customer A,2017-05-23,18887.5,Savings Account,4.9306,medium
Customer B,2017-05-23,27586.91,SSE and HSBC stock,12.5996,low
Customer A,2017-05-24,18888.54,Savings Account,4.9363,medium
Customer B,2017-05-24,27590.66,SSE and HSBC stock,12.6149,low
Customer A,2017-05-25,18889.58,Savings Account,4.9421,medium
Customer B,2017-05-25,27594.4,SSE and HSBC stock,12.6302,low
Customer A,2017-05-26,18890.62,Savings Account,4.9479,medium
Customer B,2017-05-26,27598.15,SSE and HSBC stock,12.6455,low
Customer A,2017-05-27,18891.66,Savings Account,4.9537,medium
Customer B,2017-05-27,27601.9,SSE and HSBC stock,12.6608,low
Customer A,2017-05-28,18892.7,Savings Account,4.9594,medium
Customer B,2017-05-28,27605.64,SSE and HSBC stock,12.6761,low
Customer A,2017-05-29,18893.74,Savings Account,4.9652,medium
Customer B,2017-05-29,27609.39,SSE and HSBC stock,12.6914,low
Customer A,2017-05-30,18894.78,Savings Account,4.971,medium
Customer B,2017-05-30,27613.14,SSE and HSBC stock,12.7067,low
Customer A,2017-05-31,18895.82,Savings Account,4.9768,medium
Customer B,2017-05-31,27616.89,SSE and HSBC stock,12.722,low
Customer A,2017-06-01,18896.86,Savings Account,4.9826,medium
Customer B,2017-06-01,27620.64,SSE and HSBC stock,12.7373,low
Customer A,2017-06-02,18897.9,Savings Account,4.9884,medium
Customer B,2017-06-02,27624.39,SSE and HSBC stock,12.7526,low
Customer A,2017-06-03,18898.94,Savings Account,4.9941,medium
Customer B,2017-06-03,27628.14,SSE and HSBC stock,12.7679,low
Customer A,2017-06-04,18899.98,Savings Account,4.9999,medium
Customer B,2017-06-04,27631.89,SSE and HSBC stock,12.7832,low
Customer A,2017-06-05,18901.03,Savings Account,5.0057,medium
Customer B,2017-06-05,27635.65,SSE and HSBC stock,12.7986,low
Customer A,2017-06-06,18902.07,Savings Account,5.0115,medium
Customer B,2017-06-06,27639.4,SSE and HSBC stock,12.8139,low
Customer A,2017-06-07,18903.11,Savings Account,5.0173,medium
Customer B,2017-06-07,27643.15,SSE and HSBC stock,12.8292,low
Customer A,2017-06-08,18904.15,Savings Account,5.023,medium
Customer B,2017-06-08,27646.91,SSE and HSBC stock,12.8445,low
Customer A,2017-06-09,18905.19,Savings Account,5.0288,medium
Customer B,2017-06-09,27650.66,SSE and HSBC stock,12.8598,low
Customer A,2017-06-10,18906.23,Savings Account,5.0346,medium
Customer B,2017-06-10,27654.41,SSE and HSBC stock,12.8752,low
Customer A,2017-06-11,18907.27,Savings Account,5.0404,medium
Customer B,2017-06-11,27658.17,SSE and HSBC stock,12.8905,low
Customer A,2017-06-12,18908.31,Savings Account,5.0462,medium
Customer B,2017-06-12,27661.92,SSE and HSBC stock,12.9058,low
Customer A,2017-06-13,18909.35,Savings Account,5.052,medium
Customer B,2017-06-13,27665.68,SSE and HSBC stock,12.9211,low
Customer A,2017-06-14,18910.39,Savings Account,5.0577,medium
Customer B,2017-06-14,27669.44,SSE and HSBC stock,12.9365,low
Customer A,2017-06-15,18911.44,Savings Account,5.0635,medium
Customer B,2017-06-15,27673.19,SSE and HSBC stock,12.9518,low
Customer A,2017-06-16,18912.48,Savings Account,5.0693,medium
Customer B,2017-06-16,27676.95,SSE and HSBC stock,12.9672,low
Customer A,2017-06-17,18913.52,Savings Account,5.0751,medium
Customer B,2017-06-17,27680.71,SSE and HSBC stock,12.9825,low
Customer A,2017-06-18,18914.56,Savings Account,5.0809,medium
Customer B,2017-06-18,27684.47,SSE and HSBC stock,12.9978,low
Customer A,2017-06-19,18915.6,Savings Account,5.0867,medium
Customer B,2017-06-19,27688.23,SSE and HSBC stock,13.0132,low
Customer A,2017-06-20,18916.64,Savings Account,5.0925,medium
Customer B,2017-06-20,27691.99,SSE and HSBC stock,13.0285,low
Customer A,2017-06-21,18917.69,Savings Account,5.0983,medium
Customer B,2017-06-21,27695.75,SSE and HSBC stock,13.0439,low
Customer A,2017-06-22,18918.73,Savings Account,5.104,medium
Customer B,2017-06-22,27699.51,SSE and HSBC stock,13.0592,low
Customer A,2017-06-23,18919.77,Savings Account,5.1098,medium
Customer B,2017-06-23,27703.27,SSE and HSBC stock,13.0746,low
Customer A,2017-06-24,18920.81,Savings Account,5.1156,medium
Customer B,2017-06-24,27707.03,SSE and HSBC stock,13.0899,low
Customer A,2017-06-25,18921.85,Savings Account,5.1214,medium
Customer B,2017-06-25,27710.79,SSE and HSBC stock,13.1053,low
Customer A,2017-06-26,18922.9,Savings Account,5.1272,medium
Customer B,2017-06-26,27714.56,SSE and HSBC stock,13.1206,low
Customer A,2017-06-27,18923.94,Savings Account,5.133,medium
Customer B,2017-06-27,27718.32,SSE and HSBC stock,13.136,low
Customer A,2017-06-28,18924.98,Savings Account,5.1388,medium
Customer B,2017-06-28,27722.08,SSE and HSBC stock,13.1514,low
Customer A,2017-06-29,18926.02,Savings Account,5.1446,medium
Customer B,2017-06-29,27725.85,SSE and HSBC stock,13.1667,low
Customer A,2017-06-30,18927.06,Savings Account,5.1504,medium
Customer B,2017-06-30,27729.61,SSE and HSBC stock,13.1821,low
Customer A,2017-07-01,18928.11,Savings Account,5.1561,medium
Customer B,2017-07-01,27733.38,SSE and HSBC stock,13.1975,low
Customer A,2017-07-02,18929.15,Savings Account,5.1619,medium
Customer B,2017-07-02,27737.14,SSE and HSBC stock,13.2128,low
Customer A,2017-07-03,18930.19,Savings Account,5.1677,medium
Customer B,2017-07-03,27740.91,SSE and HSBC stock,13.2282,low
Customer A,2017-07-04,18931.23,Savings Account,5.1735,medium
Customer B,2017-07-04,27744.68,SSE and HSBC stock,13.2436,low
Customer A,2017-07-05,18932.28,Savings Account,5.1793,medium
Customer B,2017-07-05,27748.44,SSE and HSBC stock,13.259,low
Customer A,2017-07-06,18933.32,Savings Account,5.1851,medium
Customer B,2017-07-06,27752.21,SSE and HSBC stock,13.2743,low
Customer A,2017-07-07,18934.36,Savings Account,5.1909,medium
Customer B,2017-07-07,27755.98,SSE and HSBC stock,13.2897,low
Customer A,2017-07-08,18935.4,Savings Account,5.1967,medium
Customer B,2017-07-08,27759.75,SSE and HSBC stock,13.3051,low
Customer A,2017-07-09,18936.45,Savings Account,5.2025,medium
Customer B,2017-07-09,27763.52,SSE and HSBC stock,13.3205,low
Customer A,2017-07-10,18937.49,Savings Account,5.2083,medium
Customer B,2017-07-10,27767.29,SSE and HSBC stock,13.3359,low
Customer A,2017-07-11,18938.53,Savings Account,5.2141,medium
Customer B,2017-07-11,27771.06,SSE and HSBC stock,13.3513,low
Customer A,2017-07-12,18939.57,Savings Account,5.2199,medium
Customer B,2017-07-12,27774.83,SSE and HSBC stock,13.3666,low
Customer A,2017-07-13,18940.62,Savings Account,5.2257,medium
Customer B,2017-07-13,27778.6,SSE and HSBC stock,13.382,low
Customer A,2017-07-14,18941.66,Savings Account,5.2314,medium
Customer B,2017-07-14,27782.37,SSE and HSBC stock,13.3974,low
Customer A,2017-07-15,18942.7,Savings Account,5.2372,medium
Customer B,2017-07-15,27786.14,SSE and HSBC stock,13.4128,low
Customer A,2017-07-16,18943.75,Savings Account,5.243,medium
Customer B,2017-07-16,27789.92,SSE and HSBC stock,13.4282,low
Customer A,2017-07-17,18944.79,Savings Account,5.2488,medium
Customer B,2017-07-17,27793.69,SSE and HSBC stock,13.4436,low
Customer A,2017-07-18,18945.83,Savings Account,5.2546,medium
Customer B,2017-07-18,27797.47,SSE and HSBC stock,13.459,low
Customer A,2017-07-19,18946.88,Savings Account,5.2604,medium
Customer B,2017-07-19,27801.24,SSE and HSBC stock,13.4744,low
Customer A,2017-07-20,18947.92,Savings Account,5.2662,medium
Customer B,2017-07-20,27805.01,SSE and HSBC stock,13.4899,low
Customer A,2017-07-21,18948.96,Savings Account,5.272,medium
Customer B,2017-07-21,27808.79,SSE and HSBC stock,13.5053,low
Customer A,2017-07-22,18950.01,Savings Account,5.2778,medium
Customer B,2017-07-22,27812.57,SSE and HSBC stock,13.5207,low
Customer A,2017-07-23,18951.05,Savings Account,5.2836,medium
Customer B,2017-07-23,27816.34,SSE and HSBC stock,13.5361,low
Customer A,2017-07-24,18952.09,Savings Account,5.2894,medium
Customer B,2017-07-24,27820.12,SSE and HSBC stock,13.5515,low
Customer A,2017-07-25,18953.14,Savings Account,5.2952,medium
Customer B,2017-07-25,27823.9,SSE and HSBC stock,13.5669,low
Customer A,2017-07-26,18954.18,Savings Account,5.301,medium
Customer B,2017-07-26,27827.68,SSE and HSBC stock,13.5823,low
Customer A,2017-07-27,18955.23,Savings Account,5.3068,medium
Customer B,2017-07-27,27831.45,SSE and HSBC stock,13.5978,low
Customer A,2017-07-28,18956.27,Savings Account,5.3126,medium
Customer B,2017-07-28,27835.23,SSE and HSBC stock,13.6132,low
Customer A,2017-07-29,18957.31,Savings Account,5.3184,medium
Customer B,2017-07-29,27839.01,SSE and HSBC stock,13.6286,low
Customer A,2017-07-30,18958.36,Savings Account,5.3242,medium
Customer B,2017-07-30,27842.79,SSE and HSBC stock,13.6441,low
Customer A,2017-07-31,18959.4,Savings Account,5.33,medium
Customer B,2017-07-31,27846.57,SSE and HSBC stock,13.6595,low
Customer A,2017-08-01,18960.45,Savings Account,5.3358,medium
Customer B,2017-08-01,27850.35,SSE and HSBC stock,13.6749,low
Customer A,2017-08-02,18961.49,Savings Account,5.3416,medium
Customer B,2017-08-02,27854.14,SSE and HSBC stock,13.6904,low
Customer A,2017-08-03,18962.53,Savings Account,5.3474,medium
Customer B,2017-08-03,27857.92,SSE and HSBC stock,13.7058,low
Customer A,2017-08-04,18963.58,Savings Account,5.3532,medium
Customer B,2017-08-04,27861.7,SSE and HSBC stock,13.7212,low
Customer A,2017-08-05,18964.62,Savings Account,5.359,medium
Customer B,2017-08-05,27865.48,SSE and HSBC stock,13.7367,low
Customer A,2017-08-06,18965.67,Savings Account,5.3648,medium
Customer B,2017-08-06,27869.27,SSE and HSBC stock,13.7521,low
Customer A,2017-08-07,18966.71,Savings Account,5.3706,medium
Customer B,2017-08-07,27873.05,SSE and HSBC stock,13.7676,low
Customer A,2017-08-08,18967.76,Savings Account,5.3764,medium
Customer B,2017-08-08,27876.84,SSE and HSBC stock,13.783,low
Customer A,2017-08-09,18968.8,Savings Account,5.3822,medium
Customer B,2017-08-09,27880.62,SSE and HSBC stock,13.7985,low
Customer A,2017-08-10,18969.84,Savings Account,5.388,medium
Customer B,2017-08-10,27884.41,SSE and HSBC stock,13.8139,low
Customer A,2017-08-11,18970.89,Savings Account,5.3938,medium
Customer B,2017-08-11,27888.19,SSE and HSBC stock,13.8294,low
Customer A,2017-08-12,18971.93,Savings Account,5.3996,medium
Customer B,2017-08-12,27891.98,SSE and HSBC stock,13.8448,low
Customer A,2017-08-13,18972.98,Savings Account,5.4054,medium
Customer B,2017-08-13,27895.77,SSE and HSBC stock,13.8603,low
Customer A,2017-08-14,18974.02,Savings Account,5.4112,medium
Customer B,2017-08-14,27899.56,SSE and HSBC stock,13.8757,low
Customer A,2017-08-15,18975.07,Savings Account,5.417,medium
Customer B,2017-08-15,27903.34,SSE and HSBC stock,13.8912,low
Customer A,2017-08-16,18976.11,Savings Account,5.4229,medium
Customer B,2017-08-16,27907.13,SSE and HSBC stock,13.9067,low
Customer A,2017-08-17,18977.16,Savings Account,5.4287,medium
Customer B,2017-08-17,27910.92,SSE and HSBC stock,13.9221,low
Customer A,2017-08-18,18978.2,Savings Account,5.4345,medium
Customer B,2017-08-18,27914.71,SSE and HSBC stock,13.9376,low
Customer A,2017-08-19,18979.25,Savings Account,5.4403,medium
Customer B,2017-08-19,27918.5,SSE and HSBC stock,13.9531,low
Customer A,2017-08-20,18980.29,Savings Account,5.4461,medium
Customer B,2017-08-20,27922.29,SSE and HSBC stock,13.9685,low
Customer A,2017-08-21,18981.34,Savings Account,5.4519,medium
Customer B,2017-08-21,27926.09,SSE and HSBC stock,13.984,low
Customer A,2017-08-22,18982.38,Savings Account,5.4577,medium
Customer B,2017-08-22,27929.88,SSE and HSBC stock,13.9995,low
Customer A,2017-08-23,18983.43,Savings Account,5.4635,medium
Customer B,2017-08-23,27933.67,SSE and HSBC stock,14.015,low
Customer A,2017-08-24,18984.47,Savings Account,5.4693,medium
Customer B,2017-08-24,27937.46,SSE and HSBC stock,14.0305,low
Customer A,2017-08-25,18985.52,Savings Account,5.4751,medium
Customer B,2017-08-25,27941.26,SSE and HSBC stock,14.0459,low
Customer A,2017-08-26,18986.57,Savings Account,5.4809,medium
Customer B,2017-08-26,27945.05,SSE and HSBC stock,14.0614,low
Customer A,2017-08-27,18987.61,Savings Account,5.4867,medium
Customer B,2017-08-27,27948.85,SSE and HSBC stock,14.0769,low
Customer A,2017-08-28,18988.66,Savings Account,5.4925,medium
Customer B,2017-08-28,27952.64,SSE and HSBC stock,14.0924,low
Customer A,2017-08-29,18989.7,Savings Account,5.4983,medium
Customer B,2017-08-29,27956.44,SSE and HSBC stock,14.1079,low
Customer A,2017-08-30,18990.75,Savings Account,5.5042,medium
Customer B,2017-08-30,27960.23,SSE and HSBC stock,14.1234,low
Customer A,2017-08-31,18991.79,Savings Account,5.51,medium
Customer B,2017-08-31,27964.03,SSE and HSBC stock,14.1389,low
Customer A,2017-09-01,18992.84,Savings Account,5.5158,medium
Customer B,2017-09-01,27967.83,SSE and HSBC stock,14.1544,low
Customer A,2017-09-02,18993.89,Savings Account,5.5216,medium
Customer B,2017-09-02,27971.62,SSE and HSBC stock,14.1699,low
Customer A,2017-09-03,18994.93,Savings Account,5.5274,medium
Customer B,2017-09-03,27975.42,SSE and HSBC stock,14.1854,low
Customer A,2017-09-04,18995.98,Savings Account,5.5332,medium
Customer B,2017-09-04,27979.22,SSE and HSBC stock,14.2009,low
Customer A,2017-09-05,18997.02,Savings Account,5.539,medium
Customer B,2017-09-05,27983.02,SSE and HSBC stock,14.2164,low
Customer A,2017-09-06,18998.07,Savings Account,5.5448,medium
Customer B,2017-09-06,27986.82,SSE and HSBC stock,14.2319,low
Customer A,2017-09-07,18999.12,Savings Account,5.5506,medium
Customer B,2017-09-07,27990.62,SSE and HSBC stock,14.2474,low
Customer A,2017-09-08,19000.16,Savings Account,5.5565,medium
Customer B,2017-09-08,27994.42,SSE and HSBC stock,14.2629,low
Customer A,2017-09-09,19001.21,Savings Account,5.5623,medium
Customer B,2017-09-09,27998.22,SSE and HSBC stock,14.2785,low
Customer A,2017-09-10,19002.26,Savings Account,5.5681,medium
Customer B,2017-09-10,28002.02,SSE and HSBC stock,14.294,low
Customer A,2017-09-11,19003.3,Savings Account,5.5739,medium
Customer B,2017-09-11,28005.82,SSE and HSBC stock,14.3095,low
Customer A,2017-09-12,19004.35,Savings Account,5.5797,medium
Customer B,2017-09-12,28009.63,SSE and HSBC stock,14.325,low
Customer A,2017-09-13,19005.39,Savings Account,5.5855,medium
Customer B,2017-09-13,28013.43,SSE and HSBC stock,14.3405,low
Customer A,2017-09-14,19006.44,Savings Account,5.5913,medium
Customer B,2017-09-14,28017.23,SSE and HSBC stock,14.3561,low
Customer A,2017-09-15,19007.49,Savings Account,5.5972,medium
Customer B,2017-09-15,28021.04,SSE and HSBC stock,14.3716,low
Customer A,2017-09-16,19008.53,Savings Account,5.603,medium
Customer B,2017-09-16,28024.84,SSE and HSBC stock,14.3871,low
Customer A,2017-09-17,19009.58,Savings Account,5.6088,medium
Customer B,2017-09-17,28028.65,SSE and HSBC stock,14.4026,low
Customer A,2017-09-18,19010.63,Savings Account,5.6146,medium
Customer B,2017-09-18,28032.46,SSE and HSBC stock,14.4182,low
Customer A,2017-09-19,19011.68,Savings Account,5.6204,medium
Customer B,2017-09-19,28036.26,SSE and HSBC stock,14.4337,low
Customer A,2017-09-20,19012.72,Savings Account,5.6262,medium
Customer B,2017-09-20,28040.07,SSE and HSBC stock,14.4493,low
Customer A,2017-09-21,19013.77,Savings Account,5.6321,medium
Customer B,2017-09-21,28043.88,SSE and HSBC stock,14.4648,low
Customer A,2017-09-22,19014.82,Savings Account,5.6379,medium
Customer B,2017-09-22,28047.68,SSE and HSBC stock,14.4803,low
Customer A,2017-09-23,19015.86,Savings Account,5.6437,medium
Customer B,2017-09-23,28051.49,SSE and HSBC stock,14.4959,low
Customer A,2017-09-24,19016.91,Savings Account,5.6495,medium
Customer B,2017-09-24,28055.3,SSE and HSBC stock,14.5114,low
Customer A,2017-09-25,19017.96,Savings Account,5.6553,medium
Customer B,2017-09-25,28059.11,SSE and HSBC stock,14.527,low
Customer A,2017-09-26,19019.0,Savings Account,5.6611,medium
Customer B,2017-09-26,28062.92,SSE and HSBC stock,14.5425,low
Customer A,2017-09-27,19020.05,Savings Account,5.667,medium
Customer B,2017-09-27,28066.73,SSE and HSBC stock,14.5581,low
Customer A,2017-09-28,19021.1,Savings Account,5.6728,medium
Customer B,2017-09-28,28070.54,SSE and HSBC stock,14.5736,low
Customer A,2017-09-29,19022.15,Savings Account,5.6786,medium
Customer B,2017-09-29,28074.35,SSE and HSBC stock,14.5892,low
Customer A,2017-09-30,19023.19,Savings Account,5.6844,medium
Customer B,2017-09-30,28078.17,SSE and HSBC stock,14.6048,low
Customer A,2017-10-01,19024.24,Savings Account,5.6902,medium
Customer B,2017-10-01,28081.98,SSE and HSBC stock,14.6203,low
Customer A,2017-10-02,19025.29,Savings Account,5.6961,medium
Customer B,2017-10-02,28085.79,SSE and HSBC stock,14.6359,low
Customer A,2017-10-03,19026.34,Savings Account,5.7019,medium
Customer B,2017-10-03,28089.61,SSE and HSBC stock,14.6515,low
Customer A,2017-10-04,19027.39,Savings Account,5.7077,medium
Customer B,2017-10-04,28093.42,SSE and HSBC stock,14.667,low
Customer A,2017-10-05,19028.43,Savings Account,5.7135,medium
Customer B,2017-10-05,28097.23,SSE and HSBC stock,14.6826,low
Customer A,2017-10-06,19029.48,Savings Account,5.7193,medium
Customer B,2017-10-06,28101.05,SSE and HSBC stock,14.6982,low
Customer A,2017-10-07,19030.53,Savings Account,5.7252,medium
Customer B,2017-10-07,28104.87,SSE and HSBC stock,14.7137,low
Customer A,2017-10-08,19031.58,Savings Account,5.731,medium
Customer B,2017-10-08,28108.68,SSE and HSBC stock,14.7293,low
Customer A,2017-10-09,19032.62,Savings Account,5.7368,medium
Customer B,2017-10-09,28112.5,SSE and HSBC stock,14.7449,low
Customer A,2017-10-10,19033.67,Savings Account,5.7426,medium
Customer B,2017-10-10,28116.32,SSE and HSBC stock,14.7605,low
Customer A,2017-10-11,19034.72,Savings Account,5.7485,medium
Customer B,2017-10-11,28120.13,SSE and HSBC stock,14.7761,low
Customer A,2017-10-12,19035.77,Savings Account,5.7543,medium
Customer B,2017-10-12,28123.95,SSE and HSBC stock,14.7916,low
Customer A,2017-10-13,19036.82,Savings Account,5.7601,medium
Customer B,2017-10-13,28127.77,SSE and HSBC stock,14.8072,low
Customer A,2017-10-14,19037.87,Savings Account,5.7659,medium
Customer B,2017-10-14,28131.59,SSE and HSBC stock,14.8228,low
Customer A,2017-10-15,19038.91,Savings Account,5.7717,medium
Customer B,2017-10-15,28135.41,SSE and HSBC stock,14.8384,low
Customer A,2017-10-16,19039.96,Savings Account,5.7776,medium
Customer B,2017-10-16,28139.23,SSE and HSBC stock,14.854,low
Customer A,2017-10-17,19041.01,Savings Account,5.7834,medium
Customer B,2017-10-17,28143.05,SSE and HSBC stock,14.8696,low
Customer A,2017-10-18,19042.06,Savings Account,5.7892,medium
Customer B,2017-10-18,28146.87,SSE and HSBC stock,14.8852,low
Customer A,2017-10-19,19043.11,Savings Account,5.795,medium
Customer B,2017-10-19,28150.69,SSE and HSBC stock,14.9008,low
Customer A,2017-10-20,19044.16,Savings Account,5.8009,medium
Customer B,2017-10-20,28154.52,SSE and HSBC stock,14.9164,low
Customer A,2017-10-21,19045.21,Savings Account,5.8067,medium
Customer B,2017-10-21,28158.34,SSE and HSBC stock,14.932,low
Customer A,2017-10-22,19046.25,Savings Account,5.8125,medium
Customer B,2017-10-22,28162.16,SSE and HSBC stock,14.9476,low
Customer A,2017-10-23,19047.3,Savings Account,5.8184,medium
Customer B,2017-10-23,28165.99,SSE and HSBC stock,14.9632,low
Customer A,2017-10-24,19048.35,Savings Account,5.8242,medium
Customer B,2017-10-24,28169.81,SSE and HSBC stock,14.9788,low
Customer A,2017-10-25,19049.4,Savings Account,5.83,medium
Customer B,2017-10-25,28173.64,SSE and HSBC stock,14.9944,low
Customer A,2017-10-26,19050.45,Savings Account,5.8358,medium
Customer B,2017-10-26,28177.46,SSE and HSBC stock,15.01,low
Customer A,2017-10-27,19051.5,Savings Account,5.8417,medium
Customer B,2017-10-27,28181.29,SSE and HSBC stock,15.0257,low
Customer A,2017-10-28,19052.55,Savings Account,5.8475,medium
Customer B,2017-10-28,28185.11,SSE and HSBC stock,15.0413,low
Customer A,2017-10-29,19053.6,Savings Account,5.8533,medium
Customer B,2017-10-29,28188.94,SSE and HSBC stock,15.0569,low
Customer A,2017-10-30,19054.65,Savings Account,5.8592,medium
Customer B,2017-10-30,28192.77,SSE and HSBC stock,15.0725,low
Customer A,2017-10-31,19055.7,Savings Account,5.865,medium
Customer B,2017-10-31,28196.6,SSE and HSBC stock,15.0882,low
Customer A,2017-11-01,19056.75,Savings Account,5.8708,medium
Customer B,2017-11-01,28200.43,SSE and HSBC stock,15.1038,low
Customer A,2017-11-02,19057.8,Savings Account,5.8766,medium
Customer B,2017-11-02,28204.26,SSE and HSBC stock,15.1194,low
Customer A,2017-11-03,19058.84,Savings Account,5.8825,medium
Customer B,2017-11-03,28208.09,SSE and HSBC stock,15.135,low
Customer A,2017-11-04,19059.89,Savings Account,5.8883,medium
Customer B,2017-11-04,28211.92,SSE and HSBC stock,15.1507,low
Customer A,2017-11-05,19060.94,Savings Account,5.8941,medium
Customer B,2017-11-05,28215.75,SSE and HSBC stock,15.1663,low
Customer A,2017-11-06,19061.99,Savings Account,5.9,medium
Customer B,2017-11-06,28219.58,SSE and HSBC stock,15.1819,low
Customer A,2017-11-07,19063.04,Savings Account,5.9058,medium
Customer B,2017-11-07,28223.41,SSE and HSBC stock,15.1976,low
Customer A,2017-11-08,19064.09,Savings Account,5.9116,medium
Customer B,2017-11-08,28227.24,SSE and HSBC stock,15.2132,low
Customer A,2017-11-09,19065.14,Savings Account,5.9175,medium
Customer B,2017-11-09,28231.07,SSE and HSBC stock,15.2289,low
Customer A,2017-11-10,19066.19,Savings Account,5.9233,medium
Customer B,2017-11-10,28234.91,SSE and HSBC stock,15.2445,low
Customer A,2017-11-11,19067.24,Savings Account,5.9291,medium
Customer B,2017-11-11,28238.74,SSE and HSBC stock,15.2602,low
Customer A,2017-11-12,19068.29,Savings Account,5.935,medium
Customer B,2017-11-12,28242.58,SSE and HSBC stock,15.2758,low
Customer A,2017-11-13,19069.34,Savings Account,5.9408,medium
Customer B,2017-11-13,28246.41,SSE and HSBC stock,15.2915,low
Customer A,2017-11-14,19070.39,Savings Account,5.9466,medium
Customer B,2017-11-14,28250.25,SSE and HSBC stock,15.3071,low
Customer A,2017-11-15,19071.44,Savings Account,5.9525,medium
Customer B,2017-11-15,28254.08,SSE and HSBC stock,15.3228,low
Customer A,2017-11-16,19072.49,Savings Account,5.9583,medium
Customer B,2017-11-16,28257.92,SSE and HSBC stock,15.3384,low
Customer A,2017-11-17,19073.54,Savings Account,5.9641,medium
Customer B,2017-11-17,28261.76,SSE and HSBC stock,15.3541,low
Customer A,2017-11-18,19074.59,Savings Account,5.97,medium
Customer B,2017-11-18,28265.59,SSE and HSBC stock,15.3698,low
Customer A,2017-11-19,19075.64,Savings Account,5.9758,medium
Customer B,2017-11-19,28269.43,SSE and HSBC stock,15.3854,low
Customer A,2017-11-20,19076.69,Savings Account,5.9816,medium
Customer B,2017-11-20,28273.27,SSE and HSBC stock,15.4011,low
Customer A,2017-11-21,19077.75,Savings Account,5.9875,medium
Customer B,2017-11-21,28277.11,SSE and HSBC stock,15.4168,low
Customer A,2017-11-22,19078.8,Savings Account,5.9933,medium
Customer B,2017-11-22,28280.95,SSE and HSBC stock,15.4324,low
Customer A,2017-11-23,19079.85,Savings Account,5.9991,medium
Customer B,2017-11-23,28284.79,SSE and HSBC stock,15.4481,low
Customer A,2017-11-24,19080.9,Savings Account,6.005,medium
Customer B,2017-11-24,28288.63,SSE and HSBC stock,15.4638,low
Customer A,2017-11-25,19081.95,Savings Account,6.0108,medium
Customer B,2017-11-25,28292.47,SSE and HSBC stock,15.4795,low
Customer A,2017-11-26,19083.0,Savings Account,6.0167,medium
Customer B,2017-11-26,28296.31,SSE and HSBC stock,15.4952,low
Customer A,2017-11-27,19084.05,Savings Account,6.0225,medium
Customer B,2017-11-27,28300.15,SSE and HSBC stock,15.5108,low
Customer A,2017-11-28,19085.1,Savings Account,6.0283,medium
Customer B,2017-11-28,28304.0,SSE and HSBC stock,15.5265,low
Customer A,2017-11-29,19086.15,Savings Account,6.0342,medium
Customer B,2017-11-29,28307.84,SSE and HSBC stock,15.5422,low
Customer A,2017-11-30,19087.2,Savings Account,6.04,medium
Customer B,2017-11-30,28311.68,SSE and HSBC stock,15.5579,low
Customer A,2017-12-01,19088.25,Savings Account,6.0459,medium
Customer B,2017-12-01,28315.53,SSE and HSBC stock,15.5736,low
Customer A,2017-12-02,19089.3,Savings Account,6.0517,medium
Customer B,2017-12-02,28319.37,SSE and HSBC stock,15.5893,low
Customer A,2017-12-03,19090.36,Savings Account,6.0575,medium
Customer B,2017-12-03,28323.22,SSE and HSBC stock,15.605,low
Customer A,2017-12-04,19091.41,Savings Account,6.0634,medium
Customer B,2017-12-04,28327.06,SSE and HSBC stock,15.6207,low
Customer A,2017-12-05,19092.46,Savings Account,6.0692,medium
Customer B,2017-12-05,28330.91,SSE and HSBC stock,15.6364,low
Customer A,2017-12-06,19093.51,Savings Account,6.0751,medium
Customer B,2017-12-06,28334.76,SSE and HSBC stock,15.6521,low
Customer A,2017-12-07,19094.56,Savings Account,6.0809,medium
Customer B,2017-12-07,28338.61,SSE and HSBC stock,15.6678,low
Customer A,2017-12-08,19095.61,Savings Account,6.0867,medium
Customer B,2017-12-08,28342.45,SSE and HSBC stock,15.6835,low
Customer A,2017-12-09,19096.66,Savings Account,6.0926,medium
Customer B,2017-12-09,28346.3,SSE and HSBC stock,15.6992,low
Customer A,2017-12-10,19097.72,Savings Account,6.0984,medium
Customer B,2017-12-10,28350.15,SSE and HSBC stock,15.7149,low
Customer A,2017-12-11,19098.77,Savings Account,6.1043,medium
Customer B,2017-12-11,28354.0,SSE and HSBC stock,15.7306,low
Customer A,2017-12-12,19099.82,Savings Account,6.1101,medium
Customer B,2017-12-12,28357.85,SSE and HSBC stock,15.7463,low
Customer A,2017-12-13,19100.87,Savings Account,6.116,medium
Customer B,2017-12-13,28361.7,SSE and HSBC stock,15.762,low
Customer A,2017-12-14,19101.92,Savings Account,6.1218,medium
Customer B,2017-12-14,28365.55,SSE and HSBC stock,15.7778,low
Customer A,2017-12-15,19102.98,Savings Account,6.1276,medium
Customer B,2017-12-15,28369.4,SSE and HSBC stock,15.7935,low
Customer A,2017-12-16,19104.03,Savings Account,6.1335,medium
Customer B,2017-12-16,28373.26,SSE and HSBC stock,15.8092,low
Customer A,2017-12-17,19105.08,Savings Account,6.1393,medium
Customer B,2017-12-17,28377.11,SSE and HSBC stock,15.8249,low
Customer A,2017-12-18,19106.13,Savings Account,6.1452,medium
Customer B,2017-12-18,28380.96,SSE and HSBC stock,15.8407,low
Customer A,2017-12-19,19107.18,Savings Account,6.151,medium
Customer B,2017-12-19,28384.82,SSE and HSBC stock,15.8564,low
Customer A,2017-12-20,19108.24,Savings Account,6.1569,medium
Customer B,2017-12-20,28388.67,SSE and HSBC stock,15.8721,low
Customer A,2017-12-21,19109.29,Savings Account,6.1627,medium
Customer B,2017-12-21,28392.52,SSE and HSBC stock,15.8879,low
Customer A,2017-12-22,19110.34,Savings Account,6.1686,medium
Customer B,2017-12-22,28396.38,SSE and HSBC stock,15.9036,low
Customer A,2017-12-23,19111.39,Savings Account,6.1744,medium
Customer B,2017-12-23,28400.24,SSE and HSBC stock,15.9193,low
Customer A,2017-12-24,19112.45,Savings Account,6.1803,medium
Customer B,2017-12-24,28404.09,SSE and HSBC stock,15.9351,low
Customer A,2017-12-25,19113.5,Savings Account,6.1861,medium
Customer B,2017-12-25,28407.95,SSE and HSBC stock,15.9508,low
Customer A,2017-12-26,19114.55,Savings Account,6.1919,medium
Customer B,2017-12-26,28411.81,SSE and HSBC stock,15.9666,low
Customer A,2017-12-27,19115.6,Savings Account,6.1978,medium
Customer B,2017-12-27,28415.66,SSE and HSBC stock,15.9823,low
Customer A,2017-12-28,19116.66,Savings Account,6.2036,medium
Customer B,2017-12-28,28419.52,SSE and HSBC stock,15.9981,low
Customer A,2017-12-29,19117.71,Savings Account,6.2095,medium
Customer B,2017-12-29,28423.38,SSE and HSBC stock,16.0138,low
Customer A,2017-12-30,19118.76,Savings Account,6.2153,medium
Customer B,2017-12-30,28427.24,SSE and HSBC stock,16.0296,low
Customer A,2017-12-31,19119.81,Savings Account,6.2212,medium
Customer B,2017-12-31,28431.1,SSE and HSBC stock,16.0453,low
Customer A,2018-01-01,19120.87,Savings Account,6.227,medium
Customer B,2018-01-01,28434.96,SSE and HSBC stock,16.0611,low
Customer A,2018-01-02,19121.92,Savings Account,6.2329,medium
Customer B,2018-01-02,28438.82,SSE and HSBC stock,16.0768,low
Customer A,2018-01-03,19122.97,Savings Account,6.2387,medium
Customer B,2018-01-03,28442.68,SSE and HSBC stock,16.0926,low
Customer A,2018-01-04,19124.03,Savings Account,6.2446,medium
Customer B,2018-01-04,28446.55,SSE and HSBC stock,16.1084,low
Customer A,2018-01-05,19125.08,Savings Account,6.2504,medium
Customer B,2018-01-05,28450.41,SSE and HSBC stock,16.1241,low
Customer A,2018-01-06,19126.13,Savings Account,6.2563,medium
Customer B,2018-01-06,28454.27,SSE and HSBC stock,16.1399,low
Customer A,2018-01-07,19127.19,Savings Account,6.2621,medium
Customer B,2018-01-07,28458.14,SSE and HSBC stock,16.1557,low
Customer A,2018-01-08,19128.24,Savings Account,6.268,medium
Customer B,2018-01-08,28462.0,SSE and HSBC stock,16.1714,low
Customer A,2018-01-09,19129.29,Savings Account,6.2738,medium
Customer B,2018-01-09,28465.86,SSE and HSBC stock,16.1872,low
Customer A,2018-01-10,19130.35,Savings Account,6.2797,medium
Customer B,2018-01-10,28469.73,SSE and HSBC stock,16.203,low
Customer A,2018-01-11,19131.4,Savings Account,6.2855,medium
Customer B,2018-01-11,28473.6,SSE and HSBC stock,16.2188,low
Customer A,2018-01-12,19132.45,Savings Account,6.2914,medium
Customer B,2018-01-12,28477.46,SSE and HSBC stock,16.2345,low
Customer A,2018-01-13,19133.51,Savings Account,6.2973,medium
Customer B,2018-01-13,28481.33,SSE and HSBC stock,16.2503,low
Customer A,2018-01-14,19134.56,Savings Account,6.3031,medium
Customer B,2018-01-14,28485.2,SSE and HSBC stock,16.2661,low
Customer A,2018-01-15,19135.61,Savings Account,6.309,medium
Customer B,2018-01-15,28489.06,SSE and HSBC stock,16.2819,low
Customer A,2018-01-16,19136.67,Savings Account,6.3148,medium
Customer B,2018-01-16,28492.93,SSE and HSBC stock,16.2977,low
Customer A,2018-01-17,19137.72,Savings Account,6.3207,medium
Customer B,2018-01-17,28496.8,SSE and HSBC stock,16.3135,low
Customer A,2018-01-18,19138.77,Savings Account,6.3265,medium
Customer B,2018-01-18,28500.67,SSE and HSBC stock,16.3293,low
Customer A,2018-01-19,19139.83,Savings Account,6.3324,medium
Customer B,2018-01-19,28504.54,SSE and HSBC stock,16.3451,low
Customer A,2018-01-20,19140.88,Savings Account,6.3382,medium
Customer B,2018-01-20,28508.41,SSE and HSBC stock,16.3609,low
Customer A,2018-01-21,19141.94,Savings Account,6.3441,medium
Customer B,2018-01-21,28512.28,SSE and HSBC stock,16.3767,low
Customer A,2018-01-22,19142.99,Savings Account,6.3499,medium
Customer B,2018-01-22,28516.15,SSE and HSBC stock,16.3925,low
Customer A,2018-01-23,19144.05,Savings Account,6.3558,medium
Customer B,2018-01-23,28520.03,SSE and HSBC stock,16.4083,low
Customer A,2018-01-24,19145.1,Savings Account,6.3617,medium
Customer B,2018-01-24,28523.9,SSE and HSBC stock,16.4241,low
Customer A,2018-01-25,19146.15,Savings Account,6.3675,medium
Customer B,2018-01-25,28527.77,SSE and HSBC stock,16.4399,low
Customer A,2018-01-26,19147.21,Savings Account,6.3734,medium
Customer B,2018-01-26,28531.65,SSE and HSBC stock,16.4557,low
Customer A,2018-01-27,19148.26,Savings Account,6.3792,medium
Customer B,2018-01-27,28535.52,SSE and HSBC stock,16.4715,low
Customer A,2018-01-28,19149.32,Savings Account,6.3851,medium
Customer B,2018-01-28,28539.39,SSE and HSBC stock,16.4873,low
Customer A,2018-01-29,19150.37,Savings Account,6.391,medium
Customer B,2018-01-29,28543.27,SSE and HSBC stock,16.5031,low
Customer A,2018-01-30,19151.43,Savings Account,6.3968,medium
Customer B,2018-01-30,28547.15,SSE and HSBC stock,16.519,low
Customer A,2018-01-31,19152.48,Savings Account,6.4027,medium
Customer B,2018-01-31,28551.02,SSE and HSBC stock,16.5348,low
Customer A,2018-02-01,19153.54,Savings Account,6.4085,medium
Customer B,2018-02-01,28554.9,SSE and HSBC stock,16.5506,low
Customer A,2018-02-02,19154.59,Savings Account,6.4144,medium
Customer B,2018-02-02,28558.78,SSE and HSBC stock,16.5664,low
Customer A,2018-02-03,19155.64,Savings Account,6.4202,medium
Customer B,2018-02-03,28562.65,SSE and HSBC stock,16.5823,low
Customer A,2018-02-04,19156.7,Savings Account,6.4261,medium
Customer B,2018-02-04,28566.53,SSE and HSBC stock,16.5981,low
Customer A,2018-02-05,19157.75,Savings Account,6.432,medium
Customer B,2018-02-05,28570.41,SSE and HSBC stock,16.6139,low
Customer A,2018-02-06,19158.81,Savings Account,6.4378,medium
Customer B,2018-02-06,28574.29,SSE and HSBC stock,16.6298,low
Customer A,2018-02-07,19159.86,Savings Account,6.4437,medium
Customer B,2018-02-07,28578.17,SSE and HSBC stock,16.6456,low
Customer A,2018-02-08,19160.92,Savings Account,6.4496,medium
Customer B,2018-02-08,28582.05,SSE and HSBC stock,16.6614,low
Customer A,2018-02-09,19161.97,Savings Account,6.4554,medium
Customer B,2018-02-09,28585.93,SSE and HSBC stock,16.6773,low
Customer A,2018-02-10,19163.03,Savings Account,6.4613,medium
Customer B,2018-02-10,28589.81,SSE and HSBC stock,16.6931,low
Customer A,2018-02-11,19164.09,Savings Account,6.4671,medium
Customer B,2018-02-11,28593.7,SSE and HSBC stock,16.709,low
Customer A,2018-02-12,19165.14,Savings Account,6.473,medium
Customer B,2018-02-12,28597.58,SSE and HSBC stock,16.7248,low
Customer A,2018-02-13,19166.2,Savings Account,6.4789,medium
Customer B,2018-02-13,28601.46,SSE and HSBC stock,16.7407,low
Customer A,2018-02-14,19167.25,Savings Account,6.4847,medium
Customer B,2018-02-14,28605.34,SSE and HSBC stock,16.7565,low
Customer A,2018-02-15,19168.31,Savings Account,6.4906,medium
Customer B,2018-02-15,28609.23,SSE and HSBC stock,16.7724,low
Customer A,2018-02-16,19169.36,Savings Account,6.4965,medium
Customer B,2018-02-16,28613.11,SSE and HSBC stock,16.7882,low
Customer A,2018-02-17,19170.42,Savings Account,6.5023,medium
Customer B,2018-02-17,28617.0,SSE and HSBC stock,16.8041,low
Customer A,2018-02-18,19171.47,Savings Account,6.5082,medium
Customer B,2018-02-18,28620.88,SSE and HSBC stock,16.8199,low
Customer A,2018-02-19,19172.53,Savings Account,6.5141,medium
Customer B,2018-02-19,28624.77,SSE and HSBC stock,16.8358,low
Customer A,2018-02-20,19173.59,Savings Account,6.5199,medium
Customer B,2018-02-20,28628.66,SSE and HSBC stock,16.8517,low
Customer A,2018-02-21,19174.64,Savings Account,6.5258,medium
Customer B,2018-02-21,28632.55,SSE and HSBC stock,16.8675,low
Customer A,2018-02-22,19175.7,Savings Account,6.5317,medium
Customer B,2018-02-22,28636.43,SSE and HSBC stock,16.8834,low
Customer A,2018-02-23,19176.75,Savings Account,6.5375,medium
Customer B,2018-02-23,28640.32,SSE and HSBC stock,16.8993,low
Customer A,2018-02-24,19177.81,Savings Account,6.5434,medium
Customer B,2018-02-24,28644.21,SSE and HSBC stock,16.9151,low
Customer A,2018-02-25,19178.87,Savings Account,6.5493,medium
Customer B,2018-02-25,28648.1,SSE and HSBC stock,16.931,low
Customer A,2018-02-26,19179.92,Savings Account,6.5551,medium
Customer B,2018-02-26,28651.99,SSE and HSBC stock,16.9469,low
Customer A,2018-02-27,19180.98,Savings Account,6.561,medium
Customer B,2018-02-27,28655.88,SSE and HSBC stock,16.9628,low
Customer A,2018-02-28,19182.03,Savings Account,6.5669,medium
Customer B,2018-02-28,28659.77,SSE and HSBC stock,16.9787,low
Customer A,2018-03-01,19183.09,Savings Account,6.5727,medium
Customer B,2018-03-01,28663.66,SSE and HSBC stock,16.9945,low
Customer A,2018-03-02,19184.15,Savings Account,6.5786,medium
Customer B,2018-03-02,28667.55,SSE and HSBC stock,17.0104,low
Customer A,2018-03-03,19185.2,Savings Account,6.5845,medium
Customer B,2018-03-03,28671.45,SSE and HSBC stock,17.0263,low
Customer A,2018-03-04,19186.26,Savings Account,6.5903,medium
Customer B,2018-03-04,28675.34,SSE and HSBC stock,17.0422,low
Customer A,2018-03-05,19187.32,Savings Account,6.5962,medium
Customer B,2018-03-05,28679.23,SSE and HSBC stock,17.0581,low
Customer A,2018-03-06,19188.37,Savings Account,6.6021,medium
Customer B,2018-03-06,28683.13,SSE and HSBC stock,17.074,low
Customer A,2018-03-07,19189.43,Savings Account,6.6079,medium
Customer B,2018-03-07,28687.02,SSE and HSBC stock,17.0899,low
Customer A,2018-03-08,19190.49,Savings Account,6.6138,medium
Customer B,2018-03-08,28690.92,SSE and HSBC stock,17.1058,low
Customer A,2018-03-09,19191.54,Savings Account,6.6197,medium
Customer B,2018-03-09,28694.81,SSE and HSBC stock,17.1217,low
Customer A,2018-03-10,19192.6,Savings Account,6.6256,medium
Customer B,2018-03-10,28698.71,SSE and HSBC stock,17.1376,low
Customer A,2018-03-11,19193.66,Savings Account,6.6314,medium
Customer B,2018-03-11,28702.61,SSE and HSBC stock,17.1535,low
Customer A,2018-03-12,19194.71,Savings Account,6.6373,medium
Customer B,2018-03-12,28706.51,SSE and HSBC stock,17.1694,low
Customer A,2018-03-13,19195.77,Savings Account,6.6432,medium
Customer B,2018-03-13,28710.4,SSE and HSBC stock,17.1853,low
Customer A,2018-03-14,19196.83,Savings Account,6.649,medium
Customer B,2018-03-14,28714.3,SSE and HSBC stock,17.2012,low
Customer A,2018-03-15,19197.89,Savings Account,6.6549,medium
Customer B,2018-03-15,28718.2,SSE and HSBC stock,17.2171,low
Customer A,2018-03-16,19198.94,Savings Account,6.6608,medium
Customer B,2018-03-16,28722.1,SSE and HSBC stock,17.2331,low
Customer A,2018-03-17,19200.0,Savings Account,6.6667,medium
Customer B,2018-03-17,28726.0,SSE and HSBC stock,17.249,low
Customer A,2018-03-18,19201.06,Savings Account,6.6725,medium
Customer B,2018-03-18,28729.9,SSE and HSBC stock,17.2649,low
Customer A,2018-03-19,19202.11,Savings Account,6.6784,medium
Customer B,2018-03-19,28733.8,SSE and HSBC stock,17.2808,low
Customer A,2018-03-20,19203.17,Savings Account,6.6843,medium
Customer B,2018-03-20,28737.7,SSE and HSBC stock,17.2967,low
Customer A,2018-03-21,19204.23,Savings Account,6.6902,medium
Customer B,2018-03-21,28741.61,SSE and HSBC stock,17.3127,low
Customer A,2018-03-22,19205.29,Savings Account,6.696,medium
Customer B,2018-03-22,28745.51,SSE and HSBC stock,17.3286,low
Customer A,2018-03-23,19206.34,Savings Account,6.7019,medium
Customer B,2018-03-23,28749.41,SSE and HSBC stock,17.3445,low
Customer A,2018-03-24,19207.4,Savings Account,6.7078,medium
Customer B,2018-03-24,28753.32,SSE and HSBC stock,17.3605,low
Customer A,2018-03-25,19208.46,Savings Account,6.7137,medium
Customer B,2018-03-25,28757.22,SSE and HSBC stock,17.3764,low
Customer A,2018-03-26,19209.52,Savings Account,6.7195,medium
Customer B,2018-03-26,28761.12,SSE and HSBC stock,17.3923,low
Customer A,2018-03-27,19210.58,Savings Account,6.7254,medium
Customer B,2018-03-27,28765.03,SSE and HSBC stock,17.4083,low
Customer A,2018-03-28,19211.63,Savings Account,6.7313,medium
Customer B,2018-03-28,28768.94,SSE and HSBC stock,17.4242,low
Customer A,2018-03-29,19212.69,Savings Account,6.7372,medium
Customer B,2018-03-29,28772.84,SSE and HSBC stock,17.4402,low
Customer A,2018-03-30,19213.75,Savings Account,6.7431,medium
Customer B,2018-03-30,28776.75,SSE and HSBC stock,17.4561,low
Customer A,2018-03-31,19214.81,Savings Account,6.7489,medium
Customer B,2018-03-31,28780.66,SSE and HSBC stock,17.4721,low
Customer A,2018-04-01,19215.87,Savings Account,6.7548,medium
Customer B,2018-04-01,28784.56,SSE and HSBC stock,17.488,low
Customer A,2018-04-02,19216.92,Savings Account,6.7607,medium
Customer B,2018-04-02,28788.47,SSE and HSBC stock,17.504,low
Customer A,2018-04-03,19217.98,Savings Account,6.7666,medium
Customer B,2018-04-03,28792.38,SSE and HSBC stock,17.5199,low
Customer A,2018-04-04,19219.04,Savings Account,6.7724,medium
Customer B,2018-04-04,28796.29,SSE and HSBC stock,17.5359,low
Customer A,2018-04-05,19220.1,Savings Account,6.7783,medium
Customer B,2018-04-05,28800.2,SSE and HSBC stock,17.5518,low
Customer A,2018-04-06,19221.16,Savings Account,6.7842,medium
Customer B,2018-04-06,28804.11,SSE and HSBC stock,17.5678,low
Customer A,2018-04-07,19222.22,Savings Account,6.7901,medium
Customer B,2018-04-07,28808.02,SSE and HSBC stock,17.5838,low
Customer A,2018-04-08,19223.27,Savings Account,6.796,medium
Customer B,2018-04-08,28811.93,SSE and HSBC stock,17.5997,low
Customer A,2018-04-09,19224.33,Savings Account,6.8018,medium
Customer B,2018-04-09,28815.85,SSE and HSBC stock,17.6157,low
Customer A,2018-04-10,19225.39,Savings Account,6.8077,medium
Customer B,2018-04-10,28819.76,SSE and HSBC stock,17.6317,low
Customer A,2018-04-11,19226.45,Savings Account,6.8136,medium
Customer B,2018-04-11,28823.67,SSE and HSBC stock,17.6476,low
Customer A,2018-04-12,19227.51,Savings Account,6.8195,medium
Customer B,2018-04-12,28827.59,SSE and HSBC stock,17.6636,low
Customer A,2018-04-13,19228.57,Savings Account,6.8254,medium
Customer B,2018-04-13,28831.5,SSE and HSBC stock,17.6796,low
Customer A,2018-04-14,19229.63,Savings Account,6.8313,medium
Customer B,2018-04-14,28835.42,SSE and HSBC stock,17.6956,low
Customer A,2018-04-15,19230.69,Savings Account,6.8371,medium
Customer B,2018-04-15,28839.33,SSE and HSBC stock,17.7116,low
Customer A,2018-04-16,19231.74,Savings Account,6.843,medium
Customer B,2018-04-16,28843.25,SSE and HSBC stock,17.7275,low
Customer A,2018-04-17,19232.8,Savings Account,6.8489,medium
Customer B,2018-04-17,28847.16,SSE and HSBC stock,17.7435,low
Customer A,2018-04-18,19233.86,Savings Account,6.8548,medium
Customer B,2018-04-18,28851.08,SSE and HSBC stock,17.7595,low
Customer A,2018-04-19,19234.92,Savings Account,6.8607,medium
Customer B,2018-04-19,28855.0,SSE and HSBC stock,17.7755,low
Customer A,2018-04-20,19235.98,Savings Account,6.8666,medium
Customer B,2018-04-20,28858.92,SSE and HSBC stock,17.7915,low
Customer A,2018-04-21,19237.04,Savings Account,6.8724,medium
Customer B,2018-04-21,28862.84,SSE and HSBC stock,17.8075,low
Customer A,2018-04-22,19238.1,Savings Account,6.8783,medium
Customer B,2018-04-22,28866.75,SSE and HSBC stock,17.8235,low
Customer A,2018-04-23,19239.16,Savings Account,6.8842,medium
Customer B,2018-04-23,28870.67,SSE and HSBC stock,17.8395,low
Customer A,2018-04-24,19240.22,Savings Account,6.8901,medium
Customer B,2018-04-24,28874.59,SSE and HSBC stock,17.8555,low
Customer A,2018-04-25,19241.28,Savings Account,6.896,medium
Customer B,2018-04-25,28878.52,SSE and HSBC stock,17.8715,low
Customer A,2018-04-26,19242.34,Savings Account,6.9019,medium
Customer B,2018-04-26,28882.44,SSE and HSBC stock,17.8875,low
Customer A,2018-04-27,19243.4,Savings Account,6.9078,medium
Customer B,2018-04-27,28886.36,SSE and HSBC stock,17.9035,low
Customer A,2018-04-28,19244.46,Savings Account,6.9136,medium
Customer B,2018-04-28,28890.28,SSE and HSBC stock,17.9195,low
Customer A,2018-04-29,19245.52,Savings Account,6.9195,medium
Customer B,2018-04-29,28894.2,SSE and HSBC stock,17.9355,low
Customer A,2018-04-30,19246.58,Savings Account,6.9254,medium
Customer B,2018-04-30,28898.13,SSE and HSBC stock,17.9515,low
Customer A,2018-05-01,19247.64,Savings Account,6.9313,medium
Customer B,2018-05-01,28902.05,SSE and HSBC stock,17.9676,low
Customer A,2018-05-02,19248.7,Savings Account,6.9372,medium
Customer B,2018-05-02,28905.98,SSE and HSBC stock,17.9836,low
Customer A,2018-05-03,19249.76,Savings Account,6.9431,medium
Customer B,2018-05-03,28909.9,SSE and HSBC stock,17.9996,low
Customer A,2018-05-04,19250.82,Savings Account,6.949,medium
Customer B,2018-05-04,28913.83,SSE and HSBC stock,18.0156,low
Customer A,2018-05-05,19251.88,Savings Account,6.9549,medium
Customer B,2018-05-05,28917.75,SSE and HSBC stock,18.0316,low
Customer A,2018-05-06,19252.94,Savings Account,6.9608,medium
Customer B,2018-05-06,28921.68,SSE and HSBC stock,18.0477,low
Customer A,2018-05-07,19254.0,Savings Account,6.9666,medium
Customer B,2018-05-07,28925.61,SSE and HSBC stock,18.0637,low
Customer A,2018-05-08,19255.06,Savings Account,6.9725,medium
Customer B,2018-05-08,28929.53,SSE and HSBC stock,18.0797,low
Customer A,2018-05-09,19256.12,Savings Account,6.9784,medium
Customer B,2018-05-09,28933.46,SSE and HSBC stock,18.0958,low
Customer A,2018-05-10,19257.18,Savings Account,6.9843,medium
Customer B,2018-05-10,28937.39,SSE and HSBC stock,18.1118,low
Customer A,2018-05-11,19258.24,Savings Account,6.9902,medium
Customer B,2018-05-11,28941.32,SSE and HSBC stock,18.1278,low
Customer A,2018-05-12,19259.3,Savings Account,6.9961,medium
Customer B,2018-05-12,28945.25,SSE and HSBC stock,18.1439,low
Customer A,2018-05-13,19260.36,Savings Account,7.002,medium
Customer B,2018-05-13,28949.18,SSE and HSBC stock,18.1599,low
Customer A,2018-05-14,19261.42,Savings Account,7.0079,medium
Customer B,2018-05-14,28953.11,SSE and HSBC stock,18.176,low
Customer A,2018-05-15,19262.48,Savings Account,7.0138,medium
Customer B,2018-05-15,28957.04,SSE and HSBC stock,18.192,low
Customer A,2018-05-16,19263.54,Savings Account,7.0197,medium
Customer B,2018-05-16,28960.97,SSE and HSBC stock,18.2081,low
Customer A,2018-05-17,19264.6,Savings Account,7.0256,medium
Customer B,2018-05-17,28964.91,SSE and HSBC stock,18.2241,low
Customer A,2018-05-18,19265.66,Savings Account,7.0315,medium
Customer B,2018-05-18,28968.84,SSE and HSBC stock,18.2402,low
Customer A,2018-05-19,19266.72,Savings Account,7.0374,medium
Customer B,2018-05-19,28972.77,SSE and HSBC stock,18.2562,low
Customer A,2018-05-20,19267.79,Savings Account,7.0433,medium
Customer B,2018-05-20,28976.71,SSE and HSBC stock,18.2723,low
Customer A,2018-05-21,19268.85,Savings Account,7.0491,medium
Customer B,2018-05-21,28980.64,SSE and HSBC stock,18.2883,low
Customer A,2018-05-22,19269.91,Savings Account,7.055,medium
Customer B,2018-05-22,28984.58,SSE and HSBC stock,18.3044,low
Customer A,2018-05-23,19270.97,Savings Account,7.0609,medium
Customer B,2018-05-23,28988.51,SSE and HSBC stock,18.3205,low
Customer A,2018-05-24,19272.03,Savings Account,7.0668,medium
Customer B,2018-05-24,28992.45,SSE and HSBC stock,18.3365,low
Customer A,2018-05-25,19273.09,Savings Account,7.0727,medium
Customer B,2018-05-25,28996.39,SSE and HSBC stock,18.3526,low
Customer A,2018-05-26,19274.15,Savings Account,7.0786,medium
Customer B,2018-05-26,29000.32,SSE and HSBC stock,18.3687,low
Customer A,2018-05-27,19275.21,Savings Account,7.0845,medium
Customer B,2018-05-27,29004.26,SSE and HSBC stock,18.3847,low
Customer A,2018-05-28,19276.28,Savings Account,7.0904,medium
Customer B,2018-05-28,29008.2,SSE and HSBC stock,18.4008,low
Customer A,2018-05-29,19277.34,Savings Account,7.0963,medium
Customer B,2018-05-29,29012.14,SSE and HSBC stock,18.4169,low
Customer A,2018-05-30,19278.4,Savings Account,7.1022,medium
Customer B,2018-05-30,29016.08,SSE and HSBC stock,18.433,low
Customer A,2018-05-31,19279.46,Savings Account,7.1081,medium
Customer B,2018-05-31,29020.02,SSE and HSBC stock,18.449,low
Customer A,2018-06-01,19280.52,Savings Account,7.114,medium
Customer B,2018-06-01,29023.96,SSE and HSBC stock,18.4651,low
Customer A,2018-06-02,19281.58,Savings Account,7.1199,medium
Customer B,2018-06-02,29027.9,SSE and HSBC stock,18.4812,low
Customer A,2018-06-03,19282.65,Savings Account,7.1258,medium
Customer B,2018-06-03,29031.84,SSE and HSBC stock,18.4973,low
Customer A,2018-06-04,19283.71,Savings Account,7.1317,medium
Customer B,2018-06-04,29035.78,SSE and HSBC stock,18.5134,low
Customer A,2018-06-05,19284.77,Savings Account,7.1376,medium
Customer B,2018-06-05,29039.72,SSE and HSBC stock,18.5295,low
Customer A,2018-06-06,19285.83,Savings Account,7.1435,medium
Customer B,2018-06-06,29043.67,SSE and HSBC stock,18.5456,low
Customer A,2018-06-07,19286.89,Savings Account,7.1494,medium
Customer B,2018-06-07,29047.61,SSE and HSBC stock,18.5617,low
Customer A,2018-06-08,19287.96,Savings Account,7.1553,medium
Customer B,2018-06-08,29051.56,SSE and HSBC stock,18.5778,low
Customer A,2018-06-09,19289.02,Savings Account,7.1612,medium
Customer B,2018-06-09,29055.5,SSE and HSBC stock,18.5939,low
Customer A,2018-06-10,19290.08,Savings Account,7.1671,medium
Customer B,2018-06-10,29059.45,SSE and HSBC stock,18.61,low
Customer A,2018-06-11,19291.14,Savings Account,7.173,medium
Customer B,2018-06-11,29063.39,SSE and HSBC stock,18.6261,low
Customer A,2018-06-12,19292.2,Savings Account,7.1789,medium
Customer B,2018-06-12,29067.34,SSE and HSBC stock,18.6422,low
Customer A,2018-06-13,19293.27,Savings Account,7.1848,medium
Customer B,2018-06-13,29071.29,SSE and HSBC stock,18.6583,low
Customer A,2018-06-14,19294.33,Savings Account,7.1907,medium
Customer B,2018-06-14,29075.23,SSE and HSBC stock,18.6744,low
Customer A,2018-06-15,19295.39,Savings Account,7.1966,medium
Customer B,2018-06-15,29079.18,SSE and HSBC stock,18.6905,low
Customer A,2018-06-16,19296.45,Savings Account,7.2025,medium
Customer B,2018-06-16,29083.13,SSE and HSBC stock,18.7066,low
Customer A,2018-06-17,19297.52,Savings Account,7.2084,medium
Customer B,2018-06-17,29087.08,SSE and HSBC stock,18.7228,low
Customer A,2018-06-18,19298.58,Savings Account,7.2143,medium
Customer B,2018-06-18,29091.03,SSE and HSBC stock,18.7389,low
Customer A,2018-06-19,19299.64,Savings Account,7.2202,medium
Customer B,2018-06-19,29094.98,SSE and HSBC stock,18.755,low
Customer A,2018-06-20,19300.7,Savings Account,7.2261,medium
Customer B,2018-06-20,29098.93,SSE and HSBC stock,18.7711,low
Customer A,2018-06-21,19301.77,Savings Account,7.232,medium
Customer B,2018-06-21,29102.88,SSE and HSBC stock,18.7873,low
Customer A,2018-06-22,19302.83,Savings Account,7.2379,medium
Customer B,2018-06-22,29106.83,SSE and HSBC stock,18.8034,low
Customer A,2018-06-23,19303.89,Savings Account,7.2439,medium
Customer B,2018-06-23,29110.78,SSE and HSBC stock,18.8195,low
Customer A,2018-06-24,19304.96,Savings Account,7.2498,medium
Customer B,2018-06-24,29114.74,SSE and HSBC stock,18.8357,low
Customer A,2018-06-25,19306.02,Savings Account,7.2557,medium
Customer B,2018-06-25,29118.69,SSE and HSBC stock,18.8518,low
Customer A,2018-06-26,19307.08,Savings Account,7.2616,medium
Customer B,2018-06-26,29122.64,SSE and HSBC stock,18.8679,low
Customer A,2018-06-27,19308.15,Savings Account,7.2675,medium
Customer B,2018-06-27,29126.6,SSE and HSBC stock,18.8841,low
Customer A,2018-06-28,19309.21,Savings Account,7.2734,medium
Customer B,2018-06-28,29130.55,SSE and HSBC stock,18.9002,low
Customer A,2018-06-29,19310.27,Savings Account,7.2793,medium
Customer B,2018-06-29,29134.51,SSE and HSBC stock,18.9164,low
Customer A,2018-06-30,19311.34,Savings Account,7.2852,medium
Customer B,2018-06-30,29138.46,SSE and HSBC stock,18.9325,low
Customer A,2018-07-01,19312.4,Savings Account,7.2911,medium
Customer B,2018-07-01,29142.42,SSE and HSBC stock,18.9487,low
Customer A,2018-07-02,19313.46,Savings Account,7.297,medium
Customer B,2018-07-02,29146.38,SSE and HSBC stock,18.9648,low
Customer A,2018-07-03,19314.53,Savings Account,7.3029,medium
Customer B,2018-07-03,29150.34,SSE and HSBC stock,18.981,low
Customer A,2018-07-04,19315.59,Savings Account,7.3088,medium
Customer B,2018-07-04,29154.29,SSE and HSBC stock,18.9971,low
Customer A,2018-07-05,19316.65,Savings Account,7.3147,medium
Customer B,2018-07-05,29158.25,SSE and HSBC stock,19.0133,low
Customer A,2018-07-06,19317.72,Savings Account,7.3207,medium
Customer B,2018-07-06,29162.21,SSE and HSBC stock,19.0294,low
Customer A,2018-07-07,19318.78,Savings Account,7.3266,medium
Customer B,2018-07-07,29166.17,SSE and HSBC stock,19.0456,low
Customer A,2018-07-08,19319.85,Savings Account,7.3325,medium
Customer B,2018-07-08,29170.13,SSE and HSBC stock,19.0618,low
Customer A,2018-07-09,19320.91,Savings Account,7.3384,medium
Customer B,2018-07-09,29174.09,SSE and HSBC stock,19.0779,low
Customer A,2018-07-10,19321.97,Savings Account,7.3443,medium
Customer B,2018-07-10,29178.05,SSE and HSBC stock,19.0941,low
Customer A,2018-07-11,19323.04,Savings Account,7.3502,medium
Customer B,2018-07-11,29182.02,SSE and HSBC stock,19.1103,low
Customer A,2018-07-12,19324.1,Savings Account,7.3561,medium
Customer B,2018-07-12,29185.98,SSE and HSBC stock,19.1264,low
Customer A,2018-07-13,19325.17,Savings Account,7.362,medium
Customer B,2018-07-13,29189.94,SSE and HSBC stock,19.1426,low
Customer A,2018-07-14,19326.23,Savings Account,7.3679,medium
Customer B,2018-07-14,29193.91,SSE and HSBC stock,19.1588,low
Customer A,2018-07-15,19327.29,Savings Account,7.3739,medium
Customer B,2018-07-15,29197.87,SSE and HSBC stock,19.175,low
Customer A,2018-07-16,19328.36,Savings Account,7.3798,medium
Customer B,2018-07-16,29201.83,SSE and HSBC stock,19.1912,low
Customer A,2018-07-17,19329.42,Savings Account,7.3857,medium
Customer B,2018-07-17,29205.8,SSE and HSBC stock,19.2073,low
Customer A,2018-07-18,19330.49,Savings Account,7.3916,medium
Customer B,2018-07-18,29209.77,SSE and HSBC stock,19.2235,low
Customer A,2018-07-19,19331.55,Savings Account,7.3975,medium
Customer B,2018-07-19,29213.73,SSE and HSBC stock,19.2397,low
Customer A,2018-07-20,19332.62,Savings Account,7.4034,medium
Customer B,2018-07-20,29217.7,SSE and HSBC stock,19.2559,low
Customer A,2018-07-21,19333.68,Savings Account,7.4093,medium
Customer B,2018-07-21,29221.67,SSE and HSBC stock,19.2721,low
Customer A,2018-07-22,19334.75,Savings Account,7.4153,medium
Customer B,2018-07-22,29225.63,SSE and HSBC stock,19.2883,low
Customer A,2018-07-23,19335.81,Savings Account,7.4212,medium
Customer B,2018-07-23,29229.6,SSE and HSBC stock,19.3045,low
Customer A,2018-07-24,19336.88,Savings Account,7.4271,medium
Customer B,2018-07-24,29233.57,SSE and HSBC stock,19.3207,low
Customer A,2018-07-25,19337.94,Savings Account,7.433,medium
Customer B,2018-07-25,29237.54,SSE and HSBC stock,19.3369,low
Customer A,2018-07-26,19339.0,Savings Account,7.4389,medium
Customer B,2018-07-26,29241.51,SSE and HSBC stock,19.3531,low
Customer A,2018-07-27,19340.07,Savings Account,7.4448,medium
Customer B,2018-07-27,29245.48,SSE and HSBC stock,19.3693,low
Customer A,2018-07-28,19341.13,Savings Account,7.4507,medium
Customer B,2018-07-28,29249.45,SSE and HSBC stock,19.3855,low
Customer A,2018-07-29,19342.2,Savings Account,7.4567,medium
Customer B,2018-07-29,29253.42,SSE and HSBC stock,19.4017,low
Customer A,2018-07-30,19343.27,Savings Account,7.4626,medium
Customer B,2018-07-30,29257.4,SSE and HSBC stock,19.4179,low
Customer A,2018-07-31,19344.33,Savings Account,7.4685,medium
Customer B,2018-07-31,29261.37,SSE and HSBC stock,19.4342,low
Customer A,2018-08-01,19345.4,Savings Account,7.4744,medium
Customer B,2018-08-01,29265.34,SSE and HSBC stock,19.4504,low
Customer A,2018-08-02,19346.46,Savings Account,7.4803,medium
Customer B,2018-08-02,29269.32,SSE and HSBC stock,19.4666,low
Customer A,2018-08-03,19347.53,Savings Account,7.4863,medium
Customer B,2018-08-03,29273.29,SSE and HSBC stock,19.4828,low
Customer A,2018-08-04,19348.59,Savings Account,7.4922,medium
Customer B,2018-08-04,29277.27,SSE and HSBC stock,19.499,low
Customer A,2018-08-05,19349.66,Savings Account,7.4981,medium
Customer B,2018-08-05,29281.24,SSE and HSBC stock,19.5153,low
Customer A,2018-08-06,19350.72,Savings Account,7.504,medium
Customer B,2018-08-06,29285.22,SSE and HSBC stock,19.5315,low
Customer A,2018-08-07,19351.79,Savings Account,7.5099,medium
Customer B,2018-08-07,29289.19,SSE and HSBC stock,19.5477,low
Customer A,2018-08-08,19352.85,Savings Account,7.5159,medium
Customer B,2018-08-08,29293.17,SSE and HSBC stock,19.564,low
Customer A,2018-08-09,19353.92,Savings Account,7.5218,medium
Customer B,2018-08-09,29297.15,SSE and HSBC stock,19.5802,low
Customer A,2018-08-10,19354.99,Savings Account,7.5277,medium
Customer B,2018-08-10,29301.13,SSE and HSBC stock,19.5964,low
Customer A,2018-08-11,19356.05,Savings Account,7.5336,medium
Customer B,2018-08-11,29305.1,SSE and HSBC stock,19.6127,low
Customer A,2018-08-12,19357.12,Savings Account,7.5395,medium
Customer B,2018-08-12,29309.08,SSE and HSBC stock,19.6289,low
Customer A,2018-08-13,19358.18,Savings Account,7.5455,medium
Customer B,2018-08-13,29313.06,SSE and HSBC stock,19.6452,low
Customer A,2018-08-14,19359.25,Savings Account,7.5514,medium
Customer B,2018-08-14,29317.04,SSE and HSBC stock,19.6614,low
Customer A,2018-08-15,19360.32,Savings Account,7.5573,medium
Customer B,2018-08-15,29321.02,SSE and HSBC stock,19.6777,low
Customer A,2018-08-16,19361.38,Savings Account,7.5632,medium
Customer B,2018-08-16,29325.01,SSE and HSBC stock,19.6939,low
Customer A,2018-08-17,19362.45,Savings Account,7.5692,medium
Customer B,2018-08-17,29328.99,SSE and HSBC stock,19.7102,low
Customer A,2018-08-18,19363.51,Savings Account,7.5751,medium
Customer B,2018-08-18,29332.97,SSE and HSBC stock,19.7264,low
Customer A,2018-08-19,19364.58,Savings Account,7.581,medium
Customer B,2018-08-19,29336.95,SSE and HSBC stock,19.7427,low
Customer A,2018-08-20,19365.65,Savings Account,7.5869,medium
Customer B,2018-08-20,29340.94,SSE and HSBC stock,19.7589,low
Customer A,2018-08-21,19366.71,Savings Account,7.5929,medium
Customer B,2018-08-21,29344.92,SSE and HSBC stock,19.7752,low
Customer A,2018-08-22,19367.78,Savings Account,7.5988,medium
Customer B,2018-08-22,29348.91,SSE and HSBC stock,19.7915,low
Customer A,2018-08-23,19368.85,Savings Account,7.6047,medium
Customer B,2018-08-23,29352.89,SSE and HSBC stock,19.8077,low
Customer A,2018-08-24,19369.91,Savings Account,7.6106,medium
Customer B,2018-08-24,29356.88,SSE and HSBC stock,19.824,low
Customer A,2018-08-25,19370.98,Savings Account,7.6166,medium
Customer B,2018-08-25,29360.86,SSE and HSBC stock,19.8403,low
Customer A,2018-08-26,19372.05,Savings Account,7.6225,medium
Customer B,2018-08-26,29364.85,SSE and HSBC stock,19.8565,low
Customer A,2018-08-27,19373.11,Savings Account,7.6284,medium
Customer B,2018-08-27,29368.84,SSE and HSBC stock,19.8728,low
Customer A,2018-08-28,19374.18,Savings Account,7.6343,medium
Customer B,2018-08-28,29372.82,SSE and HSBC stock,19.8891,low
Customer A,2018-08-29,19375.25,Savings Account,7.6403,medium
Customer B,2018-08-29,29376.81,SSE and HSBC stock,19.9054,low
Customer A,2018-08-30,19376.31,Savings Account,7.6462,medium
Customer B,2018-08-30,29380.8,SSE and HSBC stock,19.9216,low
Customer A,2018-08-31,19377.38,Savings Account,7.6521,medium
Customer B,2018-08-31,29384.79,SSE and HSBC stock,19.9379,low
Customer A,2018-09-01,19378.45,Savings Account,7.658,medium
Customer B,2018-09-01,29388.78,SSE and HSBC stock,19.9542,low
Customer A,2018-09-02,19379.51,Savings Account,7.664,medium
Customer B,2018-09-02,29392.77,SSE and HSBC stock,19.9705,low
Customer A,2018-09-03,19380.58,Savings Account,7.6699,medium
Customer B,2018-09-03,29396.76,SSE and HSBC stock,19.9868,low
Customer A,2018-09-04,19381.65,Savings Account,7.6758,medium
Customer B,2018-09-04,29400.75,SSE and HSBC stock,20.0031,low
Customer A,2018-09-05,19382.72,Savings Account,7.6818,medium
Customer B,2018-09-05,29404.75,SSE and HSBC stock,20.0194,low
Customer A,2018-09-06,19383.78,Savings Account,7.6877,medium
Customer B,2018-09-06,29408.74,SSE and HSBC stock,20.0357,low
Customer A,2018-09-07,19384.85,Savings Account,7.6936,medium
Customer B,2018-09-07,29412.73,SSE and HSBC stock,20.052,low
Customer A,2018-09-08,19385.92,Savings Account,7.6995,medium
Customer B,2018-09-08,29416.73,SSE and HSBC stock,20.0683,low
Customer A,2018-09-09,19386.99,Savings Account,7.7055,medium
Customer B,2018-09-09,29420.72,SSE and HSBC stock,20.0846,low
Customer A,2018-09-10,19388.05,Savings Account,7.7114,medium
Customer B,2018-09-10,29424.72,SSE and HSBC stock,20.1009,low
Customer A,2018-09-11,19389.12,Savings Account,7.7173,medium
Customer B,2018-09-11,29428.71,SSE and HSBC stock,20.1172,low
Customer A,2018-09-12,19390.19,Savings Account,7.7233,medium
Customer B,2018-09-12,29432.71,SSE and HSBC stock,20.1335,low
Customer A,2018-09-13,19391.26,Savings Account,7.7292,medium
Customer B,2018-09-13,29436.7,SSE and HSBC stock,20.1498,low
Customer A,2018-09-14,19392.33,Savings Account,7.7351,medium
Customer B,2018-09-14,29440.7,SSE and HSBC stock,20.1661,low
Customer A,2018-09-15,19393.39,Savings Account,7.7411,medium
Customer B,2018-09-15,29444.7,SSE and HSBC stock,20.1824,low
Customer A,2018-09-16,19394.46,Savings Account,7.747,medium
Customer B,2018-09-16,29448.7,SSE and HSBC stock,20.1988,low
Customer A,2018-09-17,19395.53,Savings Account,7.7529,medium
Customer B,2018-09-17,29452.7,SSE and HSBC stock,20.2151,low
Customer A,2018-09-18,19396.6,Savings Account,7.7589,medium
Customer B,2018-09-18,29456.69,SSE and HSBC stock,20.2314,low
Customer A,2018-09-19,19397.67,Savings Account,7.7648,medium
Customer B,2018-09-19,29460.69,SSE and HSBC stock,20.2477,low
Customer A,2018-09-20,19398.73,Savings Account,7.7707,medium
Customer B,2018-09-20,29464.69,SSE and HSBC stock,20.2641,low
Customer A,2018-09-21,19399.8,Savings Account,7.7767,medium
Customer B,2018-09-21,29468.7,SSE and HSBC stock,20.2804,low
Customer A,2018-09-22,19400.87,Savings Account,7.7826,medium
Customer B,2018-09-22,29472.7,SSE and HSBC stock,20.2967,low
Customer A,2018-09-23,19401.94,Savings Account,7.7885,medium
Customer B,2018-09-23,29476.7,SSE and HSBC stock,20.3131,low
Customer A,2018-09-24,19403.01,Savings Account,7.7945,medium
Customer B,2018-09-24,29480.7,SSE and HSBC stock,20.3294,low
Customer A,2018-09-25,19404.08,Savings Account,7.8004,medium
Customer B,2018-09-25,29484.7,SSE and HSBC stock,20.3457,low
Customer A,2018-09-26,19405.14,Savings Account,7.8064,medium
Customer B,2018-09-26,29488.71,SSE and HSBC stock,20.3621,low
Customer A,2018-09-27,19406.21,Savings Account,7.8123,medium
Customer B,2018-09-27,29492.71,SSE and HSBC stock,20.3784,low
Customer A,2018-09-28,19407.28,Savings Account,7.8182,medium
Customer B,2018-09-28,29496.72,SSE and HSBC stock,20.3948,low
Customer A,2018-09-29,19408.35,Savings Account,7.8242,medium
Customer B,2018-09-29,29500.72,SSE and HSBC stock,20.4111,low
Customer A,2018-09-30,19409.42,Savings Account,7.8301,medium
Customer B,2018-09-30,29504.73,SSE and HSBC stock,20.4275,low
Customer A,2018-10-01,19410.49,Savings Account,7.836,medium
Customer B,2018-10-01,29508.73,SSE and HSBC stock,20.4438,low
Customer A,2018-10-02,19411.56,Savings Account,7.842,medium
Customer B,2018-10-02,29512.74,SSE and HSBC stock,20.4602,low
Customer A,2018-10-03,19412.63,Savings Account,7.8479,medium
Customer B,2018-10-03,29516.75,SSE and HSBC stock,20.4765,low
Customer A,2018-10-04,19413.69,Savings Account,7.8539,medium
Customer B,2018-10-04,29520.76,SSE and HSBC stock,20.4929,low
Customer A,2018-10-05,19414.76,Savings Account,7.8598,medium
Customer B,2018-10-05,29524.76,SSE and HSBC stock,20.5092,low
Customer A,2018-10-06,19415.83,Savings Account,7.8657,medium
Customer B,2018-10-06,29528.77,SSE and HSBC stock,20.5256,low
Customer A,2018-10-07,19416.9,Savings Account,7.8717,medium
Customer B,2018-10-07,29532.78,SSE and HSBC stock,20.542,low
Customer A,2018-10-08,19417.97,Savings Account,7.8776,medium
Customer B,2018-10-08,29536.79,SSE and HSBC stock,20.5583,low
Customer A,2018-10-09,19419.04,Savings Account,7.8836,medium
Customer B,2018-10-09,29540.8,SSE and HSBC stock,20.5747,low
Customer A,2018-10-10,19420.11,Savings Account,7.8895,medium
Customer B,2018-10-10,29544.82,SSE and HSBC stock,20.5911,low
Customer A,2018-10-11,19421.18,Savings Account,7.8954,medium
Customer B,2018-10-11,29548.83,SSE and HSBC stock,20.6075,low
Customer A,2018-10-12,19422.25,Savings Account,7.9014,medium
Customer B,2018-10-12,29552.84,SSE and HSBC stock,20.6238,low
Customer A,2018-10-13,19423.32,Savings Account,7.9073,medium
Customer B,2018-10-13,29556.85,SSE and HSBC stock,20.6402,low
Customer A,2018-10-14,19424.39,Savings Account,7.9133,medium
Customer B,2018-10-14,29560.87,SSE and HSBC stock,20.6566,low
Customer A,2018-10-15,19425.46,Savings Account,7.9192,medium
Customer B,2018-10-15,29564.88,SSE and HSBC stock,20.673,low
Customer A,2018-10-16,19426.53,Savings Account,7.9252,medium
Customer B,2018-10-16,29568.89,SSE and HSBC stock,20.6894,low
Customer A,2018-10-17,19427.6,Savings Account,7.9311,medium
Customer B,2018-10-17,29572.91,SSE and HSBC stock,20.7058,low
Customer A,2018-10-18,19428.67,Savings Account,7.937,medium
Customer B,2018-10-18,29576.92,SSE and HSBC stock,20.7221,low
Customer A,2018-10-19,19429.74,Savings Account,7.943,medium
Customer B,2018-10-19,29580.94,SSE and HSBC stock,20.7385,low
Customer A,2018-10-20,19430.81,Savings Account,7.9489,medium
Customer B,2018-10-20,29584.96,SSE and HSBC stock,20.7549,low
Customer A,2018-10-21,19431.88,Savings Account,7.9549,medium
Customer B,2018-10-21,29588.97,SSE and HSBC stock,20.7713,low
Customer A,2018-10-22,19432.95,Savings Account,7.9608,medium
Customer B,2018-10-22,29592.99,SSE and HSBC stock,20.7877,low
Customer A,2018-10-23,19434.02,Savings Account,7.9668,medium
Customer B,2018-10-23,29597.01,SSE and HSBC stock,20.8041,low
Customer A,2018-10-24,19435.09,Savings Account,7.9727,medium
Customer B,2018-10-24,29601.03,SSE and HSBC stock,20.8205,low
Customer A,2018-10-25,19436.16,Savings Account,7.9787,medium
Customer B,2018-10-25,29605.05,SSE and HSBC stock,20.8369,low
Customer A,2018-10-26,19437.23,Savings Account,7.9846,medium
Customer B,2018-10-26,29609.07,SSE and HSBC stock,20.8533,low
Customer A,2018-10-27,19438.3,Savings Account,7.9905,medium
Customer B,2018-10-27,29613.09,SSE and HSBC stock,20.8698,low
Customer A,2018-10-28,19439.37,Savings Account,7.9965,medium
Customer B,2018-10-28,29617.11,SSE and HSBC stock,20.8862,low
Customer A,2018-10-29,19440.44,Savings Account,8.0024,medium
Customer B,2018-10-29,29621.13,SSE and HSBC stock,20.9026,low
Customer A,2018-10-30,19441.51,Savings Account,8.0084,medium
Customer B,2018-10-30,29625.15,SSE and HSBC stock,20.919,low
Customer A,2018-10-31,19442.58,Savings Account,8.0143,medium
Customer B,2018-10-31,29629.18,SSE and HSBC stock,20.9354,low
Customer A,2018-11-01,19443.65,Savings Account,8.0203,medium
Customer B,2018-11-01,29633.2,SSE and HSBC stock,20.9518,low
Customer A,2018-11-02,19444.72,Savings Account,8.0262,medium
Customer B,2018-11-02,29637.22,SSE and HSBC stock,20.9683,low
Customer A,2018-11-03,19445.79,Savings Account,8.0322,medium
Customer B,2018-11-03,29641.25,SSE and HSBC stock,20.9847,low
Customer A,2018-11-04,19446.86,Savings Account,8.0381,medium
Customer B,2018-11-04,29645.27,SSE and HSBC stock,21.0011,low
Customer A,2018-11-05,19447.93,Savings Account,8.0441,medium
Customer B,2018-11-05,29649.3,SSE and HSBC stock,21.0175,low
Customer A,2018-11-06,19449.01,Savings Account,8.05,medium
Customer B,2018-11-06,29653.32,SSE and HSBC stock,21.034,low
Customer A,2018-11-07,19450.08,Savings Account,8.056,medium
Customer B,2018-11-07,29657.35,SSE and HSBC stock,21.0504,low
Customer A,2018-11-08,19451.15,Savings Account,8.0619,medium
Customer B,2018-11-08,29661.38,SSE and HSBC stock,21.0668,low
Customer A,2018-11-09,19452.22,Savings Account,8.0679,medium
Customer B,2018-11-09,29665.41,SSE and HSBC stock,21.0833,low
Customer A,2018-11-10,19453.29,Savings Account,8.0738,medium
Customer B,2018-11-10,29669.43,SSE and HSBC stock,21.0997,low
Customer A,2018-11-11,19454.36,Savings Account,8.0798,medium
Customer B,2018-11-11,29673.46,SSE and HSBC stock,21.1162,low
Customer A,2018-11-12,19455.43,Savings Account,8.0857,medium
Customer B,2018-11-12,29677.49,SSE and HSBC stock,21.1326,low
Customer A,2018-11-13,19456.5,Savings Account,8.0917,medium
Customer B,2018-11-13,29681.52,SSE and HSBC stock,21.1491,low
Customer A,2018-11-14,19457.58,Savings Account,8.0976,medium
Customer B,2018-11-14,29685.55,SSE and HSBC stock,21.1655,low
Customer A,2018-11-15,19458.65,Savings Account,8.1036,medium
Customer B,2018-11-15,29689.58,SSE and HSBC stock,21.182,low
Customer A,2018-11-16,19459.72,Savings Account,8.1095,medium
Customer B,2018-11-16,29693.61,SSE and HSBC stock,21.1984,low
Customer A,2018-11-17,19460.79,Savings Account,8.1155,medium
Customer B,2018-11-17,29697.65,SSE and HSBC stock,21.2149,low
Customer A,2018-11-18,19461.86,Savings Account,8.1215,medium
Customer B,2018-11-18,29701.68,SSE and HSBC stock,21.2313,low
Customer A,2018-11-19,19462.93,Savings Account,8.1274,medium
Customer B,2018-11-19,29705.71,SSE and HSBC stock,21.2478,low
Customer A,2018-11-20,19464.01,Savings Account,8.1334,medium
Customer B,2018-11-20,29709.74,SSE and HSBC stock,21.2643,low
Customer A,2018-11-21,19465.08,Savings Account,8.1393,medium
Customer B,2018-11-21,29713.78,SSE and HSBC stock,21.2807,low
Customer A,2018-11-22,19466.15,Savings Account,8.1453,medium
Customer B,2018-11-22,29717.81,SSE and HSBC stock,21.2972,low
Customer A,2018-11-23,19467.22,Savings Account,8.1512,medium
Customer B,2018-11-23,29721.85,SSE and HSBC stock,21.3137,low
Customer A,2018-11-24,19468.29,Savings Account,8.1572,medium
Customer B,2018-11-24,29725.88,SSE and HSBC stock,21.3301,low
Customer A,2018-11-25,19469.36,Savings Account,8.1631,medium
Customer B,2018-11-25,29729.92,SSE and HSBC stock,21.3466,low
Customer A,2018-11-26,19470.44,Savings Account,8.1691,medium
Customer B,2018-11-26,29733.96,SSE and HSBC stock,21.3631,low
Customer A,2018-11-27,19471.51,Savings Account,8.1751,medium
Customer B,2018-11-27,29738.0,SSE and HSBC stock,21.3796,low
Customer A,2018-11-28,19472.58,Savings Account,8.181,medium
Customer B,2018-11-28,29742.03,SSE and HSBC stock,21.3961,low
Customer A,2018-11-29,19473.65,Savings Account,8.187,medium
Customer B,2018-11-29,29746.07,SSE and HSBC stock,21.4125,low
Customer A,2018-11-30,19474.73,Savings Account,8.1929,medium
Customer B,2018-11-30,29750.11,SSE and HSBC stock,21.429,low
Customer A,2018-12-01,19475.8,Savings Account,8.1989,medium
Customer B,2018-12-01,29754.15,SSE and HSBC stock,21.4455,low
Customer A,2018-12-02,19476.87,Savings Account,8.2048,medium
Customer B,2018-12-02,29758.19,SSE and HSBC stock,21.462,low
Customer A,2018-12-03,19477.94,Savings Account,8.2108,medium
Customer B,2018-12-03,29762.23,SSE and HSBC stock,21.4785,low
Customer A,2018-12-04,19479.02,Savings Account,8.2168,medium
Customer B,2018-12-04,29766.27,SSE and HSBC stock,21.495,low
Customer A,2018-12-05,19480.09,Savings Account,8.2227,medium
Customer B,2018-12-05,29770.31,SSE and HSBC stock,21.5115,low
Customer A,2018-12-06,19481.16,Savings Account,8.2287,medium
Customer B,2018-12-06,29774.36,SSE and HSBC stock,21.528,low
Customer A,2018-12-07,19482.23,Savings Account,8.2346,medium
Customer B,2018-12-07,29778.4,SSE and HSBC stock,21.5445,low
Customer A,2018-12-08,19483.31,Savings Account,8.2406,medium
Customer B,2018-12-08,29782.44,SSE and HSBC stock,21.561,low
Customer A,2018-12-09,19484.38,Savings Account,8.2466,medium
Customer B,2018-12-09,29786.49,SSE and HSBC stock,21.5775,low
Customer A,2018-12-10,19485.45,Savings Account,8.2525,medium
Customer B,2018-12-10,29790.53,SSE and HSBC stock,21.594,low
Customer A,2018-12-11,19486.53,Savings Account,8.2585,medium
Customer B,2018-12-11,29794.58,SSE and HSBC stock,21.6105,low
Customer A,2018-12-12,19487.6,Savings Account,8.2644,medium
Customer B,2018-12-12,29798.62,SSE and HSBC stock,21.627,low
Customer A,2018-12-13,19488.67,Savings Account,8.2704,medium
Customer B,2018-12-13,29802.67,SSE and HSBC stock,21.6435,low
Customer A,2018-12-14,19489.75,Savings Account,8.2764,medium
Customer B,2018-12-14,29806.72,SSE and HSBC stock,21.6601,low
Customer A,2018-12-15,19490.82,Savings Account,8.2823,medium
Customer B,2018-12-15,29810.76,SSE and HSBC stock,21.6766,low
Customer A,2018-12-16,19491.89,Savings Account,8.2883,medium
Customer B,2018-12-16,29814.81,SSE and HSBC stock,21.6931,low
Customer A,2018-12-17,19492.97,Savings Account,8.2943,medium
Customer B,2018-12-17,29818.86,SSE and HSBC stock,21.7096,low
Customer A,2018-12-18,19494.04,Savings Account,8.3002,medium
Customer B,2018-12-18,29822.91,SSE and HSBC stock,21.7262,low
Customer A,2018-12-19,19495.11,Savings Account,8.3062,medium
Customer B,2018-12-19,29826.96,SSE and HSBC stock,21.7427,low
Customer A,2018-12-20,19496.19,Savings Account,8.3121,medium
Customer B,2018-12-20,29831.01,SSE and HSBC stock,21.7592,low
Customer A,2018-12-21,19497.26,Savings Account,8.3181,medium
Customer B,2018-12-21,29835.06,SSE and HSBC stock,21.7757,low
Customer A,2018-12-22,19498.33,Savings Account,8.3241,medium
Customer B,2018-12-22,29839.11,SSE and HSBC stock,21.7923,low
Customer A,2018-12-23,19499.41,Savings Account,8.33,medium
Customer B,2018-12-23,29843.16,SSE and HSBC stock,21.8088,low
Customer A,2018-12-24,19500.48,Savings Account,8.336,medium
Customer B,2018-12-24,29847.21,SSE and HSBC stock,21.8254,low
Customer A,2018-12-25,19501.56,Savings Account,8.342,medium
Customer B,2018-12-25,29851.27,SSE and HSBC stock,21.8419,low
Customer A,2018-12-26,19502.63,Savings Account,8.3479,medium
Customer B,2018-12-26,29855.32,SSE and HSBC stock,21.8584,low
Customer A,2018-12-27,19503.7,Savings Account,8.3539,medium
Customer B,2018-12-27,29859.37,SSE and HSBC stock,21.875,low
Customer A,2018-12-28,19504.78,Savings Account,8.3599,medium
Customer B,2018-12-28,29863.43,SSE and HSBC stock,21.8915,low
Customer A,2018-12-29,19505.85,Savings Account,8.3658,medium
Customer B,2018-12-29,29867.48,SSE and HSBC stock,21.9081,low
Customer A,2018-12-30,19506.93,Savings Account,8.3718,medium
Customer B,2018-12-30,29871.54,SSE and HSBC stock,21.9246,low
Customer A,2018-12-31,19508.0,Savings Account,8.3778,medium
Customer B,2018-12-31,29875.59,SSE and HSBC stock,21.9412,low
Customer A,2019-01-01,19509.07,Savings Account,8.3837,medium
Customer B,2019-01-01,29879.65,SSE and HSBC stock,21.9578,low
Customer A,2019-01-02,19510.15,Savings Account,8.3897,medium
Customer B,2019-01-02,29883.71,SSE and HSBC stock,21.9743,low
Customer A,2019-01-03,19511.22,Savings Account,8.3957,medium
Customer B,2019-01-03,29887.77,SSE and HSBC stock,21.9909,low
Customer A,2019-01-04,19512.3,Savings Account,8.4016,medium
Customer B,2019-01-04,29891.82,SSE and HSBC stock,22.0074,low
Customer A,2019-01-05,19513.37,Savings Account,8.4076,medium
Customer B,2019-01-05,29895.88,SSE and HSBC stock,22.024,low
Customer A,2019-01-06,19514.45,Savings Account,8.4136,medium
Customer B,2019-01-06,29899.94,SSE and HSBC stock,22.0406,low
Customer A,2019-01-07,19515.52,Savings Account,8.4196,medium
Customer B,2019-01-07,29904.0,SSE and HSBC stock,22.0572,low
Customer A,2019-01-08,19516.6,Savings Account,8.4255,medium
Customer B,2019-01-08,29908.06,SSE and HSBC stock,22.0737,low
Customer A,2019-01-09,19517.67,Savings Account,8.4315,medium
Customer B,2019-01-09,29912.12,SSE and HSBC stock,22.0903,low
Customer A,2019-01-10,19518.74,Savings Account,8.4375,medium
Customer B,2019-01-10,29916.19,SSE and HSBC stock,22.1069,low
Customer A,2019-01-11,19519.82,Savings Account,8.4434,medium
Customer B,2019-01-11,29920.25,SSE and HSBC stock,22.1235,low
Customer A,2019-01-12,19520.89,Savings Account,8.4494,medium
Customer B,2019-01-12,29924.31,SSE and HSBC stock,22.14,low
Customer A,2019-01-13,19521.97,Savings Account,8.4554,medium
Customer B,2019-01-13,29928.37,SSE and HSBC stock,22.1566,low
Customer A,2019-01-14,19523.04,Savings Account,8.4614,medium
Customer B,2019-01-14,29932.44,SSE and HSBC stock,22.1732,low
Customer A,2019-01-15,19524.12,Savings Account,8.4673,medium
Customer B,2019-01-15,29936.5,SSE and HSBC stock,22.1898,low
Customer A,2019-01-16,19525.2,Savings Account,8.4733,medium
Customer B,2019-01-16,29940.57,SSE and HSBC stock,22.2064,low
Customer A,2019-01-17,19526.27,Savings Account,8.4793,medium
Customer B,2019-01-17,29944.63,SSE and HSBC stock,22.223,low
Customer A,2019-01-18,19527.35,Savings Account,8.4853,medium
Customer B,2019-01-18,29948.7,SSE and HSBC stock,22.2396,low
Customer A,2019-01-19,19528.42,Savings Account,8.4912,medium
Customer B,2019-01-19,29952.77,SSE and HSBC stock,22.2562,low
Customer A,2019-01-20,19529.5,Savings Account,8.4972,medium
Customer B,2019-01-20,29956.83,SSE and HSBC stock,22.2728,low
Customer A,2019-01-21,19530.57,Savings Account,8.5032,medium
Customer B,2019-01-21,29960.9,SSE and HSBC stock,22.2894,low
Customer A,2019-01-22,19531.65,Savings Account,8.5092,medium
Customer B,2019-01-22,29964.97,SSE and HSBC stock,22.306,low
Customer A,2019-01-23,19532.72,Savings Account,8.5151,medium
Customer B,2019-01-23,29969.04,SSE and HSBC stock,22.3226,low
Customer A,2019-01-24,19533.8,Savings Account,8.5211,medium
Customer B,2019-01-24,29973.11,SSE and HSBC stock,22.3392,low
Customer A,2019-01-25,19534.87,Savings Account,8.5271,medium
Customer B,2019-01-25,29977.18,SSE and HSBC stock,22.3558,low
Customer A,2019-01-26,19535.95,Savings Account,8.5331,medium
Customer B,2019-01-26,29981.25,SSE and HSBC stock,22.3724,low
Customer A,2019-01-27,19537.03,Savings Account,8.539,medium
Customer B,2019-01-27,29985.32,SSE and HSBC stock,22.3891,low
Customer A,2019-01-28,19538.1,Savings Account,8.545,medium
Customer B,2019-01-28,29989.39,SSE and HSBC stock,22.4057,low
Customer A,2019-01-29,19539.18,Savings Account,8.551,medium
Customer B,2019-01-29,29993.46,SSE and HSBC stock,22.4223,low
Customer A,2019-01-30,19540.25,Savings Account,8.557,medium
Customer B,2019-01-30,29997.53,SSE and HSBC stock,22.4389,low
Customer A,2019-01-31,19541.33,Savings Account,8.5629,medium
Customer B,2019-01-31,30001.61,SSE and HSBC stock,22.4555,low
Customer A,2019-02-01,19542.41,Savings Account,8.5689,medium
Customer B,2019-02-01,30005.68,SSE and HSBC stock,22.4722,low
Customer A,2019-02-02,19543.48,Savings Account,8.5749,medium
Customer B,2019-02-02,30009.76,SSE and HSBC stock,22.4888,low
Customer A,2019-02-03,19544.56,Savings Account,8.5809,medium
Customer B,2019-02-03,30013.83,SSE and HSBC stock,22.5054,low
Customer A,2019-02-04,19545.63,Savings Account,8.5869,medium
Customer B,2019-02-04,30017.91,SSE and HSBC stock,22.5221,low
Customer A,2019-02-05,19546.71,Savings Account,8.5928,medium
Customer B,2019-02-05,30021.98,SSE and HSBC stock,22.5387,low
Customer A,2019-02-06,19547.79,Savings Account,8.5988,medium
Customer B,2019-02-06,30026.06,SSE and HSBC stock,22.5553,low
Customer A,2019-02-07,19548.86,Savings Account,8.6048,medium
Customer B,2019-02-07,30030.14,SSE and HSBC stock,22.572,low
Customer A,2019-02-08,19549.94,Savings Account,8.6108,medium
Customer B,2019-02-08,30034.21,SSE and HSBC stock,22.5886,low
Customer A,2019-02-09,19551.02,Savings Account,8.6168,medium
Customer B,2019-02-09,30038.29,SSE and HSBC stock,22.6053,low
Customer A,2019-02-10,19552.09,Savings Account,8.6227,medium
Customer B,2019-02-10,30042.37,SSE and HSBC stock,22.6219,low
Customer A,2019-02-11,19553.17,Savings Account,8.6287,medium
Customer B,2019-02-11,30046.45,SSE and HSBC stock,22.6386,low
Customer A,2019-02-12,19554.25,Savings Account,8.6347,medium
Customer B,2019-02-12,30050.53,SSE and HSBC stock,22.6552,low
Customer A,2019-02-13,19555.32,Savings Account,8.6407,medium
Customer B,2019-02-13,30054.61,SSE and HSBC stock,22.6719,low
Customer A,2019-02-14,19556.4,Savings Account,8.6467,medium
Customer B,2019-02-14,30058.69,SSE and HSBC stock,22.6885,low
Customer A,2019-02-15,19557.48,Savings Account,8.6527,medium
Customer B,2019-02-15,30062.77,SSE and HSBC stock,22.7052,low
Customer A,2019-02-16,19558.55,Savings Account,8.6586,medium
Customer B,2019-02-16,30066.85,SSE and HSBC stock,22.7219,low
Customer A,2019-02-17,19559.63,Savings Account,8.6646,medium
Customer B,2019-02-17,30070.94,SSE and HSBC stock,22.7385,low
Customer A,2019-02-18,19560.71,Savings Account,8.6706,medium
Customer B,2019-02-18,30075.02,SSE and HSBC stock,22.7552,low
Customer A,2019-02-19,19561.79,Savings Account,8.6766,medium
Customer B,2019-02-19,30079.1,SSE and HSBC stock,22.7719,low
Customer A,2019-02-20,19562.86,Savings Account,8.6826,medium
Customer B,2019-02-20,30083.19,SSE and HSBC stock,22.7885,low
Customer A,2019-02-21,19563.94,Savings Account,8.6886,medium
Customer B,2019-02-21,30087.27,SSE and HSBC stock,22.8052,low
Customer A,2019-02-22,19565.02,Savings Account,8.6945,medium
Customer B,2019-02-22,30091.36,SSE and HSBC stock,22.8219,low
Customer A,2019-02-23,19566.1,Savings Account,8.7005,medium
Customer B,2019-02-23,30095.44,SSE and HSBC stock,22.8385,low
Customer A,2019-02-24,19567.17,Savings Account,8.7065,medium
Customer B,2019-02-24,30099.53,SSE and HSBC stock,22.8552,low
Customer A,2019-02-25,19568.25,Savings Account,8.7125,medium
Customer B,2019-02-25,30103.62,SSE and HSBC stock,22.8719,low
Customer A,2019-02-26,19569.33,Savings Account,8.7185,medium
Customer B,2019-02-26,30107.71,SSE and HSBC stock,22.8886,low
Customer A,2019-02-27,19570.41,Savings Account,8.7245,medium
Customer B,2019-02-27,30111.79,SSE and HSBC stock,22.9053,low
Customer A,2019-02-28,19571.48,Savings Account,8.7305,medium
Customer B,2019-02-28,30115.88,SSE and HSBC stock,22.922,low
Customer A,2019-03-01,19572.56,Savings Account,8.7364,medium
Customer B,2019-03-01,30119.97,SSE and HSBC stock,22.9387,low
Customer A,2019-03-02,19573.64,Savings Account,8.7424,medium
Customer B,2019-03-02,30124.06,SSE and HSBC stock,22.9554,low
Customer A,2019-03-03,19574.72,Savings Account,8.7484,medium
Customer B,2019-03-03,30128.15,SSE and HSBC stock,22.972,low
Customer A,2019-03-04,19575.79,Savings Account,8.7544,medium
Customer B,2019-03-04,30132.24,SSE and HSBC stock,22.9887,low
Customer A,2019-03-05,19576.87,Savings Account,8.7604,medium
Customer B,2019-03-05,30136.33,SSE and HSBC stock,23.0054,low
Customer A,2019-03-06,19577.95,Savings Account,8.7664,medium
Customer B,2019-03-06,30140.43,SSE and HSBC stock,23.0222,low
Customer A,2019-03-07,19579.03,Savings Account,8.7724,medium
Customer B,2019-03-07,30144.52,SSE and HSBC stock,23.0389,low
Customer A,2019-03-08,19580.11,Savings Account,8.7784,medium
Customer B,2019-03-08,30148.61,SSE and HSBC stock,23.0556,low
Customer A,2019-03-09,19581.19,Savings Account,8.7844,medium
Customer B,2019-03-09,30152.71,SSE and HSBC stock,23.0723,low
Customer A,2019-03-10,19582.26,Savings Account,8.7904,medium
Customer B,2019-03-10,30156.8,SSE and HSBC stock,23.089,low
Customer A,2019-03-11,19583.34,Savings Account,8.7963,medium
Customer B,2019-03-11,30160.9,SSE and HSBC stock,23.1057,low
Customer A,2019-03-12,19584.42,Savings Account,8.8023,medium
Customer B,2019-03-12,30164.99,SSE and HSBC stock,23.1224,low
Customer A,2019-03-13,19585.5,Savings Account,8.8083,medium
Customer B,2019-03-13,30169.09,SSE and HSBC stock,23.1391,low
Customer A,2019-03-14,19586.58,Savings Account,8.8143,medium
Customer B,2019-03-14,30173.18,SSE and HSBC stock,23.1559,low
Customer A,2019-03-15,19587.66,Savings Account,8.8203,medium
Customer B,2019-03-15,30177.28,SSE and HSBC stock,23.1726,low
Customer A,2019-03-16,19588.73,Savings Account,8.8263,medium
Customer B,2019-03-16,30181.38,SSE and HSBC stock,23.1893,low
Customer A,2019-03-17,19589.81,Savings Account,8.8323,medium
Customer B,2019-03-17,30185.48,SSE and HSBC stock,23.206,low
Customer A,2019-03-18,19590.89,Savings Account,8.8383,medium
Customer B,2019-03-18,30189.57,SSE and HSBC stock,23.2228,low
Customer A,2019-03-19,19591.97,Savings Account,8.8443,medium
Customer B,2019-03-19,30193.67,SSE and HSBC stock,23.2395,low
Customer A,2019-03-20,19593.05,Savings Account,8.8503,medium
Customer B,2019-03-20,30197.77,SSE and HSBC stock,23.2562,low
Customer A,2019-03-21,19594.13,Savings Account,8.8563,medium
Customer B,2019-03-21,30201.87,SSE and HSBC stock,23.273,low
Customer A,2019-03-22,19595.21,Savings Account,8.8623,medium
Customer B,2019-03-22,30205.98,SSE and HSBC stock,23.2897,low
Customer A,2019-03-23,19596.29,Savings Account,8.8683,medium
Customer B,2019-03-23,30210.08,SSE and HSBC stock,23.3064,low
Customer A,2019-03-24,19597.37,Savings Account,8.8743,medium
Customer B,2019-03-24,30214.18,SSE and HSBC stock,23.3232,low
Customer A,2019-03-25,19598.45,Savings Account,8.8803,medium
Customer B,2019-03-25,30218.28,SSE and HSBC stock,23.3399,low
Customer A,2019-03-26,19599.52,Savings Account,8.8862,medium
Customer B,2019-03-26,30222.38,SSE and HSBC stock,23.3567,low
Customer A,2019-03-27,19600.6,Savings Account,8.8922,medium
Customer B,2019-03-27,30226.49,SSE and HSBC stock,23.3734,low
Customer A,2019-03-28,19601.68,Savings Account,8.8982,medium
Customer B,2019-03-28,30230.59,SSE and HSBC stock,23.3902,low
Customer A,2019-03-29,19602.76,Savings Account,8.9042,medium
Customer B,2019-03-29,30234.7,SSE and HSBC stock,23.4069,low
Customer A,2019-03-30,19603.84,Savings Account,8.9102,medium
Customer B,2019-03-30,30238.8,SSE and HSBC stock,23.4237,low
Customer A,2019-03-31,19604.92,Savings Account,8.9162,medium
Customer B,2019-03-31,30242.91,SSE and HSBC stock,23.4404,low
Customer A,2019-04-01,19606.0,Savings Account,8.9222,medium
Customer B,2019-04-01,30247.02,SSE and HSBC stock,23.4572,low
Customer A,2019-04-02,19607.08,Savings Account,8.9282,medium
Customer B,2019-04-02,30251.12,SSE and HSBC stock,23.474,low
Customer A,2019-04-03,19608.16,Savings Account,8.9342,medium
Customer B,2019-04-03,30255.23,SSE and HSBC stock,23.4907,low
Customer A,2019-04-04,19609.24,Savings Account,8.9402,medium
Customer B,2019-04-04,30259.34,SSE and HSBC stock,23.5075,low
Customer A,2019-04-05,19610.32,Savings Account,8.9462,medium
Customer B,2019-04-05,30263.45,SSE and HSBC stock,23.5243,low
Customer A,2019-04-06,19611.4,Savings Account,8.9522,medium
Customer B,2019-04-06,30267.56,SSE and HSBC stock,23.541,low
Customer A,2019-04-07,19612.48,Savings Account,8.9582,medium
Customer B,2019-04-07,30271.67,SSE and HSBC stock,23.5578,low
Customer A,2019-04-08,19613.56,Savings Account,8.9642,medium
Customer B,2019-04-08,30275.78,SSE and HSBC stock,23.5746,low
Customer A,2019-04-09,19614.64,Savings Account,8.9702,medium
Customer B,2019-04-09,30279.89,SSE and HSBC stock,23.5914,low
Customer A,2019-04-10,19615.72,Savings Account,8.9762,medium
Customer B,2019-04-10,30284.0,SSE and HSBC stock,23.6082,low
Customer A,2019-04-11,19616.8,Savings Account,8.9822,medium
Customer B,2019-04-11,30288.11,SSE and HSBC stock,23.6249,low
Customer A,2019-04-12,19617.88,Savings Account,8.9882,medium
Customer B,2019-04-12,30292.22,SSE and HSBC stock,23.6417,low
Customer A,2019-04-13,19618.96,Savings Account,8.9942,medium
Customer B,2019-04-13,30296.34,SSE and HSBC stock,23.6585,low
Customer A,2019-04-14,19620.04,Savings Account,9.0002,medium
Customer B,2019-04-14,30300.45,SSE and HSBC stock,23.6753,low
Customer A,2019-04-15,19621.12,Savings Account,9.0062,medium
Customer B,2019-04-15,30304.57,SSE and HSBC stock,23.6921,low
Customer A,2019-04-16,19622.2,Savings Account,9.0122,medium
Customer B,2019-04-16,30308.68,SSE and HSBC stock,23.7089,low
Customer A,2019-04-17,19623.28,Savings Account,9.0182,medium
Customer B,2019-04-17,30312.8,SSE and HSBC stock,23.7257,low
Customer A,2019-04-18,19624.36,Savings Account,9.0242,medium
Customer B,2019-04-18,30316.91,SSE and HSBC stock,23.7425,low
Customer A,2019-04-19,19625.44,Savings Account,9.0302,medium
Customer B,2019-04-19,30321.03,SSE and HSBC stock,23.7593,low
Customer A,2019-04-20,19626.53,Savings Account,9.0363,medium
Customer B,2019-04-20,30325.15,SSE and HSBC stock,23.7761,low
Customer A,2019-04-21,19627.61,Savings Account,9.0423,medium
Customer B,2019-04-21,30329.26,SSE and HSBC stock,23.7929,low
Customer A,2019-04-22,19628.69,Savings Account,9.0483,medium
Customer B,2019-04-22,30333.38,SSE and HSBC stock,23.8097,low
Customer A,2019-04-23,19629.77,Savings Account,9.0543,medium
Customer B,2019-04-23,30337.5,SSE and HSBC stock,23.8265,low
Customer A,2019-04-24,19630.85,Savings Account,9.0603,medium
Customer B,2019-04-24,30341.62,SSE and HSBC stock,23.8433,low
Customer A,2019-04-25,19631.93,Savings Account,9.0663,medium
Customer B,2019-04-25,30345.74,SSE and HSBC stock,23.8602,low
Customer A,2019-04-26,19633.01,Savings Account,9.0723,medium
Customer B,2019-04-26,30349.86,SSE and HSBC stock,23.877,low
Customer A,2019-04-27,19634.09,Savings Account,9.0783,medium
Customer B,2019-04-27,30353.98,SSE and HSBC stock,23.8938,low
Customer A,2019-04-28,19635.17,Savings Account,9.0843,medium
Customer B,2019-04-28,30358.1,SSE and HSBC stock,23.9106,low
Customer A,2019-04-29,19636.25,Savings Account,9.0903,medium
Customer B,2019-04-29,30362.23,SSE and HSBC stock,23.9275,low
Customer A,2019-04-30,19637.34,Savings Account,9.0963,medium
Customer B,2019-04-30,30366.35,SSE and HSBC stock,23.9443,low
Customer A,2019-05-01,19638.42,Savings Account,9.1023,medium
Customer B,2019-05-01,30370.47,SSE and HSBC stock,23.9611,low
Customer A,2019-05-02,19639.5,Savings Account,9.1083,medium
Customer B,2019-05-02,30374.6,SSE and HSBC stock,23.9779,low
Customer A,2019-05-03,19640.58,Savings Account,9.1143,medium
Customer B,2019-05-03,30378.72,SSE and HSBC stock,23.9948,low
Customer A,2019-05-04,19641.66,Savings Account,9.1203,medium
Customer B,2019-05-04,30382.84,SSE and HSBC stock,24.0116,low
Customer A,2019-05-05,19642.74,Savings Account,9.1264,medium
Customer B,2019-05-05,30386.97,SSE and HSBC stock,24.0285,low
Customer A,2019-05-06,19643.83,Savings Account,9.1324,medium
Customer B,2019-05-06,30391.1,SSE and HSBC stock,24.0453,low
Customer A,2019-05-07,19644.91,Savings Account,9.1384,medium
Customer B,2019-05-07,30395.22,SSE and HSBC stock,24.0621,low
Customer A,2019-05-08,19645.99,Savings Account,9.1444,medium
Customer B,2019-05-08,30399.35,SSE and HSBC stock,24.079,low
Customer A,2019-05-09,19647.07,Savings Account,9.1504,medium
Customer B,2019-05-09,30403.48,SSE and HSBC stock,24.0958,low
Customer A,2019-05-10,19648.15,Savings Account,9.1564,medium
Customer B,2019-05-10,30407.61,SSE and HSBC stock,24.1127,low
Customer A,2019-05-11,19649.23,Savings Account,9.1624,medium
Customer B,2019-05-11,30411.74,SSE and HSBC stock,24.1295,low
Customer A,2019-05-12,19650.32,Savings Account,9.1684,medium
Customer B,2019-05-12,30415.87,SSE and HSBC stock,24.1464,low
Customer A,2019-05-13,19651.4,Savings Account,9.1744,medium
Customer B,2019-05-13,30420.0,SSE and HSBC stock,24.1632,low
Customer A,2019-05-14,19652.48,Savings Account,9.1804,medium
Customer B,2019-05-14,30424.13,SSE and HSBC stock,24.1801,low
Customer A,2019-05-15,19653.56,Savings Account,9.1865,medium
Customer B,2019-05-15,30428.26,SSE and HSBC stock,24.197,low
Customer A,2019-05-16,19654.65,Savings Account,9.1925,medium
Customer B,2019-05-16,30432.39,SSE and HSBC stock,24.2138,low
Customer A,2019-05-17,19655.73,Savings Account,9.1985,medium
Customer B,2019-05-17,30436.52,SSE and HSBC stock,24.2307,low
Customer A,2019-05-18,19656.81,Savings Account,9.2045,medium
Customer B,2019-05-18,30440.65,SSE and HSBC stock,24.2476,low
Customer A,2019-05-19,19657.89,Savings Account,9.2105,medium
Customer B,2019-05-19,30444.79,SSE and HSBC stock,24.2644,low
Customer A,2019-05-20,19658.98,Savings Account,9.2165,medium
Customer B,2019-05-20,30448.92,SSE and HSBC stock,24.2813,low
Customer A,2019-05-21,19660.06,Savings Account,9.2225,medium
Customer B,2019-05-21,30453.06,SSE and HSBC stock,24.2982,low
Customer A,2019-05-22,19661.14,Savings Account,9.2286,medium
Customer B,2019-05-22,30457.19,SSE and HSBC stock,24.3151,low
Customer A,2019-05-23,19662.22,Savings Account,9.2346,medium
Customer B,2019-05-23,30461.33,SSE and HSBC stock,24.3319,low
Customer A,2019-05-24,19663.31,Savings Account,9.2406,medium
Customer B,2019-05-24,30465.46,SSE and HSBC stock,24.3488,low
Customer A,2019-05-25,19664.39,Savings Account,9.2466,medium
Customer B,2019-05-25,30469.6,SSE and HSBC stock,24.3657,low
Customer A,2019-05-26,19665.47,Savings Account,9.2526,medium
Customer B,2019-05-26,30473.74,SSE and HSBC stock,24.3826,low
Customer A,2019-05-27,19666.55,Savings Account,9.2586,medium
Customer B,2019-05-27,30477.87,SSE and HSBC stock,24.3995,low
Customer A,2019-05-28,19667.64,Savings Account,9.2647,medium
Customer B,2019-05-28,30482.01,SSE and HSBC stock,24.4164,low
Customer A,2019-05-29,19668.72,Savings Account,9.2707,medium
Customer B,2019-05-29,30486.15,SSE and HSBC stock,24.4333,low
Customer A,2019-05-30,19669.8,Savings Account,9.2767,medium
Customer B,2019-05-30,30490.29,SSE and HSBC stock,24.4502,low
Customer A,2019-05-31,19670.89,Savings Account,9.2827,medium
Customer B,2019-05-31,30494.43,SSE and HSBC stock,24.4671,low
Customer A,2019-06-01,19671.97,Savings Account,9.2887,medium
Customer B,2019-06-01,30498.57,SSE and HSBC stock,24.484,low
Customer A,2019-06-02,19673.05,Savings Account,9.2947,medium
Customer B,2019-06-02,30502.71,SSE and HSBC stock,24.5009,low
Customer A,2019-06-03,19674.14,Savings Account,9.3008,medium
Customer B,2019-06-03,30506.86,SSE and HSBC stock,24.5178,low
Customer A,2019-06-04,19675.22,Savings Account,9.3068,medium
Customer B,2019-06-04,30511.0,SSE and HSBC stock,24.5347,low
Customer A,2019-06-05,19676.3,Savings Account,9.3128,medium
Customer B,2019-06-05,30515.14,SSE and HSBC stock,24.5516,low
Customer A,2019-06-06,19677.39,Savings Account,9.3188,medium
Customer B,2019-06-06,30519.28,SSE and HSBC stock,24.5685,low
Customer A,2019-06-07,19678.47,Savings Account,9.3248,medium
Customer B,2019-06-07,30523.43,SSE and HSBC stock,24.5854,low
Customer A,2019-06-08,19679.55,Savings Account,9.3309,medium
Customer B,2019-06-08,30527.57,SSE and HSBC stock,24.6023,low
Customer A,2019-06-09,19680.64,Savings Account,9.3369,medium
Customer B,2019-06-09,30531.72,SSE and HSBC stock,24.6193,low
Customer A,2019-06-10,19681.72,Savings Account,9.3429,medium
Customer B,2019-06-10,30535.86,SSE and HSBC stock,24.6362,low
Customer A,2019-06-11,19682.81,Savings Account,9.3489,medium
Customer B,2019-06-11,30540.01,SSE and HSBC stock,24.6531,low
Customer A,2019-06-12,19683.89,Savings Account,9.3549,medium
Customer B,2019-06-12,30544.16,SSE and HSBC stock,24.67,low
Customer A,2019-06-13,19684.97,Savings Account,9.361,medium
Customer B,2019-06-13,30548.3,SSE and HSBC stock,24.687,low
Customer A,2019-06-14,19686.06,Savings Account,9.367,medium
Customer B,2019-06-14,30552.45,SSE and HSBC stock,24.7039,low
Customer A,2019-06-15,19687.14,Savings Account,9.373,medium
Customer B,2019-06-15,30556.6,SSE and HSBC stock,24.7208,low
Customer A,2019-06-16,19688.23,Savings Account,9.379,medium
Customer B,2019-06-16,30560.75,SSE and HSBC stock,24.7378,low
Customer A,2019-06-17,19689.31,Savings Account,9.3851,medium
Customer B,2019-06-17,30564.9,SSE and HSBC stock,24.7547,low
Customer A,2019-06-18,19690.39,Savings Account,9.3911,medium
Customer B,2019-06-18,30569.05,SSE and HSBC stock,24.7716,low
Customer A,2019-06-19,19691.48,Savings Account,9.3971,medium
Customer B,2019-06-19,30573.2,SSE and HSBC stock,24.7886,low
Customer A,2019-06-20,19692.56,Savings Account,9.4031,medium
Customer B,2019-06-20,30577.35,SSE and HSBC stock,24.8055,low
Customer A,2019-06-21,19693.65,Savings Account,9.4092,medium
Customer B,2019-06-21,30581.5,SSE and HSBC stock,24.8225,low
Customer A,2019-06-22,19694.73,Savings Account,9.4152,medium
Customer B,2019-06-22,30585.66,SSE and HSBC stock,24.8394,low
Customer A,2019-06-23,19695.82,Savings Account,9.4212,medium
Customer B,2019-06-23,30589.81,SSE and HSBC stock,24.8564,low
Customer A,2019-06-24,19696.9,Savings Account,9.4272,medium
Customer B,2019-06-24,30593.96,SSE and HSBC stock,24.8733,low
Customer A,2019-06-25,19697.99,Savings Account,9.4333,medium
Customer B,2019-06-25,30598.12,SSE and HSBC stock,24.8903,low
Customer A,2019-06-26,19699.07,Savings Account,9.4393,medium
Customer B,2019-06-26,30602.27,SSE and HSBC stock,24.9072,low
Customer A,2019-06-27,19700.16,Savings Account,9.4453,medium
Customer B,2019-06-27,30606.43,SSE and HSBC stock,24.9242,low
Customer A,2019-06-28,19701.24,Savings Account,9.4513,medium
Customer B,2019-06-28,30610.58,SSE and HSBC stock,24.9412,low
Customer A,2019-06-29,19702.33,Savings Account,9.4574,medium
Customer B,2019-06-29,30614.74,SSE and HSBC stock,24.9581,low
Customer A,2019-06-30,19703.41,Savings Account,9.4634,medium
Customer B,2019-06-30,30618.9,SSE and HSBC stock,24.9751,low
Customer A,2019-07-01,19704.5,Savings Account,9.4694,medium
Customer B,2019-07-01,30623.05,SSE and HSBC stock,24.9921,low
Customer A,2019-07-02,19705.58,Savings Account,9.4754,medium
Customer B,2019-07-02,30627.21,SSE and HSBC stock,25.009,low
Customer A,2019-07-03,19706.67,Savings Account,9.4815,medium
Customer B,2019-07-03,30631.37,SSE and HSBC stock,25.026,low
Customer A,2019-07-04,19707.75,Savings Account,9.4875,medium
Customer B,2019-07-04,30635.53,SSE and HSBC stock,25.043,low
Customer A,2019-07-05,19708.84,Savings Account,9.4935,medium
Customer B,2019-07-05,30639.69,SSE and HSBC stock,25.06,low
Customer A,2019-07-06,19709.92,Savings Account,9.4996,medium
Customer B,2019-07-06,30643.85,SSE and HSBC stock,25.0769,low
Customer A,2019-07-07,19711.01,Savings Account,9.5056,medium
Customer B,2019-07-07,30648.01,SSE and HSBC stock,25.0939,low
Customer A,2019-07-08,19712.09,Savings Account,9.5116,medium
Customer B,2019-07-08,30652.17,SSE and HSBC stock,25.1109,low
Customer A,2019-07-09,19713.18,Savings Account,9.5177,medium
Customer B,2019-07-09,30656.34,SSE and HSBC stock,25.1279,low
Customer A,2019-07-10,19714.26,Savings Account,9.5237,medium
Customer B,2019-07-10,30660.5,SSE and HSBC stock,25.1449,low
Customer A,2019-07-11,19715.35,Savings Account,9.5297,medium
Customer B,2019-07-11,30664.66,SSE and HSBC stock,25.1619,low
Customer A,2019-07-12,19716.43,Savings Account,9.5357,medium
Customer B,2019-07-12,30668.83,SSE and HSBC stock,25.1789,low
Customer A,2019-07-13,19717.52,Savings Account,9.5418,medium
Customer B,2019-07-13,30672.99,SSE and HSBC stock,25.1959,low
Customer A,2019-07-14,19718.61,Savings Account,9.5478,medium
Customer B,2019-07-14,30677.15,SSE and HSBC stock,25.2129,low
Customer A,2019-07-15,19719.69,Savings Account,9.5538,medium
Customer B,2019-07-15,30681.32,SSE and HSBC stock,25.2299,low
Customer A,2019-07-16,19720.78,Savings Account,9.5599,medium
Customer B,2019-07-16,30685.49,SSE and HSBC stock,25.2469,low
Customer A,2019-07-17,19721.86,Savings Account,9.5659,medium
Customer B,2019-07-17,30689.65,SSE and HSBC stock,25.2639,low
Customer A,2019-07-18,19722.95,Savings Account,9.5719,medium
Customer B,2019-07-18,30693.82,SSE and HSBC stock,25.2809,low
Customer A,2019-07-19,19724.04,Savings Account,9.578,medium
Customer B,2019-07-19,30697.99,SSE and HSBC stock,25.2979,low
Customer A,2019-07-20,19725.12,Savings Account,9.584,medium
Customer B,2019-07-20,30702.16,SSE and HSBC stock,25.3149,low
Customer A,2019-07-21,19726.21,Savings Account,9.59,medium
Customer B,2019-07-21,30706.33,SSE and HSBC stock,25.3319,low
Customer A,2019-07-22,19727.29,Savings Account,9.5961,medium
Customer B,2019-07-22,30710.49,SSE and HSBC stock,25.349,low
Customer A,2019-07-23,19728.38,Savings Account,9.6021,medium
Customer B,2019-07-23,30714.66,SSE and HSBC stock,25.366,low
Customer A,2019-07-24,19729.47,Savings Account,9.6082,medium
Customer B,2019-07-24,30718.84,SSE and HSBC stock,25.383,low
Customer A,2019-07-25,19730.55,Savings Account,9.6142,medium
Customer B,2019-07-25,30723.01,SSE and HSBC stock,25.4,low
Customer A,2019-07-26,19731.64,Savings Account,9.6202,medium
Customer B,2019-07-26,30727.18,SSE and HSBC stock,25.4171,low
Customer A,2019-07-27,19732.73,Savings Account,9.6263,medium
Customer B,2019-07-27,30731.35,SSE and HSBC stock,25.4341,low
Customer A,2019-07-28,19733.81,Savings Account,9.6323,medium
Customer B,2019-07-28,30735.52,SSE and HSBC stock,25.4511,low
Customer A,2019-07-29,19734.9,Savings Account,9.6383,medium
Customer B,2019-07-29,30739.7,SSE and HSBC stock,25.4682,low
Customer A,2019-07-30,19735.99,Savings Account,9.6444,medium
Customer B,2019-07-30,30743.87,SSE and HSBC stock,25.4852,low
Customer A,2019-07-31,19737.07,Savings Account,9.6504,medium
Customer B,2019-07-31,30748.05,SSE and HSBC stock,25.5022,low
Customer A,2019-08-01,19738.16,Savings Account,9.6565,medium
Customer B,2019-08-01,30752.22,SSE and HSBC stock,25.5193,low
Customer A,2019-08-02,19739.25,Savings Account,9.6625,medium
Customer B,2019-08-02,30756.4,SSE and HSBC stock,25.5363,low
Customer A,2019-08-03,19740.34,Savings Account,9.6685,medium
Customer B,2019-08-03,30760.57,SSE and HSBC stock,25.5534,low
Customer A,2019-08-04,19741.42,Savings Account,9.6746,medium
Customer B,2019-08-04,30764.75,SSE and HSBC stock,25.5704,low
Customer A,2019-08-05,19742.51,Savings Account,9.6806,medium
Customer B,2019-08-05,30768.93,SSE and HSBC stock,25.5875,low
Customer A,2019-08-06,19743.6,Savings Account,9.6866,medium
Customer B,2019-08-06,30773.1,SSE and HSBC stock,25.6045,low
Customer A,2019-08-07,19744.68,Savings Account,9.6927,medium
Customer B,2019-08-07,30777.28,SSE and HSBC stock,25.6216,low
Customer A,2019-08-08,19745.77,Savings Account,9.6987,medium
Customer B,2019-08-08,30781.46,SSE and HSBC stock,25.6386,low
Customer A,2019-08-09,19746.86,Savings Account,9.7048,medium
Customer B,2019-08-09,30785.64,SSE and HSBC stock,25.6557,low
Customer A,2019-08-10,19747.95,Savings Account,9.7108,medium
Customer B,2019-08-10,30789.82,SSE and HSBC stock,25.6727,low
Customer A,2019-08-11,19749.03,Savings Account,9.7169,medium
Customer B,2019-08-11,30794.0,SSE and HSBC stock,25.6898,low
Customer A,2019-08-12,19750.12,Savings Account,9.7229,medium
Customer B,2019-08-12,30798.18,SSE and HSBC stock,25.7069,low
Customer A,2019-08-13,19751.21,Savings Account,9.7289,medium
Customer B,2019-08-13,30802.37,SSE and HSBC stock,25.7239,low
Customer A,2019-08-14,19752.3,Savings Account,9.735,medium
Customer B,2019-08-14,30806.55,SSE and HSBC stock,25.741,low
Customer A,2019-08-15,19753.38,Savings Account,9.741,medium
Customer B,2019-08-15,30810.73,SSE and HSBC stock,25.7581,low
Customer A,2019-08-16,19754.47,Savings Account,9.7471,medium
Customer B,2019-08-16,30814.92,SSE and HSBC stock,25.7752,low
Customer A,2019-08-17,19755.56,Savings Account,9.7531,medium
Customer B,2019-08-17,30819.1,SSE and HSBC stock,25.7922,low
Customer A,2019-08-18,19756.65,Savings Account,9.7592,medium
Customer B,2019-08-18,30823.28,SSE and HSBC stock,25.8093,low
Customer A,2019-08-19,19757.74,Savings Account,9.7652,medium
Customer B,2019-08-19,30827.47,SSE and HSBC stock,25.8264,low
Customer A,2019-08-20,19758.82,Savings Account,9.7712,medium
Customer B,2019-08-20,30831.66,SSE and HSBC stock,25.8435,low
Customer A,2019-08-21,19759.91,Savings Account,9.7773,medium
Customer B,2019-08-21,30835.84,SSE and HSBC stock,25.8606,low
Customer A,2019-08-22,19761.0,Savings Account,9.7833,medium
Customer B,2019-08-22,30840.03,SSE and HSBC stock,25.8777,low
Customer A,2019-08-23,19762.09,Savings Account,9.7894,medium
Customer B,2019-08-23,30844.22,SSE and HSBC stock,25.8948,low
Customer A,2019-08-24,19763.18,Savings Account,9.7954,medium
Customer B,2019-08-24,30848.41,SSE and HSBC stock,25.9119,low
Customer A,2019-08-25,19764.26,Savings Account,9.8015,medium
Customer B,2019-08-25,30852.59,SSE and HSBC stock,25.929,low
Customer A,2019-08-26,19765.35,Savings Account,9.8075,medium
Customer B,2019-08-26,30856.78,SSE and HSBC stock,25.9461,low
Customer A,2019-08-27,19766.44,Savings Account,9.8136,medium
Customer B,2019-08-27,30860.97,SSE and HSBC stock,25.9632,low
Customer A,2019-08-28,19767.53,Savings Account,9.8196,medium
Customer B,2019-08-28,30865.16,SSE and HSBC stock,25.9803,low
Customer A,2019-08-29,19768.62,Savings Account,9.8257,medium
Customer B,2019-08-29,30869.35,SSE and HSBC stock,25.9974,low
Customer A,2019-08-30,19769.71,Savings Account,9.8317,medium
Customer B,2019-08-30,30873.55,SSE and HSBC stock,26.0145,low
Customer A,2019-08-31,19770.8,Savings Account,9.8378,medium
Customer B,2019-08-31,30877.74,SSE and HSBC stock,26.0316,low
Customer A,2019-09-01,19771.88,Savings Account,9.8438,medium
Customer B,2019-09-01,30881.93,SSE and HSBC stock,26.0487,low
Customer A,2019-09-02,19772.97,Savings Account,9.8499,medium
Customer B,2019-09-02,30886.12,SSE and HSBC stock,26.0658,low
Customer A,2019-09-03,19774.06,Savings Account,9.8559,medium
Customer B,2019-09-03,30890.32,SSE and HSBC stock,26.0829,low
Customer A,2019-09-04,19775.15,Savings Account,9.862,medium
Customer B,2019-09-04,30894.51,SSE and HSBC stock,26.1001,low
Customer A,2019-09-05,19776.24,Savings Account,9.868,medium
Customer B,2019-09-05,30898.71,SSE and HSBC stock,26.1172,low
Customer A,2019-09-06,19777.33,Savings Account,9.8741,medium
Customer B,2019-09-06,30902.9,SSE and HSBC stock,26.1343,low
Customer A,2019-09-07,19778.42,Savings Account,9.8801,medium
Customer B,2019-09-07,30907.1,SSE and HSBC stock,26.1514,low
Customer A,2019-09-08,19779.51,Savings Account,9.8862,medium
Customer B,2019-09-08,30911.3,SSE and HSBC stock,26.1686,low
Customer A,2019-09-09,19780.6,Savings Account,9.8922,medium
Customer B,2019-09-09,30915.49,SSE and HSBC stock,26.1857,low
Customer A,2019-09-10,19781.69,Savings Account,9.8983,medium
Customer B,2019-09-10,30919.69,SSE and HSBC stock,26.2028,low
Customer A,2019-09-11,19782.78,Savings Account,9.9043,medium
Customer B,2019-09-11,30923.89,SSE and HSBC stock,26.22,low
Customer A,2019-09-12,19783.86,Savings Account,9.9104,medium
Customer B,2019-09-12,30928.09,SSE and HSBC stock,26.2371,low
Customer A,2019-09-13,19784.95,Savings Account,9.9164,medium
Customer B,2019-09-13,30932.29,SSE and HSBC stock,26.2542,low
Customer A,2019-09-14,19786.04,Savings Account,9.9225,medium
Customer B,2019-09-14,30936.49,SSE and HSBC stock,26.2714,low
Customer A,2019-09-15,19787.13,Savings Account,9.9285,medium
Customer B,2019-09-15,30940.69,SSE and HSBC stock,26.2885,low
Customer A,2019-09-16,19788.22,Savings Account,9.9346,medium
Customer B,2019-09-16,30944.89,SSE and HSBC stock,26.3057,low
Customer A,2019-09-17,19789.31,Savings Account,9.9406,medium
Customer B,2019-09-17,30949.09,SSE and HSBC stock,26.3228,low
Customer A,2019-09-18,19790.4,Savings Account,9.9467,medium
Customer B,2019-09-18,30953.3,SSE and HSBC stock,26.34,low
Customer A,2019-09-19,19791.49,Savings Account,9.9527,medium
Customer B,2019-09-19,30957.5,SSE and HSBC stock,26.3571,low
Customer A,2019-09-20,19792.58,Savings Account,9.9588,medium
Customer B,2019-09-20,30961.7,SSE and HSBC stock,26.3743,low
Customer A,2019-09-21,19793.67,Savings Account,9.9648,medium
Customer B,2019-09-21,30965.91,SSE and HSBC stock,26.3915,low
Customer A,2019-09-22,19794.76,Savings Account,9.9709,medium
Customer B,2019-09-22,30970.11,SSE and HSBC stock,26.4086,low
Customer A,2019-09-23,19795.85,Savings Account,9.977,medium
Customer B,2019-09-23,30974.32,SSE and HSBC stock,26.4258,low
Customer A,2019-09-24,19796.94,Savings Account,9.983,medium
Customer B,2019-09-24,30978.52,SSE and HSBC stock,26.4429,low
Customer A,2019-09-25,19798.03,Savings Account,9.9891,medium
Customer B,2019-09-25,30982.73,SSE and HSBC stock,26.4601,low
Customer A,2019-09-26,19799.12,Savings Account,9.9951,medium
Customer B,2019-09-26,30986.94,SSE and HSBC stock,26.4773,low
Customer A,2019-09-27,19800.21,Savings Account,10.0012,medium
Customer B,2019-09-27,30991.14,SSE and HSBC stock,26.4945,low
Customer A,2019-09-28,19801.3,Savings Account,10.0072,medium
Customer B,2019-09-28,30995.35,SSE and HSBC stock,26.5116,low
Customer A,2019-09-29,19802.39,Savings Account,10.0133,medium
Customer B,2019-09-29,30999.56,SSE and HSBC stock,26.5288,low
Customer A,2019-09-30,19803.48,Savings Account,10.0194,medium
Customer B,2019-09-30,31003.77,SSE and HSBC stock,26.546,low
Customer A,2019-10-01,19804.57,Savings Account,10.0254,medium
Customer B,2019-10-01,31007.98,SSE and HSBC stock,26.5632,low
Customer A,2019-10-02,19805.67,Savings Account,10.0315,medium
Customer B,2019-10-02,31012.19,SSE and HSBC stock,26.5804,low
Customer A,2019-10-03,19806.76,Savings Account,10.0375,medium
Customer B,2019-10-03,31016.4,SSE and HSBC stock,26.5976,low
Customer A,2019-10-04,19807.85,Savings Account,10.0436,medium
Customer B,2019-10-04,31020.61,SSE and HSBC stock,26.6147,low
Customer A,2019-10-05,19808.94,Savings Account,10.0497,medium
Customer B,2019-10-05,31024.82,SSE and HSBC stock,26.6319,low
Customer A,2019-10-06,19810.03,Savings Account,10.0557,medium
Customer B,2019-10-06,31029.04,SSE and HSBC stock,26.6491,low
Customer A,2019-10-07,19811.12,Savings Account,10.0618,medium
Customer B,2019-10-07,31033.25,SSE and HSBC stock,26.6663,low
Customer A,2019-10-08,19812.21,Savings Account,10.0678,medium
Customer B,2019-10-08,31037.46,SSE and HSBC stock,26.6835,low
Customer A,2019-10-09,19813.3,Savings Account,10.0739,medium
Customer B,2019-10-09,31041.68,SSE and HSBC stock,26.7007,low
Customer A,2019-10-10,19814.39,Savings Account,10.08,medium
Customer B,2019-10-10,31045.89,SSE and HSBC stock,26.7179,low
Customer A,2019-10-11,19815.48,Savings Account,10.086,medium
Customer B,2019-10-11,31050.11,SSE and HSBC stock,26.7351,low
Customer A,2019-10-12,19816.57,Savings Account,10.0921,medium
Customer B,2019-10-12,31054.32,SSE and HSBC stock,26.7523,low
Customer A,2019-10-13,19817.67,Savings Account,10.0981,medium
Customer B,2019-10-13,31058.54,SSE and HSBC stock,26.7696,low
Customer A,2019-10-14,19818.76,Savings Account,10.1042,medium
Customer B,2019-10-14,31062.76,SSE and HSBC stock,26.7868,low
Customer A,2019-10-15,19819.85,Savings Account,10.1103,medium
Customer B,2019-10-15,31066.98,SSE and HSBC stock,26.804,low
Customer A,2019-10-16,19820.94,Savings Account,10.1163,medium
Customer B,2019-10-16,31071.2,SSE and HSBC stock,26.8212,low
Customer A,2019-10-17,19822.03,Savings Account,10.1224,medium
Customer B,2019-10-17,31075.41,SSE and HSBC stock,26.8384,low
Customer A,2019-10-18,19823.12,Savings Account,10.1285,medium
Customer B,2019-10-18,31079.63,SSE and HSBC stock,26.8556,low
Customer A,2019-10-19,19824.22,Savings Account,10.1345,medium
Customer B,2019-10-19,31083.85,SSE and HSBC stock,26.8729,low
Customer A,2019-10-20,19825.31,Savings Account,10.1406,medium
Customer B,2019-10-20,31088.07,SSE and HSBC stock,26.8901,low
Customer A,2019-10-21,19826.4,Savings Account,10.1467,medium
Customer B,2019-10-21,31092.3,SSE and HSBC stock,26.9073,low
Customer A,2019-10-22,19827.49,Savings Account,10.1527,medium
Customer B,2019-10-22,31096.52,SSE and HSBC stock,26.9246,low
Customer A,2019-10-23,19828.58,Savings Account,10.1588,medium
Customer B,2019-10-23,31100.74,SSE and HSBC stock,26.9418,low
Customer A,2019-10-24,19829.67,Savings Account,10.1649,medium
Customer B,2019-10-24,31104.96,SSE and HSBC stock,26.959,low
Customer A,2019-10-25,19830.77,Savings Account,10.1709,medium
Customer B,2019-10-25,31109.19,SSE and HSBC stock,26.9763,low
Customer A,2019-10-26,19831.86,Savings Account,10.177,medium
Customer B,2019-10-26,31113.41,SSE and HSBC stock,26.9935,low
Customer A,2019-10-27,19832.95,Savings Account,10.1831,medium
Customer B,2019-10-27,31117.64,SSE and HSBC stock,27.0108,low
Customer A,2019-10-28,19834.04,Savings Account,10.1891,medium
Customer B,2019-10-28,31121.86,SSE and HSBC stock,27.028,low
Customer A,2019-10-29,19835.13,Savings Account,10.1952,medium
Customer B,2019-10-29,31126.09,SSE and HSBC stock,27.0453,low
Customer A,2019-10-30,19836.23,Savings Account,10.2013,medium
Customer B,2019-10-30,31130.31,SSE and HSBC stock,27.0625,low
Customer A,2019-10-31,19837.32,Savings Account,10.2073,medium
Customer B,2019-10-31,31134.54,SSE and HSBC stock,27.0798,low
Customer A,2019-11-01,19838.41,Savings Account,10.2134,medium
Customer B,2019-11-01,31138.77,SSE and HSBC stock,27.097,low
Customer A,2019-11-02,19839.5,Savings Account,10.2195,medium
Customer B,2019-11-02,31143.0,SSE and HSBC stock,27.1143,low
Customer A,2019-11-03,19840.6,Savings Account,10.2255,medium
Customer B,2019-11-03,31147.22,SSE and HSBC stock,27.1315,low
Customer A,2019-11-04,19841.69,Savings Account,10.2316,medium
Customer B,2019-11-04,31151.45,SSE and HSBC stock,27.1488,low
Customer A,2019-11-05,19842.78,Savings Account,10.2377,medium
Customer B,2019-11-05,31155.68,SSE and HSBC stock,27.1661,low
Customer A,2019-11-06,19843.87,Savings Account,10.2437,medium
Customer B,2019-11-06,31159.91,SSE and HSBC stock,27.1833,low
Customer A,2019-11-07,19844.97,Savings Account,10.2498,medium
Customer B,2019-11-07,31164.15,SSE and HSBC stock,27.2006,low
Customer A,2019-11-08,19846.06,Savings Account,10.2559,medium
Customer B,2019-11-08,31168.38,SSE and HSBC stock,27.2179,low
Customer A,2019-11-09,19847.15,Savings Account,10.262,medium
Customer B,2019-11-09,31172.61,SSE and HSBC stock,27.2351,low
Customer A,2019-11-10,19848.25,Savings Account,10.268,medium
Customer B,2019-11-10,31176.84,SSE and HSBC stock,27.2524,low
Customer A,2019-11-11,19849.34,Savings Account,10.2741,medium
Customer B,2019-11-11,31181.08,SSE and HSBC stock,27.2697,low
Customer A,2019-11-12,19850.43,Savings Account,10.2802,medium
Customer B,2019-11-12,31185.31,SSE and HSBC stock,27.287,low
Customer A,2019-11-13,19851.53,Savings Account,10.2863,medium
Customer B,2019-11-13,31189.54,SSE and HSBC stock,27.3043,low
Customer A,2019-11-14,19852.62,Savings Account,10.2923,medium
Customer B,2019-11-14,31193.78,SSE and HSBC stock,27.3215,low
Customer A,2019-11-15,19853.71,Savings Account,10.2984,medium
Customer B,2019-11-15,31198.01,SSE and HSBC stock,27.3388,low
Customer A,2019-11-16,19854.81,Savings Account,10.3045,medium
Customer B,2019-11-16,31202.25,SSE and HSBC stock,27.3561,low
Customer A,2019-11-17,19855.9,Savings Account,10.3105,medium
Customer B,2019-11-17,31206.49,SSE and HSBC stock,27.3734,low
Customer A,2019-11-18,19856.99,Savings Account,10.3166,medium
Customer B,2019-11-18,31210.73,SSE and HSBC stock,27.3907,low
Customer A,2019-11-19,19858.09,Savings Account,10.3227,medium
Customer B,2019-11-19,31214.96,SSE and HSBC stock,27.408,low
Customer A,2019-11-20,19859.18,Savings Account,10.3288,medium
Customer B,2019-11-20,31219.2,SSE and HSBC stock,27.4253,low
Customer A,2019-11-21,19860.27,Savings Account,10.3348,medium
Customer B,2019-11-21,31223.44,SSE and HSBC stock,27.4426,low
Customer A,2019-11-22,19861.37,Savings Account,10.3409,medium
Customer B,2019-11-22,31227.68,SSE and HSBC stock,27.4599,low
Customer A,2019-11-23,19862.46,Savings Account,10.347,medium
Customer B,2019-11-23,31231.92,SSE and HSBC stock,27.4772,low
Customer A,2019-11-24,19863.55,Savings Account,10.3531,medium
Customer B,2019-11-24,31236.16,SSE and HSBC stock,27.4945,low
Customer A,2019-11-25,19864.65,Savings Account,10.3592,medium
Customer B,2019-11-25,31240.4,SSE and HSBC stock,27.5118,low
Customer A,2019-11-26,19865.74,Savings Account,10.3652,medium
Customer B,2019-11-26,31244.65,SSE and HSBC stock,27.5292,low
Customer A,2019-11-27,19866.84,Savings Account,10.3713,medium
Customer B,2019-11-27,31248.89,SSE and HSBC stock,27.5465,low
Customer A,2019-11-28,19867.93,Savings Account,10.3774,medium
Customer B,2019-11-28,31253.13,SSE and HSBC stock,27.5638,low
Customer A,2019-11-29,19869.02,Savings Account,10.3835,medium
Customer B,2019-11-29,31257.37,SSE and HSBC stock,27.5811,low
Customer A,2019-11-30,19870.12,Savings Account,10.3895,medium
Customer B,2019-11-30,31261.62,SSE and HSBC stock,27.5984,low
Customer A,2019-12-01,19871.21,Savings Account,10.3956,medium
Customer B,2019-12-01,31265.86,SSE and HSBC stock,27.6158,low
Customer A,2019-12-02,19872.31,Savings Account,10.4017,medium
Customer B,2019-12-02,31270.11,SSE and HSBC stock,27.6331,low
Customer A,2019-12-03,19873.4,Savings Account,10.4078,medium
Customer B,2019-12-03,31274.36,SSE and HSBC stock,27.6504,low
Customer A,2019-12-04,19874.5,Savings Account,10.4139,medium
Customer B,2019-12-04,31278.6,SSE and HSBC stock,27.6678,low
Customer A,2019-12-05,19875.59,Savings Account,10.4199,medium
Customer B,2019-12-05,31282.85,SSE and HSBC stock,27.6851,low
Customer A,2019-12-06,19876.68,Savings Account,10.426,medium
Customer B,2019-12-06,31287.1,SSE and HSBC stock,27.7024,low
Customer A,2019-12-07,19877.78,Savings Account,10.4321,medium
Customer B,2019-12-07,31291.34,SSE and HSBC stock,27.7198,low
Customer A,2019-12-08,19878.87,Savings Account,10.4382,medium
Customer B,2019-12-08,31295.59,SSE and HSBC stock,27.7371,low
Customer A,2019-12-09,19879.97,Savings Account,10.4443,medium
Customer B,2019-12-09,31299.84,SSE and HSBC stock,27.7545,low
Customer A,2019-12-10,19881.06,Savings Account,10.4503,medium
Customer B,2019-12-10,31304.09,SSE and HSBC stock,27.7718,low
Customer A,2019-12-11,19882.16,Savings Account,10.4564,medium
Customer B,2019-12-11,31308.34,SSE and HSBC stock,27.7892,low
Customer A,2019-12-12,19883.25,Savings Account,10.4625,medium
Customer B,2019-12-12,31312.6,SSE and HSBC stock,27.8065,low
Customer A,2019-12-13,19884.35,Savings Account,10.4686,medium
Customer B,2019-12-13,31316.85,SSE and HSBC stock,27.8239,low
Customer A,2019-12-14,19885.44,Savings Account,10.4747,medium
Customer B,2019-12-14,31321.1,SSE and HSBC stock,27.8412,low
Customer A,2019-12-15,19886.54,Savings Account,10.4808,medium
Customer B,2019-12-15,31325.35,SSE and HSBC stock,27.8586,low
Customer A,2019-12-16,19887.63,Savings Account,10.4868,medium
Customer B,2019-12-16,31329.61,SSE and HSBC stock,27.8759,low
Customer A,2019-12-17,19888.73,Savings Account,10.4929,medium
Customer B,2019-12-17,31333.86,SSE and HSBC stock,27.8933,low
Customer A,2019-12-18,19889.82,Savings Account,10.499,medium
Customer B,2019-12-18,31338.11,SSE and HSBC stock,27.9107,low
Customer A,2019-12-19,19890.92,Savings Account,10.5051,medium
Customer B,2019-12-19,31342.37,SSE and HSBC stock,27.928,low
Customer A,2019-12-20,19892.01,Savings Account,10.5112,medium
Customer B,2019-12-20,31346.63,SSE and HSBC stock,27.9454,low
Customer A,2019-12-21,19893.11,Savings Account,10.5173,medium
Customer B,2019-12-21,31350.88,SSE and HSBC stock,27.9628,low
Customer A,2019-12-22,19894.2,Savings Account,10.5234,medium
Customer B,2019-12-22,31355.14,SSE and HSBC stock,27.9802,low
Customer A,2019-12-23,19895.3,Savings Account,10.5294,medium
Customer B,2019-12-23,31359.4,SSE and HSBC stock,27.9975,low
Customer A,2019-12-24,19896.4,Savings Account,10.5355,medium
Customer B,2019-12-24,31363.65,SSE and HSBC stock,28.0149,low
Customer A,2019-12-25,19897.49,Savings Account,10.5416,medium
Customer B,2019-12-25,31367.91,SSE and HSBC stock,28.0323,low
Customer A,2019-12-26,19898.59,Savings Account,10.5477,medium
Customer B,2019-12-26,31372.17,SSE and HSBC stock,28.0497,low
Customer A,2019-12-27,19899.68,Savings Account,10.5538,medium
Customer B,2019-12-27,31376.43,SSE and HSBC stock,28.0671,low
Customer A,2019-12-28,19900.78,Savings Account,10.5599,medium
Customer B,2019-12-28,31380.69,SSE and HSBC stock,28.0845,low
Customer A,2019-12-29,19901.87,Savings Account,10.566,medium
Customer B,2019-12-29,31384.95,SSE and HSBC stock,28.1019,low
Customer A,2019-12-30,19902.97,Savings Account,10.5721,medium
Customer B,2019-12-30,31389.22,SSE and HSBC stock,28.1192,low
Customer A,2019-12-31,19904.07,Savings Account,10.5781,medium
Customer B,2019-12-31,31393.48,SSE and HSBC stock,28.1366,low
Customer A,2020-01-01,19902.98,Savings Account,10.5721,medium
Customer B,2020-01-01,31394.3,SSE and HSBC stock,28.14,low
Customer A,2020-01-02,19901.9,Savings Account,10.5661,medium
Customer B,2020-01-02,31395.12,SSE and HSBC stock,28.1434,low
Customer A,2020-01-03,19900.81,Savings Account,10.5601,medium
Customer B,2020-01-03,31395.94,SSE and HSBC stock,28.1467,low
Customer A,2020-01-04,19899.73,Savings Account,10.554,medium
Customer B,2020-01-04,31396.77,SSE and HSBC stock,28.1501,low
Customer A,2020-01-05,19898.64,Savings Account,10.548,medium
Customer B,2020-01-05,31397.59,SSE and HSBC stock,28.1534,low
Customer A,2020-01-06,19897.56,Savings Account,10.542,medium
Customer B,2020-01-06,31398.41,SSE and HSBC stock,28.1568,low
Customer A,2020-01-07,19896.47,Savings Account,10.536,medium
Customer B,2020-01-07,31399.23,SSE and HSBC stock,28.1601,low
Customer A,2020-01-08,19895.39,Savings Account,10.5299,medium
Customer B,2020-01-08,31400.06,SSE and HSBC stock,28.1635,low
Customer A,2020-01-09,19894.3,Savings Account,10.5239,medium
Customer B,2020-01-09,31400.88,SSE and HSBC stock,28.1668,low
Customer A,2020-01-10,19893.22,Savings Account,10.5179,medium
Customer B,2020-01-10,31401.7,SSE and HSBC stock,28.1702,low
Customer A,2020-01-11,19892.13,Savings Account,10.5118,medium
Customer B,2020-01-11,31402.52,SSE and HSBC stock,28.1736,low
Customer A,2020-01-12,19891.05,Savings Account,10.5058,medium
Customer B,2020-01-12,31403.34,SSE and HSBC stock,28.1769,low
Customer A,2020-01-13,19889.96,Savings Account,10.4998,medium
Customer B,2020-01-13,31404.17,SSE and HSBC stock,28.1803,low
Customer A,2020-01-14,19888.88,Savings Account,10.4938,medium
Customer B,2020-01-14,31404.99,SSE and HSBC stock,28.1836,low
Customer A,2020-01-15,19887.8,Savings Account,10.4878,medium
Customer B,2020-01-15,31405.81,SSE and HSBC stock,28.187,low
Customer A,2020-01-16,19886.71,Savings Account,10.4817,medium
Customer B,2020-01-16,31406.63,SSE and HSBC stock,28.1903,low
Customer A,2020-01-17,19885.63,Savings Account,10.4757,medium
Customer B,2020-01-17,31407.46,SSE and HSBC stock,28.1937,low
Customer A,2020-01-18,19884.54,Savings Account,10.4697,medium
Customer B,2020-01-18,31408.28,SSE and HSBC stock,28.1971,low
Customer A,2020-01-19,19883.46,Savings Account,10.4637,medium
Customer B,2020-01-19,31409.1,SSE and HSBC stock,28.2004,low
Customer A,2020-01-20,19882.37,Savings Account,10.4576,medium
Customer B,2020-01-20,31409.92,SSE and HSBC stock,28.2038,low
Customer A,2020-01-21,19881.29,Savings Account,10.4516,medium
Customer B,2020-01-21,31410.75,SSE and HSBC stock,28.2071,low
Customer A,2020-01-22,19880.21,Savings Account,10.4456,medium
Customer B,2020-01-22,31411.57,SSE and HSBC stock,28.2105,low
Customer A,2020-01-23,19879.12,Savings Account,10.4396,medium
Customer B,2020-01-23,31412.39,SSE and HSBC stock,28.2138,low
Customer A,2020-01-24,19878.04,Savings Account,10.4335,medium
Customer B,2020-01-24,31413.21,SSE and HSBC stock,28.2172,low
Customer A,2020-01-25,19876.95,Savings Account,10.4275,medium
Customer B,2020-01-25,31414.04,SSE and HSBC stock,28.2206,low
Customer A,2020-01-26,19875.87,Savings Account,10.4215,medium
Customer B,2020-01-26,31414.86,SSE and HSBC stock,28.2239,low
Customer A,2020-01-27,19874.79,Savings Account,10.4155,medium
Customer B,2020-01-27,31415.68,SSE and HSBC stock,28.2273,low
Customer A,2020-01-28,19873.7,Savings Account,10.4095,medium
Customer B,2020-01-28,31416.51,SSE and HSBC stock,28.2306,low
Customer A,2020-01-29,19872.62,Savings Account,10.4034,medium
Customer B,2020-01-29,31417.33,SSE and HSBC stock,28.234,low
Customer A,2020-01-30,19871.54,Savings Account,10.3974,medium
Customer B,2020-01-30,31418.15,SSE and HSBC stock,28.2373,low
Customer A,2020-01-31,19870.45,Savings Account,10.3914,medium
Customer B,2020-01-31,31418.97,SSE and HSBC stock,28.2407,low
Customer A,2020-02-01,19869.37,Savings Account,10.3854,medium
Customer B,2020-02-01,31419.8,SSE and HSBC stock,28.2441,low
Customer A,2020-02-02,19868.29,Savings Account,10.3794,medium
Customer B,2020-02-02,31420.62,SSE and HSBC stock,28.2474,low
Customer A,2020-02-03,19867.2,Savings Account,10.3734,medium
Customer B,2020-02-03,31421.44,SSE and HSBC stock,28.2508,low
Customer A,2020-02-04,19866.12,Savings Account,10.3673,medium
Customer B,2020-02-04,31422.26,SSE and HSBC stock,28.2541,low
Customer A,2020-02-05,19865.04,Savings Account,10.3613,medium
Customer B,2020-02-05,31423.09,SSE and HSBC stock,28.2575,low
Customer A,2020-02-06,19863.95,Savings Account,10.3553,medium
Customer B,2020-02-06,31423.91,SSE and HSBC stock,28.2609,low
Customer A,2020-02-07,19862.87,Savings Account,10.3493,medium
Customer B,2020-02-07,31424.73,SSE and HSBC stock,28.2642,low
Customer A,2020-02-08,19861.79,Savings Account,10.3433,medium
Customer B,2020-02-08,31425.56,SSE and HSBC stock,28.2676,low
Customer A,2020-02-09,19860.71,Savings Account,10.3373,medium
Customer B,2020-02-09,31426.38,SSE and HSBC stock,28.2709,low
Customer A,2020-02-10,19859.62,Savings Account,10.3312,medium
Customer B,2020-02-10,31427.2,SSE and HSBC stock,28.2743,low
Customer A,2020-02-11,19858.54,Savings Account,10.3252,medium
Customer B,2020-02-11,31428.03,SSE and HSBC stock,28.2777,low
Customer A,2020-02-12,19857.46,Savings Account,10.3192,medium
Customer B,2020-02-12,31428.85,SSE and HSBC stock,28.281,low
Customer A,2020-02-13,19856.37,Savings Account,10.3132,medium
Customer B,2020-02-13,31429.67,SSE and HSBC stock,28.2844,low
Customer A,2020-02-14,19855.29,Savings Account,10.3072,medium
Customer B,2020-02-14,31430.49,SSE and HSBC stock,28.2877,low
Customer A,2020-02-15,19854.21,Savings Account,10.3012,medium
Customer B,2020-02-15,31431.32,SSE and HSBC stock,28.2911,low
Customer A,2020-02-16,19853.13,Savings Account,10.2951,medium
Customer B,2020-02-16,31432.14,SSE and HSBC stock,28.2945,low
Customer A,2020-02-17,19852.04,Savings Account,10.2891,medium
Customer B,2020-02-17,31432.96,SSE and HSBC stock,28.2978,low
Customer A,2020-02-18,19850.96,Savings Account,10.2831,medium
Customer B,2020-02-18,31433.79,SSE and HSBC stock,28.3012,low
Customer A,2020-02-19,19849.88,Savings Account,10.2771,medium
Customer B,2020-02-19,31434.61,SSE and HSBC stock,28.3045,low
Customer A,2020-02-20,19848.8,Savings Account,10.2711,medium
Customer B,2020-02-20,31435.43,SSE and HSBC stock,28.3079,low
Customer A,2020-02-21,19847.72,Savings Account,10.2651,medium
Customer B,2020-02-21,31436.26,SSE and HSBC stock,28.3113,low
Customer A,2020-02-22,19846.63,Savings Account,10.2591,medium
Customer B,2020-02-22,31437.08,SSE and HSBC stock,28.3146,low
Customer A,2020-02-23,19845.55,Savings Account,10.2531,medium
Customer B,2020-02-23,31437.9,SSE and HSBC stock,28.318,low
Customer A,2020-02-24,19844.47,Savings Account,10.2471,medium
Customer B,2020-02-24,31438.73,SSE and HSBC stock,28.3213,low
Customer A,2020-02-25,19843.39,Savings Account,10.241,medium
Customer B,2020-02-25,31439.55,SSE and HSBC stock,28.3247,low
Customer A,2020-02-26,19842.31,Savings Account,10.235,medium
Customer B,2020-02-26,31440.37,SSE and HSBC stock,28.3281,low
Customer A,2020-02-27,19841.22,Savings Account,10.229,medium
Customer B,2020-02-27,31441.2,SSE and HSBC stock,28.3314,low
Customer A,2020-02-28,19840.14,Savings Account,10.223,medium
Customer B,2020-02-28,31442.02,SSE and HSBC stock,28.3348,low
Customer A,2020-02-29,19839.06,Savings Account,10.217,medium
Customer B,2020-02-29,31442.84,SSE and HSBC stock,28.3381,low
Customer A,2020-03-01,19837.98,Savings Account,10.211,medium
Customer B,2020-03-01,31443.67,SSE and HSBC stock,28.3415,low
Customer A,2020-03-02,19836.9,Savings Account,10.205,medium
Customer B,2020-03-02,31444.49,SSE and HSBC stock,28.3449,low
Customer A,2020-03-03,19835.82,Savings Account,10.199,medium
Customer B,2020-03-03,31445.31,SSE and HSBC stock,28.3482,low
Customer A,2020-03-04,19834.73,Savings Account,10.193,medium
Customer B,2020-03-04,31446.14,SSE and HSBC stock,28.3516,low
Customer A,2020-03-05,19833.65,Savings Account,10.187,medium
Customer B,2020-03-05,31446.96,SSE and HSBC stock,28.3549,low
Customer A,2020-03-06,19832.57,Savings Account,10.181,medium
Customer B,2020-03-06,31447.78,SSE and HSBC stock,28.3583,low
Customer A,2020-03-07,19831.49,Savings Account,10.1749,medium
Customer B,2020-03-07,31448.61,SSE and HSBC stock,28.3617,low
Customer A,2020-03-08,19830.41,Savings Account,10.1689,medium
Customer B,2020-03-08,31449.43,SSE and HSBC stock,28.365,low
Customer A,2020-03-09,19829.33,Savings Account,10.1629,medium
Customer B,2020-03-09,31450.25,SSE and HSBC stock,28.3684,low
Customer A,2020-03-10,19828.25,Savings Account,10.1569,medium
Customer B,2020-03-10,31451.08,SSE and HSBC stock,28.3717,low
Customer A,2020-03-11,19827.17,Savings Account,10.1509,medium
Customer B,2020-03-11,31451.9,SSE and HSBC stock,28.3751,low
Customer A,2020-03-12,19826.08,Savings Account,10.1449,medium
Customer B,2020-03-12,31452.73,SSE and HSBC stock,28.3785,low
Customer A,2020-03-13,19825.0,Savings Account,10.1389,medium
Customer B,2020-03-13,31453.55,SSE and HSBC stock,28.3818,low
Customer A,2020-03-14,19823.92,Savings Account,10.1329,medium
Customer B,2020-03-14,31454.37,SSE and HSBC stock,28.3852,low
Customer A,2020-03-15,19822.84,Savings Account,10.1269,medium
Customer B,2020-03-15,31455.2,SSE and HSBC stock,28.3886,low
Customer A,2020-03-16,19821.76,Savings Account,10.1209,medium
Customer B,2020-03-16,31456.02,SSE and HSBC stock,28.3919,low
Customer A,2020-03-17,19820.68,Savings Account,10.1149,medium
Customer B,2020-03-17,31456.84,SSE and HSBC stock,28.3953,low
Customer A,2020-03-18,19819.6,Savings Account,10.1089,medium
Customer B,2020-03-18,31457.67,SSE and HSBC stock,28.3986,low
Customer A,2020-03-19,19818.52,Savings Account,10.1029,medium
Customer B,2020-03-19,31458.49,SSE and HSBC stock,28.402,low
Customer A,2020-03-20,19817.44,Savings Account,10.0969,medium
Customer B,2020-03-20,31459.32,SSE and HSBC stock,28.4054,low
Customer A,2020-03-21,19816.36,Savings Account,10.0909,medium
Customer B,2020-03-21,31460.14,SSE and HSBC stock,28.4087,low
Customer A,2020-03-22,19815.28,Savings Account,10.0849,medium
Customer B,2020-03-22,31460.96,SSE and HSBC stock,28.4121,low
Customer A,2020-03-23,19814.2,Savings Account,10.0789,medium
Customer B,2020-03-23,31461.79,SSE and HSBC stock,28.4155,low
Customer A,2020-03-24,19813.12,Savings Account,10.0729,medium
Customer B,2020-03-24,31462.61,SSE and HSBC stock,28.4188,low
Customer A,2020-03-25,19812.04,Savings Account,10.0669,medium
Customer B,2020-03-25,31463.43,SSE and HSBC stock,28.4222,low
Customer A,2020-03-26,19810.96,Savings Account,10.0609,medium
Customer B,2020-03-26,31464.26,SSE and HSBC stock,28.4255,low
Customer A,2020-03-27,19809.88,Savings Account,10.0549,medium
Customer B,2020-03-27,31465.08,SSE and HSBC stock,28.4289,low
Customer A,2020-03-28,19808.8,Savings Account,10.0489,medium
Customer B,2020-03-28,31465.91,SSE and HSBC stock,28.4323,low
Customer A,2020-03-29,19807.72,Savings Account,10.0429,medium
Customer B,2020-03-29,31466.73,SSE and HSBC stock,28.4356,low
Customer A,2020-03-30,19806.64,Savings Account,10.0369,medium
Customer B,2020-03-30,31467.55,SSE and HSBC stock,28.439,low
Customer A,2020-03-31,19805.56,Savings Account,10.0309,medium
Customer B,2020-03-31,31468.38,SSE and HSBC stock,28.4424,low
Customer A,2020-04-01,19804.48,Savings Account,10.0249,medium
Customer B,2020-04-01,31469.2,SSE and HSBC stock,28.4457,low
Customer A,2020-04-02,19803.4,Savings Account,10.0189,medium
Customer B,2020-04-02,31470.03,SSE and HSBC stock,28.4491,low
Customer A,2020-04-03,19802.32,Savings Account,10.0129,medium
Customer B,2020-04-03,31470.85,SSE and HSBC stock,28.4525,low
Customer A,2020-04-04,19801.24,Savings Account,10.0069,medium
Customer B,2020-04-04,31471.67,SSE and HSBC stock,28.4558,low
Customer A,2020-04-05,19800.16,Savings Account,10.0009,medium
Customer B,2020-04-05,31472.5,SSE and HSBC stock,28.4592,low
Customer A,2020-04-06,19799.08,Savings Account,9.9949,medium
Customer B,2020-04-06,31473.32,SSE and HSBC stock,28.4625,low
Customer A,2020-04-07,19798.0,Savings Account,9.9889,medium
Customer B,2020-04-07,31474.15,SSE and HSBC stock,28.4659,low
Customer A,2020-04-08,19796.92,Savings Account,9.9829,medium
Customer B,2020-04-08,31474.97,SSE and HSBC stock,28.4693,low
Customer A,2020-04-09,19795.84,Savings Account,9.9769,medium
Customer B,2020-04-09,31475.8,SSE and HSBC stock,28.4726,low
Customer A,2020-04-10,19794.76,Savings Account,9.9709,medium
Customer B,2020-04-10,31476.62,SSE and HSBC stock,28.476,low
Customer A,2020-04-11,19793.68,Savings Account,9.9649,medium
Customer B,2020-04-11,31477.44,SSE and HSBC stock,28.4794,low
Customer A,2020-04-12,19792.6,Savings Account,9.9589,medium
Customer B,2020-04-12,31478.27,SSE and HSBC stock,28.4827,low
Customer A,2020-04-13,19791.52,Savings Account,9.9529,medium
Customer B,2020-04-13,31479.09,SSE and HSBC stock,28.4861,low
Customer A,2020-04-14,19790.44,Savings Account,9.9469,medium
Customer B,2020-04-14,31479.92,SSE and HSBC stock,28.4895,low
Customer A,2020-04-15,19789.37,Savings Account,9.9409,medium
Customer B,2020-04-15,31480.74,SSE and HSBC stock,28.4928,low
Customer A,2020-04-16,19788.29,Savings Account,9.9349,medium
Customer B,2020-04-16,31481.57,SSE and HSBC stock,28.4962,low
Customer A,2020-04-17,19787.21,Savings Account,9.9289,medium
Customer B,2020-04-17,31482.39,SSE and HSBC stock,28.4996,low
Customer A,2020-04-18,19786.13,Savings Account,9.9229,medium
Customer B,2020-04-18,31483.22,SSE and HSBC stock,28.5029,low
Customer A,2020-04-19,19785.05,Savings Account,9.9169,medium
Customer B,2020-04-19,31484.04,SSE and HSBC stock,28.5063,low
Customer A,2020-04-20,19783.97,Savings Account,9.911,medium
Customer B,2020-04-20,31484.86,SSE and HSBC stock,28.5096,low
Customer A,2020-04-21,19782.89,Savings Account,9.905,medium
Customer B,2020-04-21,31485.69,SSE and HSBC stock,28.513,low
Customer A,2020-04-22,19781.81,Savings Account,9.899,medium
Customer B,2020-04-22,31486.51,SSE and HSBC stock,28.5164,low
Customer A,2020-04-23,19780.74,Savings Account,9.893,medium
Customer B,2020-04-23,31487.34,SSE and HSBC stock,28.5197,low
Customer A,2020-04-24,19779.66,Savings Account,9.887,medium
Customer B,2020-04-24,31488.16,SSE and HSBC stock,28.5231,low
Customer A,2020-04-25,19778.58,Savings Account,9.881,medium
Customer B,2020-04-25,31488.99,SSE and HSBC stock,28.5265,low
Customer A,2020-04-26,19777.5,Savings Account,9.875,medium
Customer B,2020-04-26,31489.81,SSE and HSBC stock,28.5298,low
Customer A,2020-04-27,19776.42,Savings Account,9.869,medium
Customer B,2020-04-27,31490.64,SSE and HSBC stock,28.5332,low
Customer A,2020-04-28,19775.34,Savings Account,9.863,medium
Customer B,2020-04-28,31491.46,SSE and HSBC stock,28.5366,low
Customer A,2020-04-29,19774.27,Savings Account,9.857,medium
Customer B,2020-04-29,31492.29,SSE and HSBC stock,28.5399,low
Customer A,2020-04-30,19773.19,Savings Account,9.851,medium
Customer B,2020-04-30,31493.11,SSE and HSBC stock,28.5433,low
Customer A,2020-05-01,19772.11,Savings Account,9.8451,medium
Customer B,2020-05-01,31493.93,SSE and HSBC stock,28.5467,low
Customer A,2020-05-02,19771.03,Savings Account,9.8391,medium
Customer B,2020-05-02,31494.76,SSE and HSBC stock,28.55,low
Customer A,2020-05-03,19769.95,Savings Account,9.8331,medium
Customer B,2020-05-03,31495.58,SSE and HSBC stock,28.5534,low
Customer A,2020-05-04,19768.88,Savings Account,9.8271,medium
Customer B,2020-05-04,31496.41,SSE and HSBC stock,28.5568,low
Customer A,2020-05-05,19767.8,Savings Account,9.8211,medium
Customer B,2020-05-05,31497.23,SSE and HSBC stock,28.5601,low
Customer A,2020-05-06,19766.72,Savings Account,9.8151,medium
Customer B,2020-05-06,31498.06,SSE and HSBC stock,28.5635,low
Customer A,2020-05-07,19765.64,Savings Account,9.8091,medium
Customer B,2020-05-07,31498.88,SSE and HSBC stock,28.5669,low
Customer A,2020-05-08,19764.57,Savings Account,9.8031,medium
Customer B,2020-05-08,31499.71,SSE and HSBC stock,28.5702,low
Customer A,2020-05-09,19763.49,Savings Account,9.7972,medium
Customer B,2020-05-09,31500.53,SSE and HSBC stock,28.5736,low
Customer A,2020-05-10,19762.41,Savings Account,9.7912,medium
Customer B,2020-05-10,31501.36,SSE and HSBC stock,28.577,low
Customer A,2020-05-11,19761.33,Savings Account,9.7852,medium
Customer B,2020-05-11,31502.18,SSE and HSBC stock,28.5803,low
Customer A,2020-05-12,19760.26,Savings Account,9.7792,medium
Customer B,2020-05-12,31503.01,SSE and HSBC stock,28.5837,low
Customer A,2020-05-13,19759.18,Savings Account,9.7732,medium
Customer B,2020-05-13,31503.83,SSE and HSBC stock,28.5871,low
Customer A,2020-05-14,19758.1,Savings Account,9.7672,medium
Customer B,2020-05-14,31504.66,SSE and HSBC stock,28.5904,low
Customer A,2020-05-15,19757.02,Savings Account,9.7612,medium
Customer B,2020-05-15,31505.48,SSE and HSBC stock,28.5938,low
Customer A,2020-05-16,19755.95,Savings Account,9.7553,medium
Customer B,2020-05-16,31506.31,SSE and HSBC stock,28.5972,low
Customer A,2020-05-17,19754.87,Savings Account,9.7493,medium
Customer B,2020-05-17,31507.13,SSE and HSBC stock,28.6005,low
Customer A,2020-05-18,19753.79,Savings Account,9.7433,medium
Customer B,2020-05-18,31507.96,SSE and HSBC stock,28.6039,low
Customer A,2020-05-19,19752.72,Savings Account,9.7373,medium
Customer B,2020-05-19,31508.78,SSE and HSBC stock,28.6073,low
Customer A,2020-05-20,19751.64,Savings Account,9.7313,medium
Customer B,2020-05-20,31509.61,SSE and HSBC stock,28.6106,low
Customer A,2020-05-21,19750.56,Savings Account,9.7253,medium
Customer B,2020-05-21,31510.43,SSE and HSBC stock,28.614,low
Customer A,2020-05-22,19749.48,Savings Account,9.7194,medium
Customer B,2020-05-22,31511.26,SSE and HSBC stock,28.6174,low
Customer A,2020-05-23,19748.41,Savings Account,9.7134,medium
Customer B,2020-05-23,31512.08,SSE and HSBC stock,28.6208,low
Customer A,2020-05-24,19747.33,Savings Account,9.7074,medium
Customer B,2020-05-24,31512.91,SSE and HSBC stock,28.6241,low
Customer A,2020-05-25,19746.25,Savings Account,9.7014,medium
Customer B,2020-05-25,31513.73,SSE and HSBC stock,28.6275,low
Customer A,2020-05-26,19745.18,Savings Account,9.6954,medium
Customer B,2020-05-26,31514.56,SSE and HSBC stock,28.6309,low
Customer A,2020-05-27,19744.1,Savings Account,9.6895,medium
Customer B,2020-05-27,31515.39,SSE and HSBC stock,28.6342,low
Customer A,2020-05-28,19743.03,Savings Account,9.6835,medium
Customer B,2020-05-28,31516.21,SSE and HSBC stock,28.6376,low
Customer A,2020-05-29,19741.95,Savings Account,9.6775,medium
Customer B,2020-05-29,31517.04,SSE and HSBC stock,28.641,low
Customer A,2020-05-30,19740.87,Savings Account,9.6715,medium
Customer B,2020-05-30,31517.86,SSE and HSBC stock,28.6443,low
Customer A,2020-05-31,19739.8,Savings Account,9.6655,medium
Customer B,2020-05-31,31518.69,SSE and HSBC stock,28.6477,low
Customer A,2020-06-01,19738.72,Savings Account,9.6596,medium
Customer B,2020-06-01,31519.51,SSE and HSBC stock,28.6511,low
Customer A,2020-06-02,19737.64,Savings Account,9.6536,medium
Customer B,2020-06-02,31520.34,SSE and HSBC stock,28.6544,low
Customer A,2020-06-03,19736.57,Savings Account,9.6476,medium
Customer B,2020-06-03,31521.16,SSE and HSBC stock,28.6578,low
Customer A,2020-06-04,19735.49,Savings Account,9.6416,medium
Customer B,2020-06-04,31521.99,SSE and HSBC stock,28.6612,low
Customer A,2020-06-05,19734.42,Savings Account,9.6356,medium
Customer B,2020-06-05,31522.81,SSE and HSBC stock,28.6645,low
Customer A,2020-06-06,19733.34,Savings Account,9.6297,medium
Customer B,2020-06-06,31523.64,SSE and HSBC stock,28.6679,low
Customer A,2020-06-07,19732.26,Savings Account,9.6237,medium
Customer B,2020-06-07,31524.46,SSE and HSBC stock,28.6713,low
Customer A,2020-06-08,19731.19,Savings Account,9.6177,medium
Customer B,2020-06-08,31525.29,SSE and HSBC stock,28.6747,low
Customer A,2020-06-09,19730.11,Savings Account,9.6117,medium
Customer B,2020-06-09,31526.12,SSE and HSBC stock,28.678,low
Customer A,2020-06-10,19729.04,Savings Account,9.6058,medium
Customer B,2020-06-10,31526.94,SSE and HSBC stock,28.6814,low
Customer A,2020-06-11,19727.96,Savings Account,9.5998,medium
Customer B,2020-06-11,31527.77,SSE and HSBC stock,28.6848,low
Customer A,2020-06-12,19726.89,Savings Account,9.5938,medium
Customer B,2020-06-12,31528.59,SSE and HSBC stock,28.6881,low
Customer A,2020-06-13,19725.81,Savings Account,9.5878,medium
Customer B,2020-06-13,31529.42,SSE and HSBC stock,28.6915,low
Customer A,2020-06-14,19724.73,Savings Account,9.5819,medium
Customer B,2020-06-14,31530.24,SSE and HSBC stock,28.6949,low
Customer A,2020-06-15,19723.66,Savings Account,9.5759,medium
Customer B,2020-06-15,31531.07,SSE and HSBC stock,28.6982,low
Customer A,2020-06-16,19722.58,Savings Account,9.5699,medium
Customer B,2020-06-16,31531.9,SSE and HSBC stock,28.7016,low
Customer A,2020-06-17,19721.51,Savings Account,9.5639,medium
Customer B,2020-06-17,31532.72,SSE and HSBC stock,28.705,low
Customer A,2020-06-18,19720.43,Savings Account,9.558,medium
Customer B,2020-06-18,31533.55,SSE and HSBC stock,28.7084,low
Customer A,2020-06-19,19719.36,Savings Account,9.552,medium
Customer B,2020-06-19,31534.37,SSE and HSBC stock,28.7117,low
Customer A,2020-06-20,19718.28,Savings Account,9.546,medium
Customer B,2020-06-20,31535.2,SSE and HSBC stock,28.7151,low
Customer A,2020-06-21,19717.21,Savings Account,9.54,medium
Customer B,2020-06-21,31536.02,SSE and HSBC stock,28.7185,low
Customer A,2020-06-22,19716.13,Savings Account,9.5341,medium
Customer B,2020-06-22,31536.85,SSE and HSBC stock,28.7218,low
Customer A,2020-06-23,19715.06,Savings Account,9.5281,medium
Customer B,2020-06-23,31537.68,SSE and HSBC stock,28.7252,low
Customer A,2020-06-24,19713.98,Savings Account,9.5221,medium
Customer B,2020-06-24,31538.5,SSE and HSBC stock,28.7286,low
Customer A,2020-06-25,19712.91,Savings Account,9.5162,medium
Customer B,2020-06-25,31539.33,SSE and HSBC stock,28.7319,low
Customer A,2020-06-26,19711.83,Savings Account,9.5102,medium
Customer B,2020-06-26,31540.15,SSE and HSBC stock,28.7353,low
Customer A,2020-06-27,19710.76,Savings Account,9.5042,medium
Customer B,2020-06-27,31540.98,SSE and HSBC stock,28.7387,low
Customer A,2020-06-28,19709.68,Savings Account,9.4982,medium
Customer B,2020-06-28,31541.81,SSE and HSBC stock,28.7421,low
Customer A,2020-06-29,19708.61,Savings Account,9.4923,medium
Customer B,2020-06-29,31542.63,SSE and HSBC stock,28.7454,low
Customer A,2020-06-30,19707.53,Savings Account,9.4863,medium
Customer B,2020-06-30,31543.46,SSE and HSBC stock,28.7488,low
Customer A,2020-07-01,19706.46,Savings Account,9.4803,medium
Customer B,2020-07-01,31544.28,SSE and HSBC stock,28.7522,low
Customer A,2020-07-02,19705.39,Savings Account,9.4744,medium
Customer B,2020-07-02,31545.11,SSE and HSBC stock,28.7555,low
Customer A,2020-07-03,19704.31,Savings Account,9.4684,medium
Customer B,2020-07-03,31545.94,SSE and HSBC stock,28.7589,low
Customer A,2020-07-04,19703.24,Savings Account,9.4624,medium
Customer B,2020-07-04,31546.76,SSE and HSBC stock,28.7623,low
Customer A,2020-07-05,19702.16,Savings Account,9.4565,medium
Customer B,2020-07-05,31547.59,SSE and HSBC stock,28.7657,low
Customer A,2020-07-06,19701.09,Savings Account,9.4505,medium
Customer B,2020-07-06,31548.41,SSE and HSBC stock,28.769,low
Customer A,2020-07-07,19700.01,Savings Account,9.4445,medium
Customer B,2020-07-07,31549.24,SSE and HSBC stock,28.7724,low
Customer A,2020-07-08,19698.94,Savings Account,9.4386,medium
Customer B,2020-07-08,31550.07,SSE and HSBC stock,28.7758,low
Customer A,2020-07-09,19697.87,Savings Account,9.4326,medium
Customer B,2020-07-09,31550.89,SSE and HSBC stock,28.7792,low
Customer A,2020-07-10,19696.79,Savings Account,9.4266,medium
Customer B,2020-07-10,31551.72,SSE and HSBC stock,28.7825,low
Customer A,2020-07-11,19695.72,Savings Account,9.4207,medium
Customer B,2020-07-11,31552.55,SSE and HSBC stock,28.7859,low
Customer A,2020-07-12,19694.65,Savings Account,9.4147,medium
Customer B,2020-07-12,31553.37,SSE and HSBC stock,28.7893,low
Customer A,2020-07-13,19693.57,Savings Account,9.4087,medium
Customer B,2020-07-13,31554.2,SSE and HSBC stock,28.7926,low
Customer A,2020-07-14,19692.5,Savings Account,9.4028,medium
Customer B,2020-07-14,31555.02,SSE and HSBC stock,28.796,low
Customer A,2020-07-15,19691.42,Savings Account,9.3968,medium
Customer B,2020-07-15,31555.85,SSE and HSBC stock,28.7994,low
Customer A,2020-07-16,19690.35,Savings Account,9.3908,medium
Customer B,2020-07-16,31556.68,SSE and HSBC stock,28.8028,low
Customer A,2020-07-17,19689.28,Savings Account,9.3849,medium
Customer B,2020-07-17,31557.5,SSE and HSBC stock,28.8061,low
Customer A,2020-07-18,19688.2,Savings Account,9.3789,medium
Customer B,2020-07-18,31558.33,SSE and HSBC stock,28.8095,low
Customer A,2020-07-19,19687.13,Savings Account,9.3729,medium
Customer B,2020-07-19,31559.16,SSE and HSBC stock,28.8129,low
Customer A,2020-07-20,19686.06,Savings Account,9.367,medium
Customer B,2020-07-20,31559.98,SSE and HSBC stock,28.8163,low
Customer A,2020-07-21,19684.98,Savings Account,9.361,medium
Customer B,2020-07-21,31560.81,SSE and HSBC stock,28.8196,low
Customer A,2020-07-22,19683.91,Savings Account,9.3551,medium
Customer B,2020-07-22,31561.64,SSE and HSBC stock,28.823,low
Customer A,2020-07-23,19682.84,Savings Account,9.3491,medium
Customer B,2020-07-23,31562.46,SSE and HSBC stock,28.8264,low
Customer A,2020-07-24,19681.76,Savings Account,9.3431,medium
Customer B,2020-07-24,31563.29,SSE and HSBC stock,28.8297,low
Customer A,2020-07-25,19680.69,Savings Account,9.3372,medium
Customer B,2020-07-25,31564.11,SSE and HSBC stock,28.8331,low
Customer A,2020-07-26,19679.62,Savings Account,9.3312,medium
Customer B,2020-07-26,31564.94,SSE and HSBC stock,28.8365,low
Customer A,2020-07-27,19678.54,Savings Account,9.3252,medium
Customer B,2020-07-27,31565.77,SSE and HSBC stock,28.8399,low
Customer A,2020-07-28,19677.47,Savings Account,9.3193,medium
Customer B,2020-07-28,31566.59,SSE and HSBC stock,28.8432,low
Customer A,2020-07-29,19676.4,Savings Account,9.3133,medium
Customer B,2020-07-29,31567.42,SSE and HSBC stock,28.8466,low
Customer A,2020-07-30,19675.33,Savings Account,9.3074,medium
Customer B,2020-07-30,31568.25,SSE and HSBC stock,28.85,low
Customer A,2020-07-31,19674.25,Savings Account,9.3014,medium
Customer B,2020-07-31,31569.07,SSE and HSBC stock,28.8534,low
Customer A,2020-08-01,19673.18,Savings Account,9.2955,medium
Customer B,2020-08-01,31569.9,SSE and HSBC stock,28.8567,low
Customer A,2020-08-02,19672.11,Savings Account,9.2895,medium
Customer B,2020-08-02,31570.73,SSE and HSBC stock,28.8601,low
Customer A,2020-08-03,19671.04,Savings Account,9.2835,medium
Customer B,2020-08-03,31571.55,SSE and HSBC stock,28.8635,low
Customer A,2020-08-04,19669.96,Savings Account,9.2776,medium
Customer B,2020-08-04,31572.38,SSE and HSBC stock,28.8669,low
Customer A,2020-08-05,19668.89,Savings Account,9.2716,medium
Customer B,2020-08-05,31573.21,SSE and HSBC stock,28.8702,low
Customer A,2020-08-06,19667.82,Savings Account,9.2657,medium
Customer B,2020-08-06,31574.04,SSE and HSBC stock,28.8736,low
Customer A,2020-08-07,19666.75,Savings Account,9.2597,medium
Customer B,2020-08-07,31574.86,SSE and HSBC stock,28.877,low
Customer A,2020-08-08,19665.67,Savings Account,9.2537,medium
Customer B,2020-08-08,31575.69,SSE and HSBC stock,28.8804,low
Customer A,2020-08-09,19664.6,Savings Account,9.2478,medium
Customer B,2020-08-09,31576.52,SSE and HSBC stock,28.8837,low
Customer A,2020-08-10,19663.53,Savings Account,9.2418,medium
Customer B,2020-08-10,31577.34,SSE and HSBC stock,28.8871,low
Customer A,2020-08-11,19662.46,Savings Account,9.2359,medium
Customer B,2020-08-11,31578.17,SSE and HSBC stock,28.8905,low
Customer A,2020-08-12,19661.39,Savings Account,9.2299,medium
Customer B,2020-08-12,31579.0,SSE and HSBC stock,28.8939,low
Customer A,2020-08-13,19660.31,Savings Account,9.224,medium
Customer B,2020-08-13,31579.82,SSE and HSBC stock,28.8972,low
Customer A,2020-08-14,19659.24,Savings Account,9.218,medium
Customer B,2020-08-14,31580.65,SSE and HSBC stock,28.9006,low
Customer A,2020-08-15,19658.17,Savings Account,9.2121,medium
Customer B,2020-08-15,31581.48,SSE and HSBC stock,28.904,low
Customer A,2020-08-16,19657.1,Savings Account,9.2061,medium
Customer B,2020-08-16,31582.3,SSE and HSBC stock,28.9074,low
Customer A,2020-08-17,19656.03,Savings Account,9.2001,medium
Customer B,2020-08-17,31583.13,SSE and HSBC stock,28.9107,low
Customer A,2020-08-18,19654.95,Savings Account,9.1942,medium
Customer B,2020-08-18,31583.96,SSE and HSBC stock,28.9141,low
Customer A,2020-08-19,19653.88,Savings Account,9.1882,medium
Customer B,2020-08-19,31584.79,SSE and HSBC stock,28.9175,low
Customer A,2020-08-20,19652.81,Savings Account,9.1823,medium
Customer B,2020-08-20,31585.61,SSE and HSBC stock,28.9209,low
Customer A,2020-08-21,19651.74,Savings Account,9.1763,medium
Customer B,2020-08-21,31586.44,SSE and HSBC stock,28.9242,low
Customer A,2020-08-22,19650.67,Savings Account,9.1704,medium
Customer B,2020-08-22,31587.27,SSE and HSBC stock,28.9276,low
Customer A,2020-08-23,19649.6,Savings Account,9.1644,medium
Customer B,2020-08-23,31588.09,SSE and HSBC stock,28.931,low
Customer A,2020-08-24,19648.53,Savings Account,9.1585,medium
Customer B,2020-08-24,31588.92,SSE and HSBC stock,28.9344,low
Customer A,2020-08-25,19647.45,Savings Account,9.1525,medium
Customer B,2020-08-25,31589.75,SSE and HSBC stock,28.9378,low
Customer A,2020-08-26,19646.38,Savings Account,9.1466,medium
Customer B,2020-08-26,31590.58,SSE and HSBC stock,28.9411,low
Customer A,2020-08-27,19645.31,Savings Account,9.1406,medium
Customer B,2020-08-27,31591.4,SSE and HSBC stock,28.9445,low
Customer A,2020-08-28,19644.24,Savings Account,9.1347,medium
Customer B,2020-08-28,31592.23,SSE and HSBC stock,28.9479,low
Customer A,2020-08-29,19643.17,Savings Account,9.1287,medium
Customer B,2020-08-29,31593.06,SSE and HSBC stock,28.9513,low
Customer A,2020-08-30,19642.1,Savings Account,9.1228,medium
Customer B,2020-08-30,31593.89,SSE and HSBC stock,28.9546,low
Customer A,2020-08-31,19641.03,Savings Account,9.1168,medium
Customer B,2020-08-31,31594.71,SSE and HSBC stock,28.958,low
Customer A,2020-09-01,19639.96,Savings Account,9.1109,medium
Customer B,2020-09-01,31595.54,SSE and HSBC stock,28.9614,low
Customer A,2020-09-02,19638.89,Savings Account,9.1049,medium
Customer B,2020-09-02,31596.37,SSE and HSBC stock,28.9648,low
Customer A,2020-09-03,19637.82,Savings Account,9.099,medium
Customer B,2020-09-03,31597.2,SSE and HSBC stock,28.9681,low
Customer A,2020-09-04,19636.75,Savings Account,9.093,medium
Customer B,2020-09-04,31598.02,SSE and HSBC stock,28.9715,low
Customer A,2020-09-05,19635.68,Savings Account,9.0871,medium
Customer B,2020-09-05,31598.85,SSE and HSBC stock,28.9749,low
Customer A,2020-09-06,19634.6,Savings Account,9.0811,medium
Customer B,2020-09-06,31599.68,SSE and HSBC stock,28.9783,low
Customer A,2020-09-07,19633.53,Savings Account,9.0752,medium
Customer B,2020-09-07,31600.51,SSE and HSBC stock,28.9817,low
Customer A,2020-09-08,19632.46,Savings Account,9.0692,medium
Customer B,2020-09-08,31601.33,SSE and HSBC stock,28.985,low
Customer A,2020-09-09,19631.39,Savings Account,9.0633,medium
Customer B,2020-09-09,31602.16,SSE and HSBC stock,28.9884,low
Customer A,2020-09-10,19630.32,Savings Account,9.0573,medium
Customer B,2020-09-10,31602.99,SSE and HSBC stock,28.9918,low
Customer A,2020-09-11,19629.25,Savings Account,9.0514,medium
Customer B,2020-09-11,31603.82,SSE and HSBC stock,28.9952,low
Customer A,2020-09-12,19628.18,Savings Account,9.0455,medium
Customer B,2020-09-12,31604.64,SSE and HSBC stock,28.9985,low
Customer A,2020-09-13,19627.11,Savings Account,9.0395,medium
Customer B,2020-09-13,31605.47,SSE and HSBC stock,29.0019,low
Customer A,2020-09-14,19626.04,Savings Account,9.0336,medium
Customer B,2020-09-14,31606.3,SSE and HSBC stock,29.0053,low
Customer A,2020-09-15,19624.97,Savings Account,9.0276,medium
Customer B,2020-09-15,31607.13,SSE and HSBC stock,29.0087,low
Customer A,2020-09-16,19623.9,Savings Account,9.0217,medium
Customer B,2020-09-16,31607.95,SSE and HSBC stock,29.0121,low
Customer A,2020-09-17,19622.83,Savings Account,9.0157,medium
Customer B,2020-09-17,31608.78,SSE and HSBC stock,29.0154,low
Customer A,2020-09-18,19621.76,Savings Account,9.0098,medium
Customer B,2020-09-18,31609.61,SSE and HSBC stock,29.0188,low
Customer A,2020-09-19,19620.69,Savings Account,9.0038,medium
Customer B,2020-09-19,31610.44,SSE and HSBC stock,29.0222,low
Customer A,2020-09-20,19619.62,Savings Account,8.9979,medium
Customer B,2020-09-20,31611.26,SSE and HSBC stock,29.0256,low
Customer A,2020-09-21,19618.55,Savings Account,8.992,medium
Customer B,2020-09-21,31612.09,SSE and HSBC stock,29.0289,low
Customer A,2020-09-22,19617.48,Savings Account,8.986,medium
Customer B,2020-09-22,31612.92,SSE and HSBC stock,29.0323,low
Customer A,2020-09-23,19616.41,Savings Account,8.9801,medium
Customer B,2020-09-23,31613.75,SSE and HSBC stock,29.0357,low
Customer A,2020-09-24,19615.34,Savings Account,8.9741,medium
Customer B,2020-09-24,31614.58,SSE and HSBC stock,29.0391,low
Customer A,2020-09-25,19614.28,Savings Account,8.9682,medium
Customer B,2020-09-25,31615.4,SSE and HSBC stock,29.0425,low
Customer A,2020-09-26,19613.21,Savings Account,8.9623,medium
Customer B,2020-09-26,31616.23,SSE and HSBC stock,29.0458,low
Customer A,2020-09-27,19612.14,Savings Account,8.9563,medium
Customer B,2020-09-27,31617.06,SSE and HSBC stock,29.0492,low
Customer A,2020-09-28,19611.07,Savings Account,8.9504,medium
Customer B,2020-09-28,31617.89,SSE and HSBC stock,29.0526,low
Customer A,2020-09-29,19610.0,Savings Account,8.9444,medium
Customer B,2020-09-29,31618.72,SSE and HSBC stock,29.056,low
Customer A,2020-09-30,19608.93,Savings Account,8.9385,medium
Customer B,2020-09-30,31619.54,SSE and HSBC stock,29.0594,low
Customer A,2020-10-01,19607.86,Savings Account,8.9326,medium
Customer B,2020-10-01,31620.37,SSE and HSBC stock,29.0627,low
Customer A,2020-10-02,19606.79,Savings Account,8.9266,medium
Customer B,2020-10-02,31621.2,SSE and HSBC stock,29.0661,low
Customer A,2020-10-03,19605.72,Savings Account,8.9207,medium
Customer B,2020-10-03,31622.03,SSE and HSBC stock,29.0695,low
Customer A,2020-10-04,19604.65,Savings Account,8.9147,medium
Customer B,2020-10-04,31622.86,SSE and HSBC stock,29.0729,low
Customer A,2020-10-05,19603.58,Savings Account,8.9088,medium
Customer B,2020-10-05,31623.68,SSE and HSBC stock,29.0763,low
Customer A,2020-10-06,19602.52,Savings Account,8.9029,medium
Customer B,2020-10-06,31624.51,SSE and HSBC stock,29.0796,low
Customer A,2020-10-07,19601.45,Savings Account,8.8969,medium
Customer B,2020-10-07,31625.34,SSE and HSBC stock,29.083,low
Customer A,2020-10-08,19600.38,Savings Account,8.891,medium
Customer B,2020-10-08,31626.17,SSE and HSBC stock,29.0864,low
Customer A,2020-10-09,19599.31,Savings Account,8.8851,medium
Customer B,2020-10-09,31627.0,SSE and HSBC stock,29.0898,low
Customer A,2020-10-10,19598.24,Savings Account,8.8791,medium
Customer B,2020-10-10,31627.83,SSE and HSBC stock,29.0932,low
Customer A,2020-10-11,19597.17,Savings Account,8.8732,medium
Customer B,2020-10-11,31628.65,SSE and HSBC stock,29.0965,low
Customer A,2020-10-12,19596.1,Savings Account,8.8672,medium
Customer B,2020-10-12,31629.48,SSE and HSBC stock,29.0999,low
Customer A,2020-10-13,19595.04,Savings Account,8.8613,medium
Customer B,2020-10-13,31630.31,SSE and HSBC stock,29.1033,low
Customer A,2020-10-14,19593.97,Savings Account,8.8554,medium
Customer B,2020-10-14,31631.14,SSE and HSBC stock,29.1067,low
Customer A,2020-10-15,19592.9,Savings Account,8.8494,medium
Customer B,2020-10-15,31631.97,SSE and HSBC stock,29.1101,low
Customer A,2020-10-16,19591.83,Savings Account,8.8435,medium
Customer B,2020-10-16,31632.79,SSE and HSBC stock,29.1134,low
Customer A,2020-10-17,19590.76,Savings Account,8.8376,medium
Customer B,2020-10-17,31633.62,SSE and HSBC stock,29.1168,low
Customer A,2020-10-18,19589.69,Savings Account,8.8316,medium
Customer B,2020-10-18,31634.45,SSE and HSBC stock,29.1202,low
Customer A,2020-10-19,19588.63,Savings Account,8.8257,medium
Customer B,2020-10-19,31635.28,SSE and HSBC stock,29.1236,low
Customer A,2020-10-20,19587.56,Savings Account,8.8198,medium
Customer B,2020-10-20,31636.11,SSE and HSBC stock,29.127,low
Customer A,2020-10-21,19586.49,Savings Account,8.8138,medium
Customer B,2020-10-21,31636.94,SSE and HSBC stock,29.1304,low
Customer A,2020-10-22,19585.42,Savings Account,8.8079,medium
Customer B,2020-10-22,31637.77,SSE and HSBC stock,29.1337,low
Customer A,2020-10-23,19584.35,Savings Account,8.802,medium
Customer B,2020-10-23,31638.59,SSE and HSBC stock,29.1371,low
Customer A,2020-10-24,19583.29,Savings Account,8.796,medium
Customer B,2020-10-24,31639.42,SSE and HSBC stock,29.1405,low
Customer A,2020-10-25,19582.22,Savings Account,8.7901,medium
Customer B,2020-10-25,31640.25,SSE and HSBC stock,29.1439,low
Customer A,2020-10-26,19581.15,Savings Account,8.7842,medium
Customer B,2020-10-26,31641.08,SSE and HSBC stock,29.1473,low
Customer A,2020-10-27,19580.08,Savings Account,8.7782,medium
Customer B,2020-10-27,31641.91,SSE and HSBC stock,29.1506,low
Customer A,2020-10-28,19579.02,Savings Account,8.7723,medium
Customer B,2020-10-28,31642.74,SSE and HSBC stock,29.154,low
Customer A,2020-10-29,19577.95,Savings Account,8.7664,medium
Customer B,2020-10-29,31643.57,SSE and HSBC stock,29.1574,low
Customer A,2020-10-30,19576.88,Savings Account,8.7605,medium
Customer B,2020-10-30,31644.39,SSE and HSBC stock,29.1608,low
Customer A,2020-10-31,19575.81,Savings Account,8.7545,medium
Customer B,2020-10-31,31645.22,SSE and HSBC stock,29.1642,low
Customer A,2020-11-01,19574.75,Savings Account,8.7486,medium
Customer B,2020-11-01,31646.05,SSE and HSBC stock,29.1676,low
Customer A,2020-11-02,19573.68,Savings Account,8.7427,medium
Customer B,2020-11-02,31646.88,SSE and HSBC stock,29.1709,low
Customer A,2020-11-03,19572.61,Savings Account,8.7367,medium
Customer B,2020-11-03,31647.71,SSE and HSBC stock,29.1743,low
Customer A,2020-11-04,19571.55,Savings Account,8.7308,medium
Customer B,2020-11-04,31648.54,SSE and HSBC stock,29.1777,low
Customer A,2020-11-05,19570.48,Savings Account,8.7249,medium
Customer B,2020-11-05,31649.37,SSE and HSBC stock,29.1811,low
Customer A,2020-11-06,19569.41,Savings Account,8.719,medium
Customer B,2020-11-06,31650.2,SSE and HSBC stock,29.1845,low
Customer A,2020-11-07,19568.34,Savings Account,8.713,medium
Customer B,2020-11-07,31651.02,SSE and HSBC stock,29.1879,low
Customer A,2020-11-08,19567.28,Savings Account,8.7071,medium
Customer B,2020-11-08,31651.85,SSE and HSBC stock,29.1912,low
Customer A,2020-11-09,19566.21,Savings Account,8.7012,medium
Customer B,2020-11-09,31652.68,SSE and HSBC stock,29.1946,low
Customer A,2020-11-10,19565.14,Savings Account,8.6952,medium
Customer B,2020-11-10,31653.51,SSE and HSBC stock,29.198,low
Customer A,2020-11-11,19564.08,Savings Account,8.6893,medium
Customer B,2020-11-11,31654.34,SSE and HSBC stock,29.2014,low
Customer A,2020-11-12,19563.01,Savings Account,8.6834,medium
Customer B,2020-11-12,31655.17,SSE and HSBC stock,29.2048,low
Customer A,2020-11-13,19561.94,Savings Account,8.6775,medium
Customer B,2020-11-13,31656.0,SSE and HSBC stock,29.2082,low
Customer A,2020-11-14,19560.88,Savings Account,8.6715,medium
Customer B,2020-11-14,31656.83,SSE and HSBC stock,29.2115,low
Customer A,2020-11-15,19559.81,Savings Account,8.6656,medium
Customer B,2020-11-15,31657.66,SSE and HSBC stock,29.2149,low
Customer A,2020-11-16,19558.74,Savings Account,8.6597,medium
Customer B,2020-11-16,31658.48,SSE and HSBC stock,29.2183,low
Customer A,2020-11-17,19557.68,Savings Account,8.6538,medium
Customer B,2020-11-17,31659.31,SSE and HSBC stock,29.2217,low
Customer A,2020-11-18,19556.61,Savings Account,8.6478,medium
Customer B,2020-11-18,31660.14,SSE and HSBC stock,29.2251,low
Customer A,2020-11-19,19555.55,Savings Account,8.6419,medium
Customer B,2020-11-19,31660.97,SSE and HSBC stock,29.2285,low
Customer A,2020-11-20,19554.48,Savings Account,8.636,medium
Customer B,2020-11-20,31661.8,SSE and HSBC stock,29.2318,low
Customer A,2020-11-21,19553.41,Savings Account,8.6301,medium
Customer B,2020-11-21,31662.63,SSE and HSBC stock,29.2352,low
Customer A,2020-11-22,19552.35,Savings Account,8.6242,medium
Customer B,2020-11-22,31663.46,SSE and HSBC stock,29.2386,low
Customer A,2020-11-23,19551.28,Savings Account,8.6182,medium
Customer B,2020-11-23,31664.29,SSE and HSBC stock,29.242,low
Customer A,2020-11-24,19550.22,Savings Account,8.6123,medium
Customer B,2020-11-24,31665.12,SSE and HSBC stock,29.2454,low
Customer A,2020-11-25,19549.15,Savings Account,8.6064,medium
Customer B,2020-11-25,31665.95,SSE and HSBC stock,29.2488,low
Customer A,2020-11-26,19548.08,Savings Account,8.6005,medium
Customer B,2020-11-26,31666.78,SSE and HSBC stock,29.2521,low
Customer A,2020-11-27,19547.02,Savings Account,8.5945,medium
Customer B,2020-11-27,31667.61,SSE and HSBC stock,29.2555,low
Customer A,2020-11-28,19545.95,Savings Account,8.5886,medium
Customer B,2020-11-28,31668.43,SSE and HSBC stock,29.2589,low
Customer A,2020-11-29,19544.89,Savings Account,8.5827,medium
Customer B,2020-11-29,31669.26,SSE and HSBC stock,29.2623,low
Customer A,2020-11-30,19543.82,Savings Account,8.5768,medium
Customer B,2020-11-30,31670.09,SSE and HSBC stock,29.2657,low
Customer A,2020-12-01,19542.76,Savings Account,8.5709,medium
Customer B,2020-12-01,31670.92,SSE and HSBC stock,29.2691,low
Customer A,2020-12-02,19541.69,Savings Account,8.5649,medium
Customer B,2020-12-02,31671.75,SSE and HSBC stock,29.2725,low
Customer A,2020-12-03,19540.62,Savings Account,8.559,medium
Customer B,2020-12-03,31672.58,SSE and HSBC stock,29.2758,low
Customer A,2020-12-04,19539.56,Savings Account,8.5531,medium
Customer B,2020-12-04,31673.41,SSE and HSBC stock,29.2792,low
Customer A,2020-12-05,19538.49,Savings Account,8.5472,medium
Customer B,2020-12-05,31674.24,SSE and HSBC stock,29.2826,low
Customer A,2020-12-06,19537.43,Savings Account,8.5413,medium
Customer B,2020-12-06,31675.07,SSE and HSBC stock,29.286,low
Customer A,2020-12-07,19536.36,Savings Account,8.5354,medium
Customer B,2020-12-07,31675.9,SSE and HSBC stock,29.2894,low
Customer A,2020-12-08,19535.3,Savings Account,8.5294,medium
Customer B,2020-12-08,31676.73,SSE and HSBC stock,29.2928,low
Customer A,2020-12-09,19534.23,Savings Account,8.5235,medium
Customer B,2020-12-09,31677.56,SSE and HSBC stock,29.2962,low
Customer A,2020-12-10,19533.17,Savings Account,8.5176,medium
Customer B,2020-12-10,31678.39,SSE and HSBC stock,29.2995,low
Customer A,2020-12-11,19532.1,Savings Account,8.5117,medium
Customer B,2020-12-11,31679.22,SSE and HSBC stock,29.3029,low
Customer A,2020-12-12,19531.04,Savings Account,8.5058,medium
Customer B,2020-12-12,31680.05,SSE and HSBC stock,29.3063,low
Customer A,2020-12-13,19529.97,Savings Account,8.4999,medium
Customer B,2020-12-13,31680.88,SSE and HSBC stock,29.3097,low
Customer A,2020-12-14,19528.91,Savings Account,8.4939,medium
Customer B,2020-12-14,31681.71,SSE and HSBC stock,29.3131,low
Customer A,2020-12-15,19527.84,Savings Account,8.488,medium
Customer B,2020-12-15,31682.54,SSE and HSBC stock,29.3165,low
Customer A,2020-12-16,19526.78,Savings Account,8.4821,medium
Customer B,2020-12-16,31683.37,SSE and HSBC stock,29.3199,low
Customer A,2020-12-17,19525.71,Savings Account,8.4762,medium
Customer B,2020-12-17,31684.2,SSE and HSBC stock,29.3232,low
Customer A,2020-12-18,19524.65,Savings Account,8.4703,medium
Customer B,2020-12-18,31685.03,SSE and HSBC stock,29.3266,low
Customer A,2020-12-19,19523.59,Savings Account,8.4644,medium
Customer B,2020-12-19,31685.85,SSE and HSBC stock,29.33,low
Customer A,2020-12-20,19522.52,Savings Account,8.4585,medium
Customer B,2020-12-20,31686.68,SSE and HSBC stock,29.3334,low
Customer A,2020-12-21,19521.46,Savings Account,8.4525,medium
Customer B,2020-12-21,31687.51,SSE and HSBC stock,29.3368,low
Customer A,2020-12-22,19520.39,Savings Account,8.4466,medium
Customer B,2020-12-22,31688.34,SSE and HSBC stock,29.3402,low
Customer A,2020-12-23,19519.33,Savings Account,8.4407,medium
Customer B,2020-12-23,31689.17,SSE and HSBC stock,29.3436,low
Customer A,2020-12-24,19518.26,Savings Account,8.4348,medium
Customer B,2020-12-24,31690.0,SSE and HSBC stock,29.347,low
Customer A,2020-12-25,19517.2,Savings Account,8.4289,medium
Customer B,2020-12-25,31690.83,SSE and HSBC stock,29.3503,low
Customer A,2020-12-26,19516.14,Savings Account,8.423,medium
Customer B,2020-12-26,31691.66,SSE and HSBC stock,29.3537,low
Customer A,2020-12-27,19515.07,Savings Account,8.4171,medium
Customer B,2020-12-27,31692.49,SSE and HSBC stock,29.3571,low
Customer A,2020-12-28,19514.01,Savings Account,8.4112,medium
Customer B,2020-12-28,31693.32,SSE and HSBC stock,29.3605,low
Customer A,2020-12-29,19512.94,Savings Account,8.4052,medium
Customer B,2020-12-29,31694.15,SSE and HSBC stock,29.3639,low
Customer A,2020-12-30,19511.88,Savings Account,8.3993,medium
Customer B,2020-12-30,31694.98,SSE and HSBC stock,29.3673,low
Customer A,2020-12-31,19510.82,Savings Account,8.3934,medium
Customer B,2020-12-31,31695.81,SSE and HSBC stock,29.3707,low
Customer A,2021-01-01,19509.75,Savings Account,8.3875,medium
Customer B,2021-01-01,31696.64,SSE and HSBC stock,29.3741,low
Customer A,2021-01-02,19508.69,Savings Account,8.3816,medium
Customer B,2021-01-02,31697.47,SSE and HSBC stock,29.3774,low
Customer A,2021-01-03,19507.63,Savings Account,8.3757,medium
Customer B,2021-01-03,31698.3,SSE and HSBC stock,29.3808,low
Customer A,2021-01-04,19506.56,Savings Account,8.3698,medium
Customer B,2021-01-04,31699.13,SSE and HSBC stock,29.3842,low
Customer A,2021-01-05,19505.5,Savings Account,8.3639,medium
Customer B,2021-01-05,31699.96,SSE and HSBC stock,29.3876,low
Customer A,2021-01-06,19504.43,Savings Account,8.358,medium
Customer B,2021-01-06,31700.79,SSE and HSBC stock,29.391,low
Customer A,2021-01-07,19503.37,Savings Account,8.3521,medium
Customer B,2021-01-07,31701.62,SSE and HSBC stock,29.3944,low
Customer A,2021-01-08,19502.31,Savings Account,8.3462,medium
Customer B,2021-01-08,31702.45,SSE and HSBC stock,29.3978,low
Customer A,2021-01-09,19501.24,Savings Account,8.3402,medium
Customer B,2021-01-09,31703.28,SSE and HSBC stock,29.4012,low
Customer A,2021-01-10,19500.18,Savings Account,8.3343,medium
Customer B,2021-01-10,31704.11,SSE and HSBC stock,29.4046,low
Customer A,2021-01-11,19499.12,Savings Account,8.3284,medium
Customer B,2021-01-11,31704.95,SSE and HSBC stock,29.4079,low
Customer A,2021-01-12,19498.06,Savings Account,8.3225,medium
Customer B,2021-01-12,31705.78,SSE and HSBC stock,29.4113,low
Customer A,2021-01-13,19496.99,Savings Account,8.3166,medium
Customer B,2021-01-13,31706.61,SSE and HSBC stock,29.4147,low
Customer A,2021-01-14,19495.93,Savings Account,8.3107,medium
Customer B,2021-01-14,31707.44,SSE and HSBC stock,29.4181,low
Customer A,2021-01-15,19494.87,Savings Account,8.3048,medium
Customer B,2021-01-15,31708.27,SSE and HSBC stock,29.4215,low
Customer A,2021-01-16,19493.8,Savings Account,8.2989,medium
Customer B,2021-01-16,31709.1,SSE and HSBC stock,29.4249,low
Customer A,2021-01-17,19492.74,Savings Account,8.293,medium
Customer B,2021-01-17,31709.93,SSE and HSBC stock,29.4283,low
Customer A,2021-01-18,19491.68,Savings Account,8.2871,medium
Customer B,2021-01-18,31710.76,SSE and HSBC stock,29.4317,low
Customer A,2021-01-19,19490.61,Savings Account,8.2812,medium
Customer B,2021-01-19,31711.59,SSE and HSBC stock,29.4351,low
Customer A,2021-01-20,19489.55,Savings Account,8.2753,medium
Customer B,2021-01-20,31712.42,SSE and HSBC stock,29.4384,low
Customer A,2021-01-21,19488.49,Savings Account,8.2694,medium
Customer B,2021-01-21,31713.25,SSE and HSBC stock,29.4418,low
Customer A,2021-01-22,19487.43,Savings Account,8.2635,medium
Customer B,2021-01-22,31714.08,SSE and HSBC stock,29.4452,low
Customer A,2021-01-23,19486.36,Savings Account,8.2576,medium
Customer B,2021-01-23,31714.91,SSE and HSBC stock,29.4486,low
Customer A,2021-01-24,19485.3,Savings Account,8.2517,medium
Customer B,2021-01-24,31715.74,SSE and HSBC stock,29.452,low
Customer A,2021-01-25,19484.24,Savings Account,8.2458,medium
Customer B,2021-01-25,31716.57,SSE and HSBC stock,29.4554,low
Customer A,2021-01-26,19483.18,Savings Account,8.2399,medium
Customer B,2021-01-26,31717.4,SSE and HSBC stock,29.4588,low
Customer A,2021-01-27,19482.12,Savings Account,8.234,medium
Customer B,2021-01-27,31718.23,SSE and HSBC stock,29.4622,low
Customer A,2021-01-28,19481.05,Savings Account,8.2281,medium
Customer B,2021-01-28,31719.06,SSE and HSBC stock,29.4656,low
Customer A,2021-01-29,19479.99,Savings Account,8.2222,medium
Customer B,2021-01-29,31719.89,SSE and HSBC stock,29.469,low
Customer A,2021-01-30,19478.93,Savings Account,8.2163,medium
Customer B,2021-01-30,31720.72,SSE and HSBC stock,29.4723,low
Customer A,2021-01-31,19477.87,Savings Account,8.2104,medium
Customer B,2021-01-31,31721.55,SSE and HSBC stock,29.4757,low
Customer A,2021-02-01,19476.81,Savings Account,8.2045,medium
Customer B,2021-02-01,31722.39,SSE and HSBC stock,29.4791,low
Customer A,2021-02-02,19475.74,Savings Account,8.1986,medium
Customer B,2021-02-02,31723.22,SSE and HSBC stock,29.4825,low
Customer A,2021-02-03,19474.68,Savings Account,8.1927,medium
Customer B,2021-02-03,31724.05,SSE and HSBC stock,29.4859,low
Customer A,2021-02-04,19473.62,Savings Account,8.1868,medium
Customer B,2021-02-04,31724.88,SSE and HSBC stock,29.4893,low
Customer A,2021-02-05,19472.56,Savings Account,8.1809,medium
Customer B,2021-02-05,31725.71,SSE and HSBC stock,29.4927,low
Customer A,2021-02-06,19471.5,Savings Account,8.175,medium
Customer B,2021-02-06,31726.54,SSE and HSBC stock,29.4961,low
Customer A,2021-02-07,19470.43,Savings Account,8.1691,medium
Customer B,2021-02-07,31727.37,SSE and HSBC stock,29.4995,low
Customer A,2021-02-08,19469.37,Savings Account,8.1632,medium
Customer B,2021-02-08,31728.2,SSE and HSBC stock,29.5029,low
Customer A,2021-02-09,19468.31,Savings Account,8.1573,medium
Customer B,2021-02-09,31729.03,SSE and HSBC stock,29.5063,low
Customer A,2021-02-10,19467.25,Savings Account,8.1514,medium
Customer B,2021-02-10,31729.86,SSE and HSBC stock,29.5096,low
Customer A,2021-02-11,19466.19,Savings Account,8.1455,medium
Customer B,2021-02-11,31730.69,SSE and HSBC stock,29.513,low
Customer A,2021-02-12,19465.13,Savings Account,8.1396,medium
Customer B,2021-02-12,31731.52,SSE and HSBC stock,29.5164,low
Customer A,2021-02-13,19464.07,Savings Account,8.1337,medium
Customer B,2021-02-13,31732.36,SSE and HSBC stock,29.5198,low
Customer A,2021-02-14,19463.01,Savings Account,8.1278,medium
Customer B,2021-02-14,31733.19,SSE and HSBC stock,29.5232,low
Customer A,2021-02-15,19461.94,Savings Account,8.1219,medium
Customer B,2021-02-15,31734.02,SSE and HSBC stock,29.5266,low
Customer A,2021-02-16,19460.88,Savings Account,8.116,medium
Customer B,2021-02-16,31734.85,SSE and HSBC stock,29.53,low
Customer A,2021-02-17,19459.82,Savings Account,8.1101,medium
Customer B,2021-02-17,31735.68,SSE and HSBC stock,29.5334,low
Customer A,2021-02-18,19458.76,Savings Account,8.1042,medium
Customer B,2021-02-18,31736.51,SSE and HSBC stock,29.5368,low
Customer A,2021-02-19,19457.7,Savings Account,8.0983,medium
Customer B,2021-02-19,31737.34,SSE and HSBC stock,29.5402,low
Customer A,2021-02-20,19456.64,Savings Account,8.0924,medium
Customer B,2021-02-20,31738.17,SSE and HSBC stock,29.5436,low
Customer A,2021-02-21,19455.58,Savings Account,8.0865,medium
Customer B,2021-02-21,31739.0,SSE and HSBC stock,29.547,low
Customer A,2021-02-22,19454.52,Savings Account,8.0807,medium
Customer B,2021-02-22,31739.84,SSE and HSBC stock,29.5503,low
Customer A,2021-02-23,19453.46,Savings Account,8.0748,medium
Customer B,2021-02-23,31740.67,SSE and HSBC stock,29.5537,low
Customer A,2021-02-24,19452.4,Savings Account,8.0689,medium
Customer B,2021-02-24,31741.5,SSE and HSBC stock,29.5571,low
Customer A,2021-02-25,19451.34,Savings Account,8.063,medium
Customer B,2021-02-25,31742.33,SSE and HSBC stock,29.5605,low
Customer A,2021-02-26,19450.28,Savings Account,8.0571,medium
Customer B,2021-02-26,31743.16,SSE and HSBC stock,29.5639,low
Customer A,2021-02-27,19449.21,Savings Account,8.0512,medium
Customer B,2021-02-27,31743.99,SSE and HSBC stock,29.5673,low
Customer A,2021-02-28,19448.15,Savings Account,8.0453,medium
Customer B,2021-02-28,31744.82,SSE and HSBC stock,29.5707,low
Customer A,2021-03-01,19447.09,Savings Account,8.0394,medium
Customer B,2021-03-01,31745.65,SSE and HSBC stock,29.5741,low
Customer A,2021-03-02,19446.03,Savings Account,8.0335,medium
Customer B,2021-03-02,31746.49,SSE and HSBC stock,29.5775,low
Customer A,2021-03-03,19444.97,Savings Account,8.0276,medium
Customer B,2021-03-03,31747.32,SSE and HSBC stock,29.5809,low
Customer A,2021-03-04,19443.91,Savings Account,8.0217,medium
Customer B,2021-03-04,31748.15,SSE and HSBC stock,29.5843,low
Customer A,2021-03-05,19442.85,Savings Account,8.0159,medium
Customer B,2021-03-05,31748.98,SSE and HSBC stock,29.5877,low
Customer A,2021-03-06,19441.79,Savings Account,8.01,medium
Customer B,2021-03-06,31749.81,SSE and HSBC stock,29.5911,low
Customer A,2021-03-07,19440.73,Savings Account,8.0041,medium
Customer B,2021-03-07,31750.64,SSE and HSBC stock,29.5945,low
Customer A,2021-03-08,19439.67,Savings Account,7.9982,medium
Customer B,2021-03-08,31751.47,SSE and HSBC stock,29.5979,low
Customer A,2021-03-09,19438.61,Savings Account,7.9923,medium
Customer B,2021-03-09,31752.31,SSE and HSBC stock,29.6012,low
Customer A,2021-03-10,19437.55,Savings Account,7.9864,medium
Customer B,2021-03-10,31753.14,SSE and HSBC stock,29.6046,low
Customer A,2021-03-11,19436.49,Savings Account,7.9805,medium
Customer B,2021-03-11,31753.97,SSE and HSBC stock,29.608,low
Customer A,2021-03-12,19435.43,Savings Account,7.9746,medium
Customer B,2021-03-12,31754.8,SSE and HSBC stock,29.6114,low
Customer A,2021-03-13,19434.37,Savings Account,7.9687,medium
Customer B,2021-03-13,31755.63,SSE and HSBC stock,29.6148,low
Customer A,2021-03-14,19433.32,Savings Account,7.9629,medium
Customer B,2021-03-14,31756.46,SSE and HSBC stock,29.6182,low
Customer A,2021-03-15,19432.26,Savings Account,7.957,medium
Customer B,2021-03-15,31757.29,SSE and HSBC stock,29.6216,low
Customer A,2021-03-16,19431.2,Savings Account,7.9511,medium
Customer B,2021-03-16,31758.13,SSE and HSBC stock,29.625,low
Customer A,2021-03-17,19430.14,Savings Account,7.9452,medium
Customer B,2021-03-17,31758.96,SSE and HSBC stock,29.6284,low
Customer A,2021-03-18,19429.08,Savings Account,7.9393,medium
Customer B,2021-03-18,31759.79,SSE and HSBC stock,29.6318,low
Customer A,2021-03-19,19428.02,Savings Account,7.9334,medium
Customer B,2021-03-19,31760.62,SSE and HSBC stock,29.6352,low
Customer A,2021-03-20,19426.96,Savings Account,7.9276,medium
Customer B,2021-03-20,31761.45,SSE and HSBC stock,29.6386,low
Customer A,2021-03-21,19425.9,Savings Account,7.9217,medium
Customer B,2021-03-21,31762.28,SSE and HSBC stock,29.642,low
Customer A,2021-03-22,19424.84,Savings Account,7.9158,medium
Customer B,2021-03-22,31763.12,SSE and HSBC stock,29.6454,low
Customer A,2021-03-23,19423.78,Savings Account,7.9099,medium
Customer B,2021-03-23,31763.95,SSE and HSBC stock,29.6488,low
Customer A,2021-03-24,19422.72,Savings Account,7.904,medium
Customer B,2021-03-24,31764.78,SSE and HSBC stock,29.6522,low
Customer A,2021-03-25,19421.66,Savings Account,7.8981,medium
Customer B,2021-03-25,31765.61,SSE and HSBC stock,29.6556,low
Customer A,2021-03-26,19420.6,Savings Account,7.8922,medium
Customer B,2021-03-26,31766.44,SSE and HSBC stock,29.659,low
Customer A,2021-03-27,19419.55,Savings Account,7.8864,medium
Customer B,2021-03-27,31767.28,SSE and HSBC stock,29.6623,low
Customer A,2021-03-28,19418.49,Savings Account,7.8805,medium
Customer B,2021-03-28,31768.11,SSE and HSBC stock,29.6657,low
Customer A,2021-03-29,19417.43,Savings Account,7.8746,medium
Customer B,2021-03-29,31768.94,SSE and HSBC stock,29.6691,low
Customer A,2021-03-30,19416.37,Savings Account,7.8687,medium
Customer B,2021-03-30,31769.77,SSE and HSBC stock,29.6725,low
Customer A,2021-03-31,19415.31,Savings Account,7.8628,medium
Customer B,2021-03-31,31770.6,SSE and HSBC stock,29.6759,low
Customer A,2021-04-01,19414.25,Savings Account,7.857,medium
Customer B,2021-04-01,31771.44,SSE and HSBC stock,29.6793,low
Customer A,2021-04-02,19413.19,Savings Account,7.8511,medium
Customer B,2021-04-02,31772.27,SSE and HSBC stock,29.6827,low
Customer A,2021-04-03,19412.14,Savings Account,7.8452,medium
Customer B,2021-04-03,31773.1,SSE and HSBC stock,29.6861,low
Customer A,2021-04-04,19411.08,Savings Account,7.8393,medium
Customer B,2021-04-04,31773.93,SSE and HSBC stock,29.6895,low
Customer A,2021-04-05,19410.02,Savings Account,7.8334,medium
Customer B,2021-04-05,31774.76,SSE and HSBC stock,29.6929,low
Customer A,2021-04-06,19408.96,Savings Account,7.8276,medium
Customer B,2021-04-06,31775.6,SSE and HSBC stock,29.6963,low
Customer A,2021-04-07,19407.9,Savings Account,7.8217,medium
Customer B,2021-04-07,31776.43,SSE and HSBC stock,29.6997,low
Customer A,2021-04-08,19406.84,Savings Account,7.8158,medium
Customer B,2021-04-08,31777.26,SSE and HSBC stock,29.7031,low
Customer A,2021-04-09,19405.79,Savings Account,7.8099,medium
Customer B,2021-04-09,31778.09,SSE and HSBC stock,29.7065,low
Customer A,2021-04-10,19404.73,Savings Account,7.804,medium
Customer B,2021-04-10,31778.92,SSE and HSBC stock,29.7099,low
Customer A,2021-04-11,19403.67,Savings Account,7.7982,medium
Customer B,2021-04-11,31779.76,SSE and HSBC stock,29.7133,low
Customer A,2021-04-12,19402.61,Savings Account,7.7923,medium
Customer B,2021-04-12,31780.59,SSE and HSBC stock,29.7167,low
Customer A,2021-04-13,19401.55,Savings Account,7.7864,medium
Customer B,2021-04-13,31781.42,SSE and HSBC stock,29.7201,low
Customer A,2021-04-14,19400.5,Savings Account,7.7805,medium
Customer B,2021-04-14,31782.25,SSE and HSBC stock,29.7235,low
Customer A,2021-04-15,19399.44,Savings Account,7.7747,medium
Customer B,2021-04-15,31783.09,SSE and HSBC stock,29.7269,low
Customer A,2021-04-16,19398.38,Savings Account,7.7688,medium
Customer B,2021-04-16,31783.92,SSE and HSBC stock,29.7303,low
Customer A,2021-04-17,19397.32,Savings Account,7.7629,medium
Customer B,2021-04-17,31784.75,SSE and HSBC stock,29.7337,low
Customer A,2021-04-18,19396.27,Savings Account,7.757,medium
Customer B,2021-04-18,31785.58,SSE and HSBC stock,29.7371,low
Customer A,2021-04-19,19395.21,Savings Account,7.7512,medium
Customer B,2021-04-19,31786.41,SSE and HSBC stock,29.7405,low
Customer A,2021-04-20,19394.15,Savings Account,7.7453,medium
Customer B,2021-04-20,31787.25,SSE and HSBC stock,29.7439,low
Customer A,2021-04-21,19393.09,Savings Account,7.7394,medium
Customer B,2021-04-21,31788.08,SSE and HSBC stock,29.7473,low
Customer A,2021-04-22,19392.04,Savings Account,7.7335,medium
Customer B,2021-04-22,31788.91,SSE and HSBC stock,29.7507,low
Customer A,2021-04-23,19390.98,Savings Account,7.7277,medium
Customer B,2021-04-23,31789.74,SSE and HSBC stock,29.7541,low
Customer A,2021-04-24,19389.92,Savings Account,7.7218,medium
Customer B,2021-04-24,31790.58,SSE and HSBC stock,29.7575,low
Customer A,2021-04-25,19388.87,Savings Account,7.7159,medium
Customer B,2021-04-25,31791.41,SSE and HSBC stock,29.7609,low
Customer A,2021-04-26,19387.81,Savings Account,7.71,medium
Customer B,2021-04-26,31792.24,SSE and HSBC stock,29.7643,low
Customer A,2021-04-27,19386.75,Savings Account,7.7042,medium
Customer B,2021-04-27,31793.07,SSE and HSBC stock,29.7677,low
Customer A,2021-04-28,19385.69,Savings Account,7.6983,medium
Customer B,2021-04-28,31793.91,SSE and HSBC stock,29.771,low
Customer A,2021-04-29,19384.64,Savings Account,7.6924,medium
Customer B,2021-04-29,31794.74,SSE and HSBC stock,29.7744,low
Customer A,2021-04-30,19383.58,Savings Account,7.6866,medium
Customer B,2021-04-30,31795.57,SSE and HSBC stock,29.7778,low
Customer A,2021-05-01,19382.52,Savings Account,7.6807,medium
Customer B,2021-05-01,31796.41,SSE and HSBC stock,29.7812,low
Customer A,2021-05-02,19381.47,Savings Account,7.6748,medium
Customer B,2021-05-02,31797.24,SSE and HSBC stock,29.7846,low
Customer A,2021-05-03,19380.41,Savings Account,7.6689,medium
Customer B,2021-05-03,31798.07,SSE and HSBC stock,29.788,low
Customer A,2021-05-04,19379.35,Savings Account,7.6631,medium
Customer B,2021-05-04,31798.9,SSE and HSBC stock,29.7914,low
Customer A,2021-05-05,19378.3,Savings Account,7.6572,medium
Customer B,2021-05-05,31799.74,SSE and HSBC stock,29.7948,low
Customer A,2021-05-06,19377.24,Savings Account,7.6513,medium
Customer B,2021-05-06,31800.57,SSE and HSBC stock,29.7982,low
Customer A,2021-05-07,19376.18,Savings Account,7.6455,medium
Customer B,2021-05-07,31801.4,SSE and HSBC stock,29.8016,low
Customer A,2021-05-08,19375.13,Savings Account,7.6396,medium
Customer B,2021-05-08,31802.23,SSE and HSBC stock,29.805,low
Customer A,2021-05-09,19374.07,Savings Account,7.6337,medium
Customer B,2021-05-09,31803.07,SSE and HSBC stock,29.8084,low
Customer A,2021-05-10,19373.01,Savings Account,7.6279,medium
Customer B,2021-05-10,31803.9,SSE and HSBC stock,29.8118,low
Customer A,2021-05-11,19371.96,Savings Account,7.622,medium
Customer B,2021-05-11,31804.73,SSE and HSBC stock,29.8152,low
Customer A,2021-05-12,19370.9,Savings Account,7.6161,medium
Customer B,2021-05-12,31805.57,SSE and HSBC stock,29.8186,low
Customer A,2021-05-13,19369.85,Savings Account,7.6103,medium
Customer B,2021-05-13,31806.4,SSE and HSBC stock,29.822,low
Customer A,2021-05-14,19368.79,Savings Account,7.6044,medium
Customer B,2021-05-14,31807.23,SSE and HSBC stock,29.8254,low
Customer A,2021-05-15,19367.73,Savings Account,7.5985,medium
Customer B,2021-05-15,31808.06,SSE and HSBC stock,29.8288,low
Customer A,2021-05-16,19366.68,Savings Account,7.5927,medium
Customer B,2021-05-16,31808.9,SSE and HSBC stock,29.8322,low
Customer A,2021-05-17,19365.62,Savings Account,7.5868,medium
Customer B,2021-05-17,31809.73,SSE and HSBC stock,29.8356,low
Customer A,2021-05-18,19364.57,Savings Account,7.5809,medium
Customer B,2021-05-18,31810.56,SSE and HSBC stock,29.839,low
Customer A,2021-05-19,19363.51,Savings Account,7.5751,medium
Customer B,2021-05-19,31811.4,SSE and HSBC stock,29.8424,low
Customer A,2021-05-20,19362.46,Savings Account,7.5692,medium
Customer B,2021-05-20,31812.23,SSE and HSBC stock,29.8458,low
Customer A,2021-05-21,19361.4,Savings Account,7.5633,medium
Customer B,2021-05-21,31813.06,SSE and HSBC stock,29.8492,low
Customer A,2021-05-22,19360.34,Savings Account,7.5575,medium
Customer B,2021-05-22,31813.9,SSE and HSBC stock,29.8526,low
Customer A,2021-05-23,19359.29,Savings Account,7.5516,medium
Customer B,2021-05-23,31814.73,SSE and HSBC stock,29.856,low
Customer A,2021-05-24,19358.23,Savings Account,7.5457,medium
Customer B,2021-05-24,31815.56,SSE and HSBC stock,29.8594,low
Customer A,2021-05-25,19357.18,Savings Account,7.5399,medium
Customer B,2021-05-25,31816.39,SSE and HSBC stock,29.8628,low
Customer A,2021-05-26,19356.12,Savings Account,7.534,medium
Customer B,2021-05-26,31817.23,SSE and HSBC stock,29.8662,low
Customer A,2021-05-27,19355.07,Savings Account,7.5281,medium
Customer B,2021-05-27,31818.06,SSE and HSBC stock,29.8696,low
Customer A,2021-05-28,19354.01,Savings Account,7.5223,medium
Customer B,2021-05-28,31818.89,SSE and HSBC stock,29.873,low
Customer A,2021-05-29,19352.96,Savings Account,7.5164,medium
Customer B,2021-05-29,31819.73,SSE and HSBC stock,29.8764,low
Customer A,2021-05-30,19351.9,Savings Account,7.5106,medium
Customer B,2021-05-30,31820.56,SSE and HSBC stock,29.8798,low
Customer A,2021-05-31,19350.85,Savings Account,7.5047,medium
Customer B,2021-05-31,31821.39,SSE and HSBC stock,29.8832,low
Customer A,2021-06-01,19349.79,Savings Account,7.4988,medium
Customer B,2021-06-01,31822.23,SSE and HSBC stock,29.8866,low
Customer A,2021-06-02,19348.74,Savings Account,7.493,medium
Customer B,2021-06-02,31823.06,SSE and HSBC stock,29.89,low
Customer A,2021-06-03,19347.68,Savings Account,7.4871,medium
Customer B,2021-06-03,31823.89,SSE and HSBC stock,29.8934,low
Customer A,2021-06-04,19346.63,Savings Account,7.4813,medium
Customer B,2021-06-04,31824.73,SSE and HSBC stock,29.8968,low
Customer A,2021-06-05,19345.57,Savings Account,7.4754,medium
Customer B,2021-06-05,31825.56,SSE and HSBC stock,29.9002,low
Customer A,2021-06-06,19344.52,Savings Account,7.4695,medium
Customer B,2021-06-06,31826.39,SSE and HSBC stock,29.9037,low
Customer A,2021-06-07,19343.46,Savings Account,7.4637,medium
Customer B,2021-06-07,31827.23,SSE and HSBC stock,29.9071,low
Customer A,2021-06-08,19342.41,Savings Account,7.4578,medium
Customer B,2021-06-08,31828.06,SSE and HSBC stock,29.9105,low
Customer A,2021-06-09,19341.35,Savings Account,7.452,medium
Customer B,2021-06-09,31828.9,SSE and HSBC stock,29.9139,low
Customer A,2021-06-10,19340.3,Savings Account,7.4461,medium
Customer B,2021-06-10,31829.73,SSE and HSBC stock,29.9173,low
Customer A,2021-06-11,19339.24,Savings Account,7.4402,medium
Customer B,2021-06-11,31830.56,SSE and HSBC stock,29.9207,low
Customer A,2021-06-12,19338.19,Savings Account,7.4344,medium
Customer B,2021-06-12,31831.4,SSE and HSBC stock,29.9241,low
Customer A,2021-06-13,19337.14,Savings Account,7.4285,medium
Customer B,2021-06-13,31832.23,SSE and HSBC stock,29.9275,low
Customer A,2021-06-14,19336.08,Savings Account,7.4227,medium
Customer B,2021-06-14,31833.06,SSE and HSBC stock,29.9309,low
Customer A,2021-06-15,19335.03,Savings Account,7.4168,medium
Customer B,2021-06-15,31833.9,SSE and HSBC stock,29.9343,low
Customer A,2021-06-16,19333.97,Savings Account,7.411,medium
Customer B,2021-06-16,31834.73,SSE and HSBC stock,29.9377,low
Customer A,2021-06-17,19332.92,Savings Account,7.4051,medium
Customer B,2021-06-17,31835.56,SSE and HSBC stock,29.9411,low
Customer A,2021-06-18,19331.86,Savings Account,7.3992,medium
Customer B,2021-06-18,31836.4,SSE and HSBC stock,29.9445,low
Customer A,2021-06-19,19330.81,Savings Account,7.3934,medium
Customer B,2021-06-19,31837.23,SSE and HSBC stock,29.9479,low
Customer A,2021-06-20,19329.76,Savings Account,7.3875,medium
Customer B,2021-06-20,31838.06,SSE and HSBC stock,29.9513,low
Customer A,2021-06-21,19328.7,Savings Account,7.3817,medium
Customer B,2021-06-21,31838.9,SSE and HSBC stock,29.9547,low
Customer A,2021-06-22,19327.65,Savings Account,7.3758,medium
Customer B,2021-06-22,31839.73,SSE and HSBC stock,29.9581,low
Customer A,2021-06-23,19326.6,Savings Account,7.37,medium
Customer B,2021-06-23,31840.57,SSE and HSBC stock,29.9615,low
Customer A,2021-06-24,19325.54,Savings Account,7.3641,medium
Customer B,2021-06-24,31841.4,SSE and HSBC stock,29.9649,low
Customer A,2021-06-25,19324.49,Savings Account,7.3583,medium
Customer B,2021-06-25,31842.23,SSE and HSBC stock,29.9683,low
Customer A,2021-06-26,19323.43,Savings Account,7.3524,medium
Customer B,2021-06-26,31843.07,SSE and HSBC stock,29.9717,low
Customer A,2021-06-27,19322.38,Savings Account,7.3466,medium
Customer B,2021-06-27,31843.9,SSE and HSBC stock,29.9751,low
Customer A,2021-06-28,19321.33,Savings Account,7.3407,medium
Customer B,2021-06-28,31844.74,SSE and HSBC stock,29.9785,low
Customer A,2021-06-29,19320.27,Savings Account,7.3349,medium
Customer B,2021-06-29,31845.57,SSE and HSBC stock,29.9819,low
Customer A,2021-06-30,19319.22,Savings Account,7.329,medium
Customer B,2021-06-30,31846.4,SSE and HSBC stock,29.9853,low
Customer A,2021-07-01,19318.17,Savings Account,7.3232,medium
Customer B,2021-07-01,31847.24,SSE and HSBC stock,29.9887,low
Customer A,2021-07-02,19317.11,Savings Account,7.3173,medium
Customer B,2021-07-02,31848.07,SSE and HSBC stock,29.9921,low
Customer A,2021-07-03,19316.06,Savings Account,7.3114,medium
Customer B,2021-07-03,31848.91,SSE and HSBC stock,29.9955,low
Customer A,2021-07-04,19315.01,Savings Account,7.3056,medium
Customer B,2021-07-04,31849.74,SSE and HSBC stock,29.9989,low
Customer A,2021-07-05,19313.95,Savings Account,7.2997,medium
Customer B,2021-07-05,31850.57,SSE and HSBC stock,30.0023,low
Customer A,2021-07-06,19312.9,Savings Account,7.2939,medium
Customer B,2021-07-06,31851.41,SSE and HSBC stock,30.0057,low
Customer A,2021-07-07,19311.85,Savings Account,7.288,medium
Customer B,2021-07-07,31852.24,SSE and HSBC stock,30.0091,low
Customer A,2021-07-08,19310.8,Savings Account,7.2822,medium
Customer B,2021-07-08,31853.08,SSE and HSBC stock,30.0126,low
Customer A,2021-07-09,19309.74,Savings Account,7.2764,medium
Customer B,2021-07-09,31853.91,SSE and HSBC stock,30.016,low
Customer A,2021-07-10,19308.69,Savings Account,7.2705,medium
Customer B,2021-07-10,31854.74,SSE and HSBC stock,30.0194,low
Customer A,2021-07-11,19307.64,Savings Account,7.2647,medium
Customer B,2021-07-11,31855.58,SSE and HSBC stock,30.0228,low
Customer A,2021-07-12,19306.58,Savings Account,7.2588,medium
Customer B,2021-07-12,31856.41,SSE and HSBC stock,30.0262,low
Customer A,2021-07-13,19305.53,Savings Account,7.253,medium
Customer B,2021-07-13,31857.25,SSE and HSBC stock,30.0296,low
Customer A,2021-07-14,19304.48,Savings Account,7.2471,medium
Customer B,2021-07-14,31858.08,SSE and HSBC stock,30.033,low
Customer A,2021-07-15,19303.43,Savings Account,7.2413,medium
Customer B,2021-07-15,31858.92,SSE and HSBC stock,30.0364,low
Customer A,2021-07-16,19302.37,Savings Account,7.2354,medium
Customer B,2021-07-16,31859.75,SSE and HSBC stock,30.0398,low
Customer A,2021-07-17,19301.32,Savings Account,7.2296,medium
Customer B,2021-07-17,31860.58,SSE and HSBC stock,30.0432,low
Customer A,2021-07-18,19300.27,Savings Account,7.2237,medium
Customer B,2021-07-18,31861.42,SSE and HSBC stock,30.0466,low
Customer A,2021-07-19,19299.22,Savings Account,7.2179,medium
Customer B,2021-07-19,31862.25,SSE and HSBC stock,30.05,low
Customer A,2021-07-20,19298.17,Savings Account,7.212,medium
Customer B,2021-07-20,31863.09,SSE and HSBC stock,30.0534,low
Customer A,2021-07-21,19297.11,Savings Account,7.2062,medium
Customer B,2021-07-21,31863.92,SSE and HSBC stock,30.0568,low
Customer A,2021-07-22,19296.06,Savings Account,7.2003,medium
Customer B,2021-07-22,31864.76,SSE and HSBC stock,30.0602,low
Customer A,2021-07-23,19295.01,Savings Account,7.1945,medium
Customer B,2021-07-23,31865.59,SSE and HSBC stock,30.0636,low
Customer A,2021-07-24,19293.96,Savings Account,7.1887,medium
Customer B,2021-07-24,31866.42,SSE and HSBC stock,30.067,low
Customer A,2021-07-25,19292.91,Savings Account,7.1828,medium
Customer B,2021-07-25,31867.26,SSE and HSBC stock,30.0704,low
Customer A,2021-07-26,19291.85,Savings Account,7.177,medium
Customer B,2021-07-26,31868.09,SSE and HSBC stock,30.0739,low
Customer A,2021-07-27,19290.8,Savings Account,7.1711,medium
Customer B,2021-07-27,31868.93,SSE and HSBC stock,30.0773,low
Customer A,2021-07-28,19289.75,Savings Account,7.1653,medium
Customer B,2021-07-28,31869.76,SSE and HSBC stock,30.0807,low
Customer A,2021-07-29,19288.7,Savings Account,7.1594,medium
Customer B,2021-07-29,31870.6,SSE and HSBC stock,30.0841,low
Customer A,2021-07-30,19287.65,Savings Account,7.1536,medium
Customer B,2021-07-30,31871.43,SSE and HSBC stock,30.0875,low
Customer A,2021-07-31,19286.6,Savings Account,7.1478,medium
Customer B,2021-07-31,31872.27,SSE and HSBC stock,30.0909,low
Customer A,2021-08-01,19285.54,Savings Account,7.1419,medium
Customer B,2021-08-01,31873.1,SSE and HSBC stock,30.0943,low
Customer A,2021-08-02,19284.49,Savings Account,7.1361,medium
Customer B,2021-08-02,31873.94,SSE and HSBC stock,30.0977,low
Customer A,2021-08-03,19283.44,Savings Account,7.1302,medium
Customer B,2021-08-03,31874.77,SSE and HSBC stock,30.1011,low
Customer A,2021-08-04,19282.39,Savings Account,7.1244,medium
Customer B,2021-08-04,31875.61,SSE and HSBC stock,30.1045,low
Customer A,2021-08-05,19281.34,Savings Account,7.1185,medium
Customer B,2021-08-05,31876.44,SSE and HSBC stock,30.1079,low
Customer A,2021-08-06,19280.29,Savings Account,7.1127,medium
Customer B,2021-08-06,31877.27,SSE and HSBC stock,30.1113,low
Customer A,2021-08-07,19279.24,Savings Account,7.1069,medium
Customer B,2021-08-07,31878.11,SSE and HSBC stock,30.1147,low
Customer A,2021-08-08,19278.18,Savings Account,7.101,medium
Customer B,2021-08-08,31878.94,SSE and HSBC stock,30.1181,low
Customer A,2021-08-09,19277.13,Savings Account,7.0952,medium
Customer B,2021-08-09,31879.78,SSE and HSBC stock,30.1215,low
Customer A,2021-08-10,19276.08,Savings Account,7.0893,medium
Customer B,2021-08-10,31880.61,SSE and HSBC stock,30.125,low
Customer A,2021-08-11,19275.03,Savings Account,7.0835,medium
Customer B,2021-08-11,31881.45,SSE and HSBC stock,30.1284,low
Customer A,2021-08-12,19273.98,Savings Account,7.0777,medium
Customer B,2021-08-12,31882.28,SSE and HSBC stock,30.1318,low
Customer A,2021-08-13,19272.93,Savings Account,7.0718,medium
Customer B,2021-08-13,31883.12,SSE and HSBC stock,30.1352,low
Customer A,2021-08-14,19271.88,Savings Account,7.066,medium
Customer B,2021-08-14,31883.95,SSE and HSBC stock,30.1386,low
Customer A,2021-08-15,19270.83,Savings Account,7.0602,medium
Customer B,2021-08-15,31884.79,SSE and HSBC stock,30.142,low
Customer A,2021-08-16,19269.78,Savings Account,7.0543,medium
Customer B,2021-08-16,31885.62,SSE and HSBC stock,30.1454,low
Customer A,2021-08-17,19268.73,Savings Account,7.0485,medium
Customer B,2021-08-17,31886.46,SSE and HSBC stock,30.1488,low
Customer A,2021-08-18,19267.68,Savings Account,7.0426,medium
Customer B,2021-08-18,31887.29,SSE and HSBC stock,30.1522,low
Customer A,2021-08-19,19266.63,Savings Account,7.0368,medium
Customer B,2021-08-19,31888.13,SSE and HSBC stock,30.1556,low
Customer A,2021-08-20,19265.58,Savings Account,7.031,medium
Customer B,2021-08-20,31888.96,SSE and HSBC stock,30.159,low
Customer A,2021-08-21,19264.53,Savings Account,7.0251,medium
Customer B,2021-08-21,31889.8,SSE and HSBC stock,30.1624,low
Customer A,2021-08-22,19263.48,Savings Account,7.0193,medium
Customer B,2021-08-22,31890.63,SSE and HSBC stock,30.1659,low
Customer A,2021-08-23,19262.42,Savings Account,7.0135,medium
Customer B,2021-08-23,31891.47,SSE and HSBC stock,30.1693,low
Customer A,2021-08-24,19261.37,Savings Account,7.0076,medium
Customer B,2021-08-24,31892.3,SSE and HSBC stock,30.1727,low
Customer A,2021-08-25,19260.32,Savings Account,7.0018,medium
Customer B,2021-08-25,31893.14,SSE and HSBC stock,30.1761,low
Customer A,2021-08-26,19259.27,Savings Account,6.996,medium
Customer B,2021-08-26,31893.97,SSE and HSBC stock,30.1795,low
Customer A,2021-08-27,19258.22,Savings Account,6.9901,medium
Customer B,2021-08-27,31894.81,SSE and HSBC stock,30.1829,low
Customer A,2021-08-28,19257.17,Savings Account,6.9843,medium
Customer B,2021-08-28,31895.65,SSE and HSBC stock,30.1863,low
Customer A,2021-08-29,19256.12,Savings Account,6.9785,medium
Customer B,2021-08-29,31896.48,SSE and HSBC stock,30.1897,low
Customer A,2021-08-30,19255.07,Savings Account,6.9726,medium
Customer B,2021-08-30,31897.32,SSE and HSBC stock,30.1931,low
Customer A,2021-08-31,19254.02,Savings Account,6.9668,medium
Customer B,2021-08-31,31898.15,SSE and HSBC stock,30.1965,low
Customer A,2021-09-01,19252.98,Savings Account,6.961,medium
Customer B,2021-09-01,31898.99,SSE and HSBC stock,30.1999,low
Customer A,2021-09-02,19251.93,Savings Account,6.9551,medium
Customer B,2021-09-02,31899.82,SSE and HSBC stock,30.2034,low
Customer A,2021-09-03,19250.88,Savings Account,6.9493,medium
Customer B,2021-09-03,31900.66,SSE and HSBC stock,30.2068,low
Customer A,2021-09-04,19249.83,Savings Account,6.9435,medium
Customer B,2021-09-04,31901.49,SSE and HSBC stock,30.2102,low
Customer A,2021-09-05,19248.78,Savings Account,6.9376,medium
Customer B,2021-09-05,31902.33,SSE and HSBC stock,30.2136,low
Customer A,2021-09-06,19247.73,Savings Account,6.9318,medium
Customer B,2021-09-06,31903.16,SSE and HSBC stock,30.217,low
Customer A,2021-09-07,19246.68,Savings Account,6.926,medium
Customer B,2021-09-07,31904.0,SSE and HSBC stock,30.2204,low
Customer A,2021-09-08,19245.63,Savings Account,6.9202,medium
Customer B,2021-09-08,31904.83,SSE and HSBC stock,30.2238,low
Customer A,2021-09-09,19244.58,Savings Account,6.9143,medium
Customer B,2021-09-09,31905.67,SSE and HSBC stock,30.2272,low
Customer A,2021-09-10,19243.53,Savings Account,6.9085,medium
Customer B,2021-09-10,31906.51,SSE and HSBC stock,30.2306,low
Customer A,2021-09-11,19242.48,Savings Account,6.9027,medium
Customer B,2021-09-11,31907.34,SSE and HSBC stock,30.234,low
Customer A,2021-09-12,19241.43,Savings Account,6.8968,medium
Customer B,2021-09-12,31908.18,SSE and HSBC stock,30.2375,low
Customer A,2021-09-13,19240.38,Savings Account,6.891,medium
Customer B,2021-09-13,31909.01,SSE and HSBC stock,30.2409,low
Customer A,2021-09-14,19239.33,Savings Account,6.8852,medium
Customer B,2021-09-14,31909.85,SSE and HSBC stock,30.2443,low
Customer A,2021-09-15,19238.28,Savings Account,6.8794,medium
Customer B,2021-09-15,31910.68,SSE and HSBC stock,30.2477,low
Customer A,2021-09-16,19237.24,Savings Account,6.8735,medium
Customer B,2021-09-16,31911.52,SSE and HSBC stock,30.2511,low
Customer A,2021-09-17,19236.19,Savings Account,6.8677,medium
Customer B,2021-09-17,31912.35,SSE and HSBC stock,30.2545,low
Customer A,2021-09-18,19235.14,Savings Account,6.8619,medium
Customer B,2021-09-18,31913.19,SSE and HSBC stock,30.2579,low
Customer A,2021-09-19,19234.09,Savings Account,6.8561,medium
Customer B,2021-09-19,31914.03,SSE and HSBC stock,30.2613,low
Customer A,2021-09-20,19233.04,Savings Account,6.8502,medium
Customer B,2021-09-20,31914.86,SSE and HSBC stock,30.2647,low
Customer A,2021-09-21,19231.99,Savings Account,6.8444,medium
Customer B,2021-09-21,31915.7,SSE and HSBC stock,30.2682,low
Customer A,2021-09-22,19230.94,Savings Account,6.8386,medium
Customer B,2021-09-22,31916.53,SSE and HSBC stock,30.2716,low
Customer A,2021-09-23,19229.9,Savings Account,6.8328,medium
Customer B,2021-09-23,31917.37,SSE and HSBC stock,30.275,low
Customer A,2021-09-24,19228.85,Savings Account,6.8269,medium
Customer B,2021-09-24,31918.2,SSE and HSBC stock,30.2784,low
Customer A,2021-09-25,19227.8,Savings Account,6.8211,medium
Customer B,2021-09-25,31919.04,SSE and HSBC stock,30.2818,low
Customer A,2021-09-26,19226.75,Savings Account,6.8153,medium
Customer B,2021-09-26,31919.88,SSE and HSBC stock,30.2852,low
Customer A,2021-09-27,19225.7,Savings Account,6.8095,medium
Customer B,2021-09-27,31920.71,SSE and HSBC stock,30.2886,low
Customer A,2021-09-28,19224.65,Savings Account,6.8036,medium
Customer B,2021-09-28,31921.55,SSE and HSBC stock,30.292,low
Customer A,2021-09-29,19223.61,Savings Account,6.7978,medium
Customer B,2021-09-29,31922.38,SSE and HSBC stock,30.2954,low
Customer A,2021-09-30,19222.56,Savings Account,6.792,medium
Customer B,2021-09-30,31923.22,SSE and HSBC stock,30.2989,low
Customer A,2021-10-01,19221.51,Savings Account,6.7862,medium
Customer B,2021-10-01,31924.06,SSE and HSBC stock,30.3023,low
Customer A,2021-10-02,19220.46,Savings Account,6.7803,medium
Customer B,2021-10-02,31924.89,SSE and HSBC stock,30.3057,low
Customer A,2021-10-03,19219.41,Savings Account,6.7745,medium
Customer B,2021-10-03,31925.73,SSE and HSBC stock,30.3091,low
Customer A,2021-10-04,19218.37,Savings Account,6.7687,medium
Customer B,2021-10-04,31926.56,SSE and HSBC stock,30.3125,low
Customer A,2021-10-05,19217.32,Savings Account,6.7629,medium
Customer B,2021-10-05,31927.4,SSE and HSBC stock,30.3159,low
Customer A,2021-10-06,19216.27,Savings Account,6.7571,medium
Customer B,2021-10-06,31928.24,SSE and HSBC stock,30.3193,low
Customer A,2021-10-07,19215.22,Savings Account,6.7512,medium
Customer B,2021-10-07,31929.07,SSE and HSBC stock,30.3227,low
Customer A,2021-10-08,19214.17,Savings Account,6.7454,medium
Customer B,2021-10-08,31929.91,SSE and HSBC stock,30.3262,low
Customer A,2021-10-09,19213.13,Savings Account,6.7396,medium
Customer B,2021-10-09,31930.75,SSE and HSBC stock,30.3296,low
Customer A,2021-10-10,19212.08,Savings Account,6.7338,medium
Customer B,2021-10-10,31931.58,SSE and HSBC stock,30.333,low
Customer A,2021-10-11,19211.03,Savings Account,6.728,medium
Customer B,2021-10-11,31932.42,SSE and HSBC stock,30.3364,low
Customer A,2021-10-12,19209.99,Savings Account,6.7221,medium
Customer B,2021-10-12,31933.25,SSE and HSBC stock,30.3398,low
Customer A,2021-10-13,19208.94,Savings Account,6.7163,medium
Customer B,2021-10-13,31934.09,SSE and HSBC stock,30.3432,low
Customer A,2021-10-14,19207.89,Savings Account,6.7105,medium
Customer B,2021-10-14,31934.93,SSE and HSBC stock,30.3466,low
Customer A,2021-10-15,19206.84,Savings Account,6.7047,medium
Customer B,2021-10-15,31935.76,SSE and HSBC stock,30.3501,low
Customer A,2021-10-16,19205.8,Savings Account,6.6989,medium
Customer B,2021-10-16,31936.6,SSE and HSBC stock,30.3535,low
Customer A,2021-10-17,19204.75,Savings Account,6.693,medium
Customer B,2021-10-17,31937.44,SSE and HSBC stock,30.3569,low
Customer A,2021-10-18,19203.7,Savings Account,6.6872,medium
Customer B,2021-10-18,31938.27,SSE and HSBC stock,30.3603,low
Customer A,2021-10-19,19202.65,Savings Account,6.6814,medium
Customer B,2021-10-19,31939.11,SSE and HSBC stock,30.3637,low
Customer A,2021-10-20,19201.61,Savings Account,6.6756,medium
Customer B,2021-10-20,31939.94,SSE and HSBC stock,30.3671,low
Customer A,2021-10-21,19200.56,Savings Account,6.6698,medium
Customer B,2021-10-21,31940.78,SSE and HSBC stock,30.3705,low
Customer A,2021-10-22,19199.51,Savings Account,6.664,medium
Customer B,2021-10-22,31941.62,SSE and HSBC stock,30.3739,low
Customer A,2021-10-23,19198.47,Savings Account,6.6582,medium
Customer B,2021-10-23,31942.45,SSE and HSBC stock,30.3774,low
Customer A,2021-10-24,19197.42,Savings Account,6.6523,medium
Customer B,2021-10-24,31943.29,SSE and HSBC stock,30.3808,low
Customer A,2021-10-25,19196.37,Savings Account,6.6465,medium
Customer B,2021-10-25,31944.13,SSE and HSBC stock,30.3842,low
Customer A,2021-10-26,19195.33,Savings Account,6.6407,medium
Customer B,2021-10-26,31944.96,SSE and HSBC stock,30.3876,low
Customer A,2021-10-27,19194.28,Savings Account,6.6349,medium
Customer B,2021-10-27,31945.8,SSE and HSBC stock,30.391,low
Customer A,2021-10-28,19193.23,Savings Account,6.6291,medium
Customer B,2021-10-28,31946.64,SSE and HSBC stock,30.3944,low
Customer A,2021-10-29,19192.19,Savings Account,6.6233,medium
Customer B,2021-10-29,31947.47,SSE and HSBC stock,30.3978,low
Customer A,2021-10-30,19191.14,Savings Account,6.6175,medium
Customer B,2021-10-30,31948.31,SSE and HSBC stock,30.4013,low
Customer A,2021-10-31,19190.1,Savings Account,6.6116,medium
Customer B,2021-10-31,31949.15,SSE and HSBC stock,30.4047,low
Customer A,2021-11-01,19189.05,Savings Account,6.6058,medium
Customer B,2021-11-01,31949.98,SSE and HSBC stock,30.4081,low
Customer A,2021-11-02,19188.0,Savings Account,6.6,medium
Customer B,2021-11-02,31950.82,SSE and HSBC stock,30.4115,low
Customer A,2021-11-03,19186.96,Savings Account,6.5942,medium
Customer B,2021-11-03,31951.66,SSE and HSBC stock,30.4149,low
Customer A,2021-11-04,19185.91,Savings Account,6.5884,medium
Customer B,2021-11-04,31952.49,SSE and HSBC stock,30.4183,low
Customer A,2021-11-05,19184.86,Savings Account,6.5826,medium
Customer B,2021-11-05,31953.33,SSE and HSBC stock,30.4218,low
Customer A,2021-11-06,19183.82,Savings Account,6.5768,medium
Customer B,2021-11-06,31954.17,SSE and HSBC stock,30.4252,low
Customer A,2021-11-07,19182.77,Savings Account,6.571,medium
Customer B,2021-11-07,31955.0,SSE and HSBC stock,30.4286,low
Customer A,2021-11-08,19181.73,Savings Account,6.5651,medium
Customer B,2021-11-08,31955.84,SSE and HSBC stock,30.432,low
Customer A,2021-11-09,19180.68,Savings Account,6.5593,medium
Customer B,2021-11-09,31956.68,SSE and HSBC stock,30.4354,low
Customer A,2021-11-10,19179.64,Savings Account,6.5535,medium
Customer B,2021-11-10,31957.51,SSE and HSBC stock,30.4388,low
Customer A,2021-11-11,19178.59,Savings Account,6.5477,medium
Customer B,2021-11-11,31958.35,SSE and HSBC stock,30.4422,low
Customer A,2021-11-12,19177.54,Savings Account,6.5419,medium
Customer B,2021-11-12,31959.19,SSE and HSBC stock,30.4457,low
Customer A,2021-11-13,19176.5,Savings Account,6.5361,medium
Customer B,2021-11-13,31960.02,SSE and HSBC stock,30.4491,low
Customer A,2021-11-14,19175.45,Savings Account,6.5303,medium
Customer B,2021-11-14,31960.86,SSE and HSBC stock,30.4525,low
Customer A,2021-11-15,19174.41,Savings Account,6.5245,medium
Customer B,2021-11-15,31961.7,SSE and HSBC stock,30.4559,low
Customer A,2021-11-16,19173.36,Savings Account,6.5187,medium
Customer B,2021-11-16,31962.54,SSE and HSBC stock,30.4593,low
Customer A,2021-11-17,19172.32,Savings Account,6.5129,medium
Customer B,2021-11-17,31963.37,SSE and HSBC stock,30.4627,low
Customer A,2021-11-18,19171.27,Savings Account,6.5071,medium
Customer B,2021-11-18,31964.21,SSE and HSBC stock,30.4662,low
Customer A,2021-11-19,19170.23,Savings Account,6.5013,medium
Customer B,2021-11-19,31965.05,SSE and HSBC stock,30.4696,low
Customer A,2021-11-20,19169.18,Savings Account,6.4955,medium
Customer B,2021-11-20,31965.88,SSE and HSBC stock,30.473,low
Customer A,2021-11-21,19168.14,Savings Account,6.4896,medium
Customer B,2021-11-21,31966.72,SSE and HSBC stock,30.4764,low
Customer A,2021-11-22,19167.09,Savings Account,6.4838,medium
Customer B,2021-11-22,31967.56,SSE and HSBC stock,30.4798,low
Customer A,2021-11-23,19166.05,Savings Account,6.478,medium
Customer B,2021-11-23,31968.39,SSE and HSBC stock,30.4832,low
Customer A,2021-11-24,19165.0,Savings Account,6.4722,medium
Customer B,2021-11-24,31969.23,SSE and HSBC stock,30.4867,low
Customer A,2021-11-25,19163.96,Savings Account,6.4664,medium
Customer B,2021-11-25,31970.07,SSE and HSBC stock,30.4901,low
Customer A,2021-11-26,19162.91,Savings Account,6.4606,medium
Customer B,2021-11-26,31970.91,SSE and HSBC stock,30.4935,low
Customer A,2021-11-27,19161.87,Savings Account,6.4548,medium
Customer B,2021-11-27,31971.74,SSE and HSBC stock,30.4969,low
Customer A,2021-11-28,19160.82,Savings Account,6.449,medium
Customer B,2021-11-28,31972.58,SSE and HSBC stock,30.5003,low
Customer A,2021-11-29,19159.78,Savings Account,6.4432,medium
Customer B,2021-11-29,31973.42,SSE and HSBC stock,30.5037,low
Customer A,2021-11-30,19158.73,Savings Account,6.4374,medium
Customer B,2021-11-30,31974.26,SSE and HSBC stock,30.5072,low
Customer A,2021-12-01,19157.69,Savings Account,6.4316,medium
Customer B,2021-12-01,31975.09,SSE and HSBC stock,30.5106,low
Customer A,2021-12-02,19156.64,Savings Account,6.4258,medium
Customer B,2021-12-02,31975.93,SSE and HSBC stock,30.514,low
Customer A,2021-12-03,19155.6,Savings Account,6.42,medium
Customer B,2021-12-03,31976.77,SSE and HSBC stock,30.5174,low
Customer A,2021-12-04,19154.55,Savings Account,6.4142,medium
Customer B,2021-12-04,31977.6,SSE and HSBC stock,30.5208,low
Customer A,2021-12-05,19153.51,Savings Account,6.4084,medium
Customer B,2021-12-05,31978.44,SSE and HSBC stock,30.5243,low
Customer A,2021-12-06,19152.47,Savings Account,6.4026,medium
Customer B,2021-12-06,31979.28,SSE and HSBC stock,30.5277,low
Customer A,2021-12-07,19151.42,Savings Account,6.3968,medium
Customer B,2021-12-07,31980.12,SSE and HSBC stock,30.5311,low
Customer A,2021-12-08,19150.38,Savings Account,6.391,medium
Customer B,2021-12-08,31980.95,SSE and HSBC stock,30.5345,low
Customer A,2021-12-09,19149.33,Savings Account,6.3852,medium
Customer B,2021-12-09,31981.79,SSE and HSBC stock,30.5379,low
Customer A,2021-12-10,19148.29,Savings Account,6.3794,medium
Customer B,2021-12-10,31982.63,SSE and HSBC stock,30.5413,low
Customer A,2021-12-11,19147.25,Savings Account,6.3736,medium
Customer B,2021-12-11,31983.47,SSE and HSBC stock,30.5448,low
Customer A,2021-12-12,19146.2,Savings Account,6.3678,medium
Customer B,2021-12-12,31984.3,SSE and HSBC stock,30.5482,low
Customer A,2021-12-13,19145.16,Savings Account,6.362,medium
Customer B,2021-12-13,31985.14,SSE and HSBC stock,30.5516,low
Customer A,2021-12-14,19144.11,Savings Account,6.3562,medium
Customer B,2021-12-14,31985.98,SSE and HSBC stock,30.555,low
Customer A,2021-12-15,19143.07,Savings Account,6.3504,medium
Customer B,2021-12-15,31986.82,SSE and HSBC stock,30.5584,low
Customer A,2021-12-16,19142.03,Savings Account,6.3446,medium
Customer B,2021-12-16,31987.66,SSE and HSBC stock,30.5619,low
Customer A,2021-12-17,19140.98,Savings Account,6.3388,medium
Customer B,2021-12-17,31988.49,SSE and HSBC stock,30.5653,low
Customer A,2021-12-18,19139.94,Savings Account,6.333,medium
Customer B,2021-12-18,31989.33,SSE and HSBC stock,30.5687,low
Customer A,2021-12-19,19138.9,Savings Account,6.3272,medium
Customer B,2021-12-19,31990.17,SSE and HSBC stock,30.5721,low
Customer A,2021-12-20,19137.85,Savings Account,6.3214,medium
Customer B,2021-12-20,31991.01,SSE and HSBC stock,30.5755,low
Customer A,2021-12-21,19136.81,Savings Account,6.3156,medium
Customer B,2021-12-21,31991.84,SSE and HSBC stock,30.579,low
Customer A,2021-12-22,19135.77,Savings Account,6.3098,medium
Customer B,2021-12-22,31992.68,SSE and HSBC stock,30.5824,low
Customer A,2021-12-23,19134.72,Savings Account,6.304,medium
Customer B,2021-12-23,31993.52,SSE and HSBC stock,30.5858,low
Customer A,2021-12-24,19133.68,Savings Account,6.2982,medium
Customer B,2021-12-24,31994.36,SSE and HSBC stock,30.5892,low
Customer A,2021-12-25,19132.64,Savings Account,6.2924,medium
Customer B,2021-12-25,31995.2,SSE and HSBC stock,30.5926,low
Customer A,2021-12-26,19131.59,Savings Account,6.2866,medium
Customer B,2021-12-26,31996.03,SSE and HSBC stock,30.5961,low
Customer A,2021-12-27,19130.55,Savings Account,6.2808,medium
Customer B,2021-12-27,31996.87,SSE and HSBC stock,30.5995,low
Customer A,2021-12-28,19129.51,Savings Account,6.275,medium
Customer B,2021-12-28,31997.71,SSE and HSBC stock,30.6029,low
Customer A,2021-12-29,19128.46,Savings Account,6.2692,medium
Customer B,2021-12-29,31998.55,SSE and HSBC stock,30.6063,low
Customer A,2021-12-30,19127.42,Savings Account,6.2634,medium
Customer B,2021-12-30,31999.38,SSE and HSBC stock,30.6097,low
Customer A,2021-12-31,19126.38,Savings Account,6.2577,medium
Customer B,2021-12-31,32000.22,SSE and HSBC stock,30.6132,low
Customer A,2022-01-01,19125.34,Savings Account,6.2519,medium
Customer B,2022-01-01,32001.06,SSE and HSBC stock,30.6166,low
Customer A,2022-01-02,19124.29,Savings Account,6.2461,medium
Customer B,2022-01-02,32001.9,SSE and HSBC stock,30.62,low
Customer A,2022-01-03,19123.25,Savings Account,6.2403,medium
Customer B,2022-01-03,32002.74,SSE and HSBC stock,30.6234,low
Customer A,2022-01-04,19122.21,Savings Account,6.2345,medium
Customer B,2022-01-04,32003.57,SSE and HSBC stock,30.6268,low
Customer A,2022-01-05,19121.16,Savings Account,6.2287,medium
Customer B,2022-01-05,32004.41,SSE and HSBC stock,30.6303,low
Customer A,2022-01-06,19120.12,Savings Account,6.2229,medium
Customer B,2022-01-06,32005.25,SSE and HSBC stock,30.6337,low
Customer A,2022-01-07,19119.08,Savings Account,6.2171,medium
Customer B,2022-01-07,32006.09,SSE and HSBC stock,30.6371,low
Customer A,2022-01-08,19118.04,Savings Account,6.2113,medium
Customer B,2022-01-08,32006.93,SSE and HSBC stock,30.6405,low
Customer A,2022-01-09,19117.0,Savings Account,6.2055,medium
Customer B,2022-01-09,32007.77,SSE and HSBC stock,30.6439,low
Customer A,2022-01-10,19115.95,Savings Account,6.1997,medium
Customer B,2022-01-10,32008.6,SSE and HSBC stock,30.6474,low
Customer A,2022-01-11,19114.91,Savings Account,6.1939,medium
Customer B,2022-01-11,32009.44,SSE and HSBC stock,30.6508,low
Customer A,2022-01-12,19113.87,Savings Account,6.1882,medium
Customer B,2022-01-12,32010.28,SSE and HSBC stock,30.6542,low
Customer A,2022-01-13,19112.83,Savings Account,6.1824,medium
Customer B,2022-01-13,32011.12,SSE and HSBC stock,30.6576,low
Customer A,2022-01-14,19111.78,Savings Account,6.1766,medium
Customer B,2022-01-14,32011.96,SSE and HSBC stock,30.661,low
Customer A,2022-01-15,19110.74,Savings Account,6.1708,medium
Customer B,2022-01-15,32012.79,SSE and HSBC stock,30.6645,low
Customer A,2022-01-16,19109.7,Savings Account,6.165,medium
Customer B,2022-01-16,32013.63,SSE and HSBC stock,30.6679,low
Customer A,2022-01-17,19108.66,Savings Account,6.1592,medium
Customer B,2022-01-17,32014.47,SSE and HSBC stock,30.6713,low
Customer A,2022-01-18,19107.62,Savings Account,6.1534,medium
Customer B,2022-01-18,32015.31,SSE and HSBC stock,30.6747,low
Customer A,2022-01-19,19106.57,Savings Account,6.1476,medium
Customer B,2022-01-19,32016.15,SSE and HSBC stock,30.6782,low
Customer A,2022-01-20,19105.53,Savings Account,6.1419,medium
Customer B,2022-01-20,32016.99,SSE and HSBC stock,30.6816,low
Customer A,2022-01-21,19104.49,Savings Account,6.1361,medium
Customer B,2022-01-21,32017.83,SSE and HSBC stock,30.685,low
Customer A,2022-01-22,19103.45,Savings Account,6.1303,medium
Customer B,2022-01-22,32018.66,SSE and HSBC stock,30.6884,low
Customer A,2022-01-23,19102.41,Savings Account,6.1245,medium
Customer B,2022-01-23,32019.5,SSE and HSBC stock,30.6918,low
Customer A,2022-01-24,19101.37,Savings Account,6.1187,medium
Customer B,2022-01-24,32020.34,SSE and HSBC stock,30.6953,low
Customer A,2022-01-25,19100.33,Savings Account,6.1129,medium
Customer B,2022-01-25,32021.18,SSE and HSBC stock,30.6987,low
Customer A,2022-01-26,19099.28,Savings Account,6.1071,medium
Customer B,2022-01-26,32022.02,SSE and HSBC stock,30.7021,low
Customer A,2022-01-27,19098.24,Savings Account,6.1013,medium
Customer B,2022-01-27,32022.86,SSE and HSBC stock,30.7055,low
Customer A,2022-01-28,19097.2,Savings Account,6.0956,medium
Customer B,2022-01-28,32023.69,SSE and HSBC stock,30.709,low
Customer A,2022-01-29,19096.16,Savings Account,6.0898,medium
Customer B,2022-01-29,32024.53,SSE and HSBC stock,30.7124,low
Customer A,2022-01-30,19095.12,Savings Account,6.084,medium
Customer B,2022-01-30,32025.37,SSE and HSBC stock,30.7158,low
Customer A,2022-01-31,19094.08,Savings Account,6.0782,medium
Customer B,2022-01-31,32026.21,SSE and HSBC stock,30.7192,low
Customer A,2022-02-01,19093.04,Savings Account,6.0724,medium
Customer B,2022-02-01,32027.05,SSE and HSBC stock,30.7227,low
Customer A,2022-02-02,19092.0,Savings Account,6.0666,medium
Customer B,2022-02-02,32027.89,SSE and HSBC stock,30.7261,low
Customer A,2022-02-03,19090.96,Savings Account,6.0609,medium
Customer B,2022-02-03,32028.73,SSE and HSBC stock,30.7295,low
Customer A,2022-02-04,19089.91,Savings Account,6.0551,medium
Customer B,2022-02-04,32029.57,SSE and HSBC stock,30.7329,low
Customer A,2022-02-05,19088.87,Savings Account,6.0493,medium
Customer B,2022-02-05,32030.4,SSE and HSBC stock,30.7363,low
Customer A,2022-02-06,19087.83,Savings Account,6.0435,medium
Customer B,2022-02-06,32031.24,SSE and HSBC stock,30.7398,low
Customer A,2022-02-07,19086.79,Savings Account,6.0377,medium
Customer B,2022-02-07,32032.08,SSE and HSBC stock,30.7432,low
Customer A,2022-02-08,19085.75,Savings Account,6.032,medium
Customer B,2022-02-08,32032.92,SSE and HSBC stock,30.7466,low
Customer A,2022-02-09,19084.71,Savings Account,6.0262,medium
Customer B,2022-02-09,32033.76,SSE and HSBC stock,30.75,low
Customer A,2022-02-10,19083.67,Savings Account,6.0204,medium
Customer B,2022-02-10,32034.6,SSE and HSBC stock,30.7535,low
Customer A,2022-02-11,19082.63,Savings Account,6.0146,medium
Customer B,2022-02-11,32035.44,SSE and HSBC stock,30.7569,low
Customer A,2022-02-12,19081.59,Savings Account,6.0088,medium
Customer B,2022-02-12,32036.28,SSE and HSBC stock,30.7603,low
Customer A,2022-02-13,19080.55,Savings Account,6.0031,medium
Customer B,2022-02-13,32037.12,SSE and HSBC stock,30.7637,low
Customer A,2022-02-14,19079.51,Savings Account,5.9973,medium
Customer B,2022-02-14,32037.95,SSE and HSBC stock,30.7672,low
Customer A,2022-02-15,19078.47,Savings Account,5.9915,medium
Customer B,2022-02-15,32038.79,SSE and HSBC stock,30.7706,low
Customer A,2022-02-16,19077.43,Savings Account,5.9857,medium
Customer B,2022-02-16,32039.63,SSE and HSBC stock,30.774,low
Customer A,2022-02-17,19076.39,Savings Account,5.9799,medium
Customer B,2022-02-17,32040.47,SSE and HSBC stock,30.7774,low
Customer A,2022-02-18,19075.35,Savings Account,5.9742,medium
Customer B,2022-02-18,32041.31,SSE and HSBC stock,30.7809,low
Customer A,2022-02-19,19074.31,Savings Account,5.9684,medium
Customer B,2022-02-19,32042.15,SSE and HSBC stock,30.7843,low
Customer A,2022-02-20,19073.27,Savings Account,5.9626,medium
Customer B,2022-02-20,32042.99,SSE and HSBC stock,30.7877,low
Customer A,2022-02-21,19072.23,Savings Account,5.9568,medium
Customer B,2022-02-21,32043.83,SSE and HSBC stock,30.7911,low
Customer A,2022-02-22,19071.19,Savings Account,5.951,medium
Customer B,2022-02-22,32044.67,SSE and HSBC stock,30.7946,low
Customer A,2022-02-23,19070.15,Savings Account,5.9453,medium
Customer B,2022-02-23,32045.51,SSE and HSBC stock,30.798,low
Customer A,2022-02-24,19069.11,Savings Account,5.9395,medium
Customer B,2022-02-24,32046.35,SSE and HSBC stock,30.8014,low
Customer A,2022-02-25,19068.07,Savings Account,5.9337,medium
Customer B,2022-02-25,32047.18,SSE and HSBC stock,30.8048,low
Customer A,2022-02-26,19067.03,Savings Account,5.9279,medium
Customer B,2022-02-26,32048.02,SSE and HSBC stock,30.8083,low
Customer A,2022-02-27,19065.99,Savings Account,5.9222,medium
Customer B,2022-02-27,32048.86,SSE and HSBC stock,30.8117,low
Customer A,2022-02-28,19064.95,Savings Account,5.9164,medium
Customer B,2022-02-28,32049.7,SSE and HSBC stock,30.8151,low
Customer A,2022-03-01,19063.91,Savings Account,5.9106,medium
Customer B,2022-03-01,32050.54,SSE and HSBC stock,30.8185,low
Customer A,2022-03-02,19062.87,Savings Account,5.9048,medium
Customer B,2022-03-02,32051.38,SSE and HSBC stock,30.822,low
Customer A,2022-03-03,19061.83,Savings Account,5.8991,medium
Customer B,2022-03-03,32052.22,SSE and HSBC stock,30.8254,low
Customer A,2022-03-04,19060.79,Savings Account,5.8933,medium
Customer B,2022-03-04,32053.06,SSE and HSBC stock,30.8288,low
Customer A,2022-03-05,19059.75,Savings Account,5.8875,medium
Customer B,2022-03-05,32053.9,SSE and HSBC stock,30.8322,low
Customer A,2022-03-06,19058.72,Savings Account,5.8818,medium
Customer B,2022-03-06,32054.74,SSE and HSBC stock,30.8357,low
Customer A,2022-03-07,19057.68,Savings Account,5.876,medium
Customer B,2022-03-07,32055.58,SSE and HSBC stock,30.8391,low
Customer A,2022-03-08,19056.64,Savings Account,5.8702,medium
Customer B,2022-03-08,32056.42,SSE and HSBC stock,30.8425,low
Customer A,2022-03-09,19055.6,Savings Account,5.8644,medium
Customer B,2022-03-09,32057.26,SSE and HSBC stock,30.8459,low
Customer A,2022-03-10,19054.56,Savings Account,5.8587,medium
Customer B,2022-03-10,32058.1,SSE and HSBC stock,30.8494,low
Customer A,2022-03-11,19053.52,Savings Account,5.8529,medium
Customer B,2022-03-11,32058.94,SSE and HSBC stock,30.8528,low
Customer A,2022-03-12,19052.48,Savings Account,5.8471,medium
Customer B,2022-03-12,32059.78,SSE and HSBC stock,30.8562,low
Customer A,2022-03-13,19051.44,Savings Account,5.8413,medium
Customer B,2022-03-13,32060.61,SSE and HSBC stock,30.8597,low
Customer A,2022-03-14,19050.4,Savings Account,5.8356,medium
Customer B,2022-03-14,32061.45,SSE and HSBC stock,30.8631,low
Customer A,2022-03-15,19049.37,Savings Account,5.8298,medium
Customer B,2022-03-15,32062.29,SSE and HSBC stock,30.8665,low
Customer A,2022-03-16,19048.33,Savings Account,5.824,medium
Customer B,2022-03-16,32063.13,SSE and HSBC stock,30.8699,low
Customer A,2022-03-17,19047.29,Savings Account,5.8183,medium
Customer B,2022-03-17,32063.97,SSE and HSBC stock,30.8734,low
Customer A,2022-03-18,19046.25,Savings Account,5.8125,medium
Customer B,2022-03-18,32064.81,SSE and HSBC stock,30.8768,low
Customer A,2022-03-19,19045.21,Savings Account,5.8067,medium
Customer B,2022-03-19,32065.65,SSE and HSBC stock,30.8802,low
Customer A,2022-03-20,19044.17,Savings Account,5.801,medium
Customer B,2022-03-20,32066.49,SSE and HSBC stock,30.8836,low
Customer A,2022-03-21,19043.13,Savings Account,5.7952,medium
Customer B,2022-03-21,32067.33,SSE and HSBC stock,30.8871,low
Customer A,2022-03-22,19042.1,Savings Account,5.7894,medium
Customer B,2022-03-22,32068.17,SSE and HSBC stock,30.8905,low
Customer A,2022-03-23,19041.06,Savings Account,5.7837,medium
Customer B,2022-03-23,32069.01,SSE and HSBC stock,30.8939,low
Customer A,2022-03-24,19040.02,Savings Account,5.7779,medium
Customer B,2022-03-24,32069.85,SSE and HSBC stock,30.8974,low
Customer A,2022-03-25,19038.98,Savings Account,5.7721,medium
Customer B,2022-03-25,32070.69,SSE and HSBC stock,30.9008,low
Customer A,2022-03-26,19037.94,Savings Account,5.7664,medium
Customer B,2022-03-26,32071.53,SSE and HSBC stock,30.9042,low
Customer A,2022-03-27,19036.91,Savings Account,5.7606,medium
Customer B,2022-03-27,32072.37,SSE and HSBC stock,30.9076,low
Customer A,2022-03-28,19035.87,Savings Account,5.7548,medium
Customer B,2022-03-28,32073.21,SSE and HSBC stock,30.9111,low
Customer A,2022-03-29,19034.83,Savings Account,5.7491,medium
Customer B,2022-03-29,32074.05,SSE and HSBC stock,30.9145,low
Customer A,2022-03-30,19033.79,Savings Account,5.7433,medium
Customer B,2022-03-30,32074.89,SSE and HSBC stock,30.9179,low
Customer A,2022-03-31,19032.76,Savings Account,5.7375,medium
Customer B,2022-03-31,32075.73,SSE and HSBC stock,30.9213,low
Customer A,2022-04-01,19031.72,Savings Account,5.7318,medium
Customer B,2022-04-01,32076.57,SSE and HSBC stock,30.9248,low
Customer A,2022-04-02,19030.68,Savings Account,5.726,medium
Customer B,2022-04-02,32077.41,SSE and HSBC stock,30.9282,low
Customer A,2022-04-03,19029.64,Savings Account,5.7202,medium
Customer B,2022-04-03,32078.25,SSE and HSBC stock,30.9316,low
Customer A,2022-04-04,19028.6,Savings Account,5.7145,medium
Customer B,2022-04-04,32079.09,SSE and HSBC stock,30.9351,low
Customer A,2022-04-05,19027.57,Savings Account,5.7087,medium
Customer B,2022-04-05,32079.93,SSE and HSBC stock,30.9385,low
Customer A,2022-04-06,19026.53,Savings Account,5.7029,medium
Customer B,2022-04-06,32080.77,SSE and HSBC stock,30.9419,low
Customer A,2022-04-07,19025.49,Savings Account,5.6972,medium
Customer B,2022-04-07,32081.61,SSE and HSBC stock,30.9454,low
Customer A,2022-04-08,19024.46,Savings Account,5.6914,medium
Customer B,2022-04-08,32082.45,SSE and HSBC stock,30.9488,low
Customer A,2022-04-09,19023.42,Savings Account,5.6857,medium
Customer B,2022-04-09,32083.29,SSE and HSBC stock,30.9522,low
Customer A,2022-04-10,19022.38,Savings Account,5.6799,medium
Customer B,2022-04-10,32084.13,SSE and HSBC stock,30.9556,low
Customer A,2022-04-11,19021.34,Savings Account,5.6741,medium
Customer B,2022-04-11,32084.97,SSE and HSBC stock,30.9591,low
Customer A,2022-04-12,19020.31,Savings Account,5.6684,medium
Customer B,2022-04-12,32085.81,SSE and HSBC stock,30.9625,low
Customer A,2022-04-13,19019.27,Savings Account,5.6626,medium
Customer B,2022-04-13,32086.65,SSE and HSBC stock,30.9659,low
Customer A,2022-04-14,19018.23,Savings Account,5.6568,medium
Customer B,2022-04-14,32087.49,SSE and HSBC stock,30.9694,low
Customer A,2022-04-15,19017.2,Savings Account,5.6511,medium
Customer B,2022-04-15,32088.33,SSE and HSBC stock,30.9728,low
Customer A,2022-04-16,19016.16,Savings Account,5.6453,medium
Customer B,2022-04-16,32089.17,SSE and HSBC stock,30.9762,low
Customer A,2022-04-17,19015.12,Savings Account,5.6396,medium
Customer B,2022-04-17,32090.01,SSE and HSBC stock,30.9796,low
Customer A,2022-04-18,19014.09,Savings Account,5.6338,medium
Customer B,2022-04-18,32090.85,SSE and HSBC stock,30.9831,low
Customer A,2022-04-19,19013.05,Savings Account,5.628,medium
Customer B,2022-04-19,32091.69,SSE and HSBC stock,30.9865,low
Customer A,2022-04-20,19012.01,Savings Account,5.6223,medium
Customer B,2022-04-20,32092.53,SSE and HSBC stock,30.9899,low
Customer A,2022-04-21,19010.98,Savings Account,5.6165,medium
Customer B,2022-04-21,32093.37,SSE and HSBC stock,30.9934,low
Customer A,2022-04-22,19009.94,Savings Account,5.6108,medium
Customer B,2022-04-22,32094.22,SSE and HSBC stock,30.9968,low
Customer A,2022-04-23,19008.9,Savings Account,5.605,medium
Customer B,2022-04-23,32095.06,SSE and HSBC stock,31.0002,low
Customer A,2022-04-24,19007.87,Savings Account,5.5993,medium
Customer B,2022-04-24,32095.9,SSE and HSBC stock,31.0037,low
Customer A,2022-04-25,19006.83,Savings Account,5.5935,medium
Customer B,2022-04-25,32096.74,SSE and HSBC stock,31.0071,low
Customer A,2022-04-26,19005.79,Savings Account,5.5877,medium
Customer B,2022-04-26,32097.58,SSE and HSBC stock,31.0105,low
Customer A,2022-04-27,19004.76,Savings Account,5.582,medium
Customer B,2022-04-27,32098.42,SSE and HSBC stock,31.014,low
Customer A,2022-04-28,19003.72,Savings Account,5.5762,medium
Customer B,2022-04-28,32099.26,SSE and HSBC stock,31.0174,low
Customer A,2022-04-29,19002.69,Savings Account,5.5705,medium
Customer B,2022-04-29,32100.1,SSE and HSBC stock,31.0208,low
Customer A,2022-04-30,19001.65,Savings Account,5.5647,medium
Customer B,2022-04-30,32100.94,SSE and HSBC stock,31.0242,low
Customer A,2022-05-01,19000.61,Savings Account,5.559,medium
Customer B,2022-05-01,32101.78,SSE and HSBC stock,31.0277,low
Customer A,2022-05-02,18999.58,Savings Account,5.5532,medium
Customer B,2022-05-02,32102.62,SSE and HSBC stock,31.0311,low
Customer A,2022-05-03,18998.54,Savings Account,5.5475,medium
Customer B,2022-05-03,32103.46,SSE and HSBC stock,31.0345,low
Customer A,2022-05-04,18997.51,Savings Account,5.5417,medium
Customer B,2022-05-04,32104.3,SSE and HSBC stock,31.038,low
Customer A,2022-05-05,18996.47,Savings Account,5.5359,medium
Customer B,2022-05-05,32105.14,SSE and HSBC stock,31.0414,low
Customer A,2022-05-06,18995.43,Savings Account,5.5302,medium
Customer B,2022-05-06,32105.98,SSE and HSBC stock,31.0448,low
Customer A,2022-05-07,18994.4,Savings Account,5.5244,medium
Customer B,2022-05-07,32106.82,SSE and HSBC stock,31.0483,low
Customer A,2022-05-08,18993.36,Savings Account,5.5187,medium
Customer B,2022-05-08,32107.67,SSE and HSBC stock,31.0517,low
Customer A,2022-05-09,18992.33,Savings Account,5.5129,medium
Customer B,2022-05-09,32108.51,SSE and HSBC stock,31.0551,low
Customer A,2022-05-10,18991.29,Savings Account,5.5072,medium
Customer B,2022-05-10,32109.35,SSE and HSBC stock,31.0586,low
Customer A,2022-05-11,18990.26,Savings Account,5.5014,medium
Customer B,2022-05-11,32110.19,SSE and HSBC stock,31.062,low
Customer A,2022-05-12,18989.22,Savings Account,5.4957,medium
Customer B,2022-05-12,32111.03,SSE and HSBC stock,31.0654,low
Customer A,2022-05-13,18988.19,Savings Account,5.4899,medium
Customer B,2022-05-13,32111.87,SSE and HSBC stock,31.0689,low
Customer A,2022-05-14,18987.15,Savings Account,5.4842,medium
Customer B,2022-05-14,32112.71,SSE and HSBC stock,31.0723,low
Customer A,2022-05-15,18986.12,Savings Account,5.4784,medium
Customer B,2022-05-15,32113.55,SSE and HSBC stock,31.0757,low
Customer A,2022-05-16,18985.08,Savings Account,5.4727,medium
Customer B,2022-05-16,32114.39,SSE and HSBC stock,31.0792,low
Customer A,2022-05-17,18984.05,Savings Account,5.4669,medium
Customer B,2022-05-17,32115.23,SSE and HSBC stock,31.0826,low
Customer A,2022-05-18,18983.01,Savings Account,5.4612,medium
Customer B,2022-05-18,32116.07,SSE and HSBC stock,31.086,low
Customer A,2022-05-19,18981.98,Savings Account,5.4554,medium
Customer B,2022-05-19,32116.92,SSE and HSBC stock,31.0895,low
Customer A,2022-05-20,18980.94,Savings Account,5.4497,medium
Customer B,2022-05-20,32117.76,SSE and HSBC stock,31.0929,low
Customer A,2022-05-21,18979.91,Savings Account,5.4439,medium
Customer B,2022-05-21,32118.6,SSE and HSBC stock,31.0963,low
Customer A,2022-05-22,18978.87,Savings Account,5.4382,medium
Customer B,2022-05-22,32119.44,SSE and HSBC stock,31.0997,low
Customer A,2022-05-23,18977.84,Savings Account,5.4324,medium
Customer B,2022-05-23,32120.28,SSE and HSBC stock,31.1032,low
Customer A,2022-05-24,18976.8,Savings Account,5.4267,medium
Customer B,2022-05-24,32121.12,SSE and HSBC stock,31.1066,low
Customer A,2022-05-25,18975.77,Savings Account,5.4209,medium
Customer B,2022-05-25,32121.96,SSE and HSBC stock,31.11,low
Customer A,2022-05-26,18974.73,Savings Account,5.4152,medium
Customer B,2022-05-26,32122.8,SSE and HSBC stock,31.1135,low
Customer A,2022-05-27,18973.7,Savings Account,5.4094,medium
Customer B,2022-05-27,32123.64,SSE and HSBC stock,31.1169,low
Customer A,2022-05-28,18972.66,Savings Account,5.4037,medium
Customer B,2022-05-28,32124.49,SSE and HSBC stock,31.1204,low
Customer A,2022-05-29,18971.63,Savings Account,5.3979,medium
Customer B,2022-05-29,32125.33,SSE and HSBC stock,31.1238,low
Customer A,2022-05-30,18970.59,Savings Account,5.3922,medium
Customer B,2022-05-30,32126.17,SSE and HSBC stock,31.1272,low
Customer A,2022-05-31,18969.56,Savings Account,5.3864,medium
Customer B,2022-05-31,32127.01,SSE and HSBC stock,31.1307,low
Customer A,2022-06-01,18968.53,Savings Account,5.3807,medium
Customer B,2022-06-01,32127.85,SSE and HSBC stock,31.1341,low
Customer A,2022-06-02,18967.49,Savings Account,5.375,medium
Customer B,2022-06-02,32128.69,SSE and HSBC stock,31.1375,low
Customer A,2022-06-03,18966.46,Savings Account,5.3692,medium
Customer B,2022-06-03,32129.53,SSE and HSBC stock,31.141,low
Customer A,2022-06-04,18965.42,Savings Account,5.3635,medium
Customer B,2022-06-04,32130.38,SSE and HSBC stock,31.1444,low
Customer A,2022-06-05,18964.39,Savings Account,5.3577,medium
Customer B,2022-06-05,32131.22,SSE and HSBC stock,31.1478,low
Customer A,2022-06-06,18963.36,Savings Account,5.352,medium
Customer B,2022-06-06,32132.06,SSE and HSBC stock,31.1513,low
Customer A,2022-06-07,18962.32,Savings Account,5.3462,medium
Customer B,2022-06-07,32132.9,SSE and HSBC stock,31.1547,low
Customer A,2022-06-08,18961.29,Savings Account,5.3405,medium
Customer B,2022-06-08,32133.74,SSE and HSBC stock,31.1581,low
Customer A,2022-06-09,18960.25,Savings Account,5.3347,medium
Customer B,2022-06-09,32134.58,SSE and HSBC stock,31.1616,low
Customer A,2022-06-10,18959.22,Savings Account,5.329,medium
Customer B,2022-06-10,32135.42,SSE and HSBC stock,31.165,low
Customer A,2022-06-11,18958.19,Savings Account,5.3233,medium
Customer B,2022-06-11,32136.27,SSE and HSBC stock,31.1684,low
Customer A,2022-06-12,18957.15,Savings Account,5.3175,medium
Customer B,2022-06-12,32137.11,SSE and HSBC stock,31.1719,low
Customer A,2022-06-13,18956.12,Savings Account,5.3118,medium
Customer B,2022-06-13,32137.95,SSE and HSBC stock,31.1753,low
Customer A,2022-06-14,18955.09,Savings Account,5.306,medium
Customer B,2022-06-14,32138.79,SSE and HSBC stock,31.1787,low
Customer A,2022-06-15,18954.05,Savings Account,5.3003,medium
Customer B,2022-06-15,32139.63,SSE and HSBC stock,31.1822,low
Customer A,2022-06-16,18953.02,Savings Account,5.2946,medium
Customer B,2022-06-16,32140.47,SSE and HSBC stock,31.1856,low
Customer A,2022-06-17,18951.99,Savings Account,5.2888,medium
Customer B,2022-06-17,32141.32,SSE and HSBC stock,31.189,low
Customer A,2022-06-18,18950.95,Savings Account,5.2831,medium
Customer B,2022-06-18,32142.16,SSE and HSBC stock,31.1925,low
Customer A,2022-06-19,18949.92,Savings Account,5.2773,medium
Customer B,2022-06-19,32143.0,SSE and HSBC stock,31.1959,low
Customer A,2022-06-20,18948.89,Savings Account,5.2716,medium
Customer B,2022-06-20,32143.84,SSE and HSBC stock,31.1993,low
Customer A,2022-06-21,18947.85,Savings Account,5.2659,medium
Customer B,2022-06-21,32144.68,SSE and HSBC stock,31.2028,low
Customer A,2022-06-22,18946.82,Savings Account,5.2601,medium
Customer B,2022-06-22,32145.52,SSE and HSBC stock,31.2062,low
Customer A,2022-06-23,18945.79,Savings Account,5.2544,medium
Customer B,2022-06-23,32146.37,SSE and HSBC stock,31.2097,low
Customer A,2022-06-24,18944.75,Savings Account,5.2486,medium
Customer B,2022-06-24,32147.21,SSE and HSBC stock,31.2131,low
Customer A,2022-06-25,18943.72,Savings Account,5.2429,medium
Customer B,2022-06-25,32148.05,SSE and HSBC stock,31.2165,low
Customer A,2022-06-26,18942.69,Savings Account,5.2372,medium
Customer B,2022-06-26,32148.89,SSE and HSBC stock,31.22,low
Customer A,2022-06-27,18941.66,Savings Account,5.2314,medium
Customer B,2022-06-27,32149.73,SSE and HSBC stock,31.2234,low
Customer A,2022-06-28,18940.62,Savings Account,5.2257,medium
Customer B,2022-06-28,32150.57,SSE and HSBC stock,31.2268,low
Customer A,2022-06-29,18939.59,Savings Account,5.2199,medium
Customer B,2022-06-29,32151.42,SSE and HSBC stock,31.2303,low
Customer A,2022-06-30,18938.56,Savings Account,5.2142,medium
Customer B,2022-06-30,32152.26,SSE and HSBC stock,31.2337,low
Customer A,2022-07-01,18937.53,Savings Account,5.2085,medium
Customer B,2022-07-01,32153.1,SSE and HSBC stock,31.2371,low
Customer A,2022-07-02,18936.49,Savings Account,5.2027,medium
Customer B,2022-07-02,32153.94,SSE and HSBC stock,31.2406,low
Customer A,2022-07-03,18935.46,Savings Account,5.197,medium
Customer B,2022-07-03,32154.78,SSE and HSBC stock,31.244,low
Customer A,2022-07-04,18934.43,Savings Account,5.1913,medium
Customer B,2022-07-04,32155.63,SSE and HSBC stock,31.2475,low
Customer A,2022-07-05,18933.4,Savings Account,5.1855,medium
Customer B,2022-07-05,32156.47,SSE and HSBC stock,31.2509,low
Customer A,2022-07-06,18932.36,Savings Account,5.1798,medium
Customer B,2022-07-06,32157.31,SSE and HSBC stock,31.2543,low
Customer A,2022-07-07,18931.33,Savings Account,5.1741,medium
Customer B,2022-07-07,32158.15,SSE and HSBC stock,31.2578,low
Customer A,2022-07-08,18930.3,Savings Account,5.1683,medium
Customer B,2022-07-08,32159.0,SSE and HSBC stock,31.2612,low
Customer A,2022-07-09,18929.27,Savings Account,5.1626,medium
Customer B,2022-07-09,32159.84,SSE and HSBC stock,31.2646,low
Customer A,2022-07-10,18928.23,Savings Account,5.1569,medium
Customer B,2022-07-10,32160.68,SSE and HSBC stock,31.2681,low
Customer A,2022-07-11,18927.2,Savings Account,5.1511,medium
Customer B,2022-07-11,32161.52,SSE and HSBC stock,31.2715,low
Customer A,2022-07-12,18926.17,Savings Account,5.1454,medium
Customer B,2022-07-12,32162.36,SSE and HSBC stock,31.275,low
Customer A,2022-07-13,18925.14,Savings Account,5.1397,medium
Customer B,2022-07-13,32163.21,SSE and HSBC stock,31.2784,low
Customer A,2022-07-14,18924.11,Savings Account,5.1339,medium
Customer B,2022-07-14,32164.05,SSE and HSBC stock,31.2818,low
Customer A,2022-07-15,18923.08,Savings Account,5.1282,medium
Customer B,2022-07-15,32164.89,SSE and HSBC stock,31.2853,low
Customer A,2022-07-16,18922.04,Savings Account,5.1225,medium
Customer B,2022-07-16,32165.73,SSE and HSBC stock,31.2887,low
Customer A,2022-07-17,18921.01,Savings Account,5.1167,medium
Customer B,2022-07-17,32166.58,SSE and HSBC stock,31.2921,low
Customer A,2022-07-18,18919.98,Savings Account,5.111,medium
Customer B,2022-07-18,32167.42,SSE and HSBC stock,31.2956,low
Customer A,2022-07-19,18918.95,Savings Account,5.1053,medium
Customer B,2022-07-19,32168.26,SSE and HSBC stock,31.299,low
Customer A,2022-07-20,18917.92,Savings Account,5.0995,medium
Customer B,2022-07-20,32169.1,SSE and HSBC stock,31.3025,low
Customer A,2022-07-21,18916.89,Savings Account,5.0938,medium
Customer B,2022-07-21,32169.95,SSE and HSBC stock,31.3059,low
Customer A,2022-07-22,18915.85,Savings Account,5.0881,medium
Customer B,2022-07-22,32170.79,SSE and HSBC stock,31.3093,low
Customer A,2022-07-23,18914.82,Savings Account,5.0824,medium
Customer B,2022-07-23,32171.63,SSE and HSBC stock,31.3128,low
Customer A,2022-07-24,18913.79,Savings Account,5.0766,medium
Customer B,2022-07-24,32172.47,SSE and HSBC stock,31.3162,low
Customer A,2022-07-25,18912.76,Savings Account,5.0709,medium
Customer B,2022-07-25,32173.32,SSE and HSBC stock,31.3197,low
Customer A,2022-07-26,18911.73,Savings Account,5.0652,medium
Customer B,2022-07-26,32174.16,SSE and HSBC stock,31.3231,low
Customer A,2022-07-27,18910.7,Savings Account,5.0594,medium
Customer B,2022-07-27,32175.0,SSE and HSBC stock,31.3265,low
Customer A,2022-07-28,18909.67,Savings Account,5.0537,medium
Customer B,2022-07-28,32175.84,SSE and HSBC stock,31.33,low
Customer A,2022-07-29,18908.64,Savings Account,5.048,medium
Customer B,2022-07-29,32176.69,SSE and HSBC stock,31.3334,low
Customer A,2022-07-30,18907.61,Savings Account,5.0423,medium
Customer B,2022-07-30,32177.53,SSE and HSBC stock,31.3368,low
Customer A,2022-07-31,18906.58,Savings Account,5.0365,medium
Customer B,2022-07-31,32178.37,SSE and HSBC stock,31.3403,low
Customer A,2022-08-01,18905.54,Savings Account,5.0308,medium
Customer B,2022-08-01,32179.21,SSE and HSBC stock,31.3437,low
Customer A,2022-08-02,18904.51,Savings Account,5.0251,medium
Customer B,2022-08-02,32180.06,SSE and HSBC stock,31.3472,low
Customer A,2022-08-03,18903.48,Savings Account,5.0193,medium
Customer B,2022-08-03,32180.9,SSE and HSBC stock,31.3506,low
Customer A,2022-08-04,18902.45,Savings Account,5.0136,medium
Customer B,2022-08-04,32181.74,SSE and HSBC stock,31.354,low
Customer A,2022-08-05,18901.42,Savings Account,5.0079,medium
Customer B,2022-08-05,32182.58,SSE and HSBC stock,31.3575,low
Customer A,2022-08-06,18900.39,Savings Account,5.0022,medium
Customer B,2022-08-06,32183.43,SSE and HSBC stock,31.3609,low
Customer A,2022-08-07,18899.36,Savings Account,4.9964,medium
Customer B,2022-08-07,32184.27,SSE and HSBC stock,31.3644,low
Customer A,2022-08-08,18898.33,Savings Account,4.9907,medium
Customer B,2022-08-08,32185.11,SSE and HSBC stock,31.3678,low
Customer A,2022-08-09,18897.3,Savings Account,4.985,medium
Customer B,2022-08-09,32185.96,SSE and HSBC stock,31.3712,low
Customer A,2022-08-10,18896.27,Savings Account,4.9793,medium
Customer B,2022-08-10,32186.8,SSE and HSBC stock,31.3747,low
Customer A,2022-08-11,18895.24,Savings Account,4.9736,medium
Customer B,2022-08-11,32187.64,SSE and HSBC stock,31.3781,low
Customer A,2022-08-12,18894.21,Savings Account,4.9678,medium
Customer B,2022-08-12,32188.48,SSE and HSBC stock,31.3816,low
Customer A,2022-08-13,18893.18,Savings Account,4.9621,medium
Customer B,2022-08-13,32189.33,SSE and HSBC stock,31.385,low
Customer A,2022-08-14,18892.15,Savings Account,4.9564,medium
Customer B,2022-08-14,32190.17,SSE and HSBC stock,31.3884,low
Customer A,2022-08-15,18891.12,Savings Account,4.9507,medium
Customer B,2022-08-15,32191.01,SSE and HSBC stock,31.3919,low
Customer A,2022-08-16,18890.09,Savings Account,4.9449,medium
Customer B,2022-08-16,32191.86,SSE and HSBC stock,31.3953,low
Customer A,2022-08-17,18889.06,Savings Account,4.9392,medium
Customer B,2022-08-17,32192.7,SSE and HSBC stock,31.3988,low
Customer A,2022-08-18,18888.03,Savings Account,4.9335,medium
Customer B,2022-08-18,32193.54,SSE and HSBC stock,31.4022,low
Customer A,2022-08-19,18887.0,Savings Account,4.9278,medium
Customer B,2022-08-19,32194.38,SSE and HSBC stock,31.4057,low
Customer A,2022-08-20,18885.97,Savings Account,4.9221,medium
Customer B,2022-08-20,32195.23,SSE and HSBC stock,31.4091,low
Customer A,2022-08-21,18884.94,Savings Account,4.9163,medium
Customer B,2022-08-21,32196.07,SSE and HSBC stock,31.4125,low
Customer A,2022-08-22,18883.91,Savings Account,4.9106,medium
Customer B,2022-08-22,32196.91,SSE and HSBC stock,31.416,low
Customer A,2022-08-23,18882.88,Savings Account,4.9049,medium
Customer B,2022-08-23,32197.76,SSE and HSBC stock,31.4194,low
Customer A,2022-08-24,18881.85,Savings Account,4.8992,medium
Customer B,2022-08-24,32198.6,SSE and HSBC stock,31.4229,low
Customer A,2022-08-25,18880.82,Savings Account,4.8935,medium
Customer B,2022-08-25,32199.44,SSE and HSBC stock,31.4263,low
Customer A,2022-08-26,18879.79,Savings Account,4.8877,medium
Customer B,2022-08-26,32200.29,SSE and HSBC stock,31.4297,low
Customer A,2022-08-27,18878.76,Savings Account,4.882,medium
Customer B,2022-08-27,32201.13,SSE and HSBC stock,31.4332,low
Customer A,2022-08-28,18877.73,Savings Account,4.8763,medium
Customer B,2022-08-28,32201.97,SSE and HSBC stock,31.4366,low
Customer A,2022-08-29,18876.7,Savings Account,4.8706,medium
Customer B,2022-08-29,32202.82,SSE and HSBC stock,31.4401,low
Customer A,2022-08-30,18875.68,Savings Account,4.8649,medium
Customer B,2022-08-30,32203.66,SSE and HSBC stock,31.4435,low
Customer A,2022-08-31,18874.65,Savings Account,4.8591,medium
Customer B,2022-08-31,32204.5,SSE and HSBC stock,31.447,low
Customer A,2022-09-01,18873.62,Savings Account,4.8534,medium
Customer B,2022-09-01,32205.35,SSE and HSBC stock,31.4504,low
Customer A,2022-09-02,18872.59,Savings Account,4.8477,medium
Customer B,2022-09-02,32206.19,SSE and HSBC stock,31.4538,low
Customer A,2022-09-03,18871.56,Savings Account,4.842,medium
Customer B,2022-09-03,32207.03,SSE and HSBC stock,31.4573,low
Customer A,2022-09-04,18870.53,Savings Account,4.8363,medium
Customer B,2022-09-04,32207.88,SSE and HSBC stock,31.4607,low
Customer A,2022-09-05,18869.5,Savings Account,4.8306,medium
Customer B,2022-09-05,32208.72,SSE and HSBC stock,31.4642,low
Customer A,2022-09-06,18868.47,Savings Account,4.8249,medium
Customer B,2022-09-06,32209.56,SSE and HSBC stock,31.4676,low
Customer A,2022-09-07,18867.44,Savings Account,4.8191,medium
Customer B,2022-09-07,32210.41,SSE and HSBC stock,31.4711,low
Customer A,2022-09-08,18866.42,Savings Account,4.8134,medium
Customer B,2022-09-08,32211.25,SSE and HSBC stock,31.4745,low
Customer A,2022-09-09,18865.39,Savings Account,4.8077,medium
Customer B,2022-09-09,32212.09,SSE and HSBC stock,31.4779,low
Customer A,2022-09-10,18864.36,Savings Account,4.802,medium
Customer B,2022-09-10,32212.94,SSE and HSBC stock,31.4814,low
Customer A,2022-09-11,18863.33,Savings Account,4.7963,medium
Customer B,2022-09-11,32213.78,SSE and HSBC stock,31.4848,low
Customer A,2022-09-12,18862.3,Savings Account,4.7906,medium
Customer B,2022-09-12,32214.63,SSE and HSBC stock,31.4883,low
Customer A,2022-09-13,18861.27,Savings Account,4.7849,medium
Customer B,2022-09-13,32215.47,SSE and HSBC stock,31.4917,low
Customer A,2022-09-14,18860.24,Savings Account,4.7791,medium
Customer B,2022-09-14,32216.31,SSE and HSBC stock,31.4952,low
Customer A,2022-09-15,18859.22,Savings Account,4.7734,medium
Customer B,2022-09-15,32217.16,SSE and HSBC stock,31.4986,low
Customer A,2022-09-16,18858.19,Savings Account,4.7677,medium
Customer B,2022-09-16,32218.0,SSE and HSBC stock,31.502,low
Customer A,2022-09-17,18857.16,Savings Account,4.762,medium
Customer B,2022-09-17,32218.84,SSE and HSBC stock,31.5055,low
Customer A,2022-09-18,18856.13,Savings Account,4.7563,medium
Customer B,2022-09-18,32219.69,SSE and HSBC stock,31.5089,low
Customer A,2022-09-19,18855.1,Savings Account,4.7506,medium
Customer B,2022-09-19,32220.53,SSE and HSBC stock,31.5124,low
Customer A,2022-09-20,18854.08,Savings Account,4.7449,medium
Customer B,2022-09-20,32221.37,SSE and HSBC stock,31.5158,low
Customer A,2022-09-21,18853.05,Savings Account,4.7392,medium
Customer B,2022-09-21,32222.22,SSE and HSBC stock,31.5193,low
Customer A,2022-09-22,18852.02,Savings Account,4.7334,medium
Customer B,2022-09-22,32223.06,SSE and HSBC stock,31.5227,low
Customer A,2022-09-23,18850.99,Savings Account,4.7277,medium
Customer B,2022-09-23,32223.91,SSE and HSBC stock,31.5261,low
Customer A,2022-09-24,18849.96,Savings Account,4.722,medium
Customer B,2022-09-24,32224.75,SSE and HSBC stock,31.5296,low
Customer A,2022-09-25,18848.94,Savings Account,4.7163,medium
Customer B,2022-09-25,32225.59,SSE and HSBC stock,31.533,low
Customer A,2022-09-26,18847.91,Savings Account,4.7106,medium
Customer B,2022-09-26,32226.44,SSE and HSBC stock,31.5365,low
Customer A,2022-09-27,18846.88,Savings Account,4.7049,medium
Customer B,2022-09-27,32227.28,SSE and HSBC stock,31.5399,low
Customer A,2022-09-28,18845.85,Savings Account,4.6992,medium
Customer B,2022-09-28,32228.13,SSE and HSBC stock,31.5434,low
Customer A,2022-09-29,18844.83,Savings Account,4.6935,medium
Customer B,2022-09-29,32228.97,SSE and HSBC stock,31.5468,low
Customer A,2022-09-30,18843.8,Savings Account,4.6878,medium
Customer B,2022-09-30,32229.81,SSE and HSBC stock,31.5503,low
Customer A,2022-10-01,18842.77,Savings Account,4.6821,medium
Customer B,2022-10-01,32230.66,SSE and HSBC stock,31.5537,low
Customer A,2022-10-02,18841.74,Savings Account,4.6764,medium
Customer B,2022-10-02,32231.5,SSE and HSBC stock,31.5571,low
Customer A,2022-10-03,18840.72,Savings Account,4.6707,medium
Customer B,2022-10-03,32232.35,SSE and HSBC stock,31.5606,low
Customer A,2022-10-04,18839.69,Savings Account,4.6649,medium
Customer B,2022-10-04,32233.19,SSE and HSBC stock,31.564,low
Customer A,2022-10-05,18838.66,Savings Account,4.6592,medium
Customer B,2022-10-05,32234.03,SSE and HSBC stock,31.5675,low
Customer A,2022-10-06,18837.64,Savings Account,4.6535,medium
Customer B,2022-10-06,32234.88,SSE and HSBC stock,31.5709,low
Customer A,2022-10-07,18836.61,Savings Account,4.6478,medium
Customer B,2022-10-07,32235.72,SSE and HSBC stock,31.5744,low
Customer A,2022-10-08,18835.58,Savings Account,4.6421,medium
Customer B,2022-10-08,32236.57,SSE and HSBC stock,31.5778,low
Customer A,2022-10-09,18834.55,Savings Account,4.6364,medium
Customer B,2022-10-09,32237.41,SSE and HSBC stock,31.5813,low
Customer A,2022-10-10,18833.53,Savings Account,4.6307,medium
Customer B,2022-10-10,32238.25,SSE and HSBC stock,31.5847,low
Customer A,2022-10-11,18832.5,Savings Account,4.625,medium
Customer B,2022-10-11,32239.1,SSE and HSBC stock,31.5882,low
Customer A,2022-10-12,18831.47,Savings Account,4.6193,medium
Customer B,2022-10-12,32239.94,SSE and HSBC stock,31.5916,low
Customer A,2022-10-13,18830.45,Savings Account,4.6136,medium
Customer B,2022-10-13,32240.79,SSE and HSBC stock,31.5951,low
Customer A,2022-10-14,18829.42,Savings Account,4.6079,medium
Customer B,2022-10-14,32241.63,SSE and HSBC stock,31.5985,low
Customer A,2022-10-15,18828.39,Savings Account,4.6022,medium
Customer B,2022-10-15,32242.48,SSE and HSBC stock,31.6019,low
Customer A,2022-10-16,18827.37,Savings Account,4.5965,medium
Customer B,2022-10-16,32243.32,SSE and HSBC stock,31.6054,low
Customer A,2022-10-17,18826.34,Savings Account,4.5908,medium
Customer B,2022-10-17,32244.16,SSE and HSBC stock,31.6088,low
Customer A,2022-10-18,18825.32,Savings Account,4.5851,medium
Customer B,2022-10-18,32245.01,SSE and HSBC stock,31.6123,low
Customer A,2022-10-19,18824.29,Savings Account,4.5794,medium
Customer B,2022-10-19,32245.85,SSE and HSBC stock,31.6157,low
Customer A,2022-10-20,18823.26,Savings Account,4.5737,medium
Customer B,2022-10-20,32246.7,SSE and HSBC stock,31.6192,low
Customer A,2022-10-21,18822.24,Savings Account,4.568,medium
Customer B,2022-10-21,32247.54,SSE and HSBC stock,31.6226,low
Customer A,2022-10-22,18821.21,Savings Account,4.5623,medium
Customer B,2022-10-22,32248.39,SSE and HSBC stock,31.6261,low
Customer A,2022-10-23,18820.18,Savings Account,4.5566,medium
Customer B,2022-10-23,32249.23,SSE and HSBC stock,31.6295,low
Customer A,2022-10-24,18819.16,Savings Account,4.5509,medium
Customer B,2022-10-24,32250.08,SSE and HSBC stock,31.633,low
Customer A,2022-10-25,18818.13,Savings Account,4.5452,medium
Customer B,2022-10-25,32250.92,SSE and HSBC stock,31.6364,low
Customer A,2022-10-26,18817.11,Savings Account,4.5395,medium
Customer B,2022-10-26,32251.77,SSE and HSBC stock,31.6399,low
Customer A,2022-10-27,18816.08,Savings Account,4.5338,medium
Customer B,2022-10-27,32252.61,SSE and HSBC stock,31.6433,low
Customer A,2022-10-28,18815.05,Savings Account,4.5281,medium
Customer B,2022-10-28,32253.45,SSE and HSBC stock,31.6468,low
Customer A,2022-10-29,18814.03,Savings Account,4.5224,medium
Customer B,2022-10-29,32254.3,SSE and HSBC stock,31.6502,low
Customer A,2022-10-30,18813.0,Savings Account,4.5167,medium
Customer B,2022-10-30,32255.14,SSE and HSBC stock,31.6536,low
Customer A,2022-10-31,18811.98,Savings Account,4.511,medium
Customer B,2022-10-31,32255.99,SSE and HSBC stock,31.6571,low
Customer A,2022-11-01,18810.95,Savings Account,4.5053,medium
Customer B,2022-11-01,32256.83,SSE and HSBC stock,31.6605,low
Customer A,2022-11-02,18809.93,Savings Account,4.4996,medium
Customer B,2022-11-02,32257.68,SSE and HSBC stock,31.664,low
Customer A,2022-11-03,18808.9,Savings Account,4.4939,medium
Customer B,2022-11-03,32258.52,SSE and HSBC stock,31.6674,low
Customer A,2022-11-04,18807.87,Savings Account,4.4882,medium
Customer B,2022-11-04,32259.37,SSE and HSBC stock,31.6709,low
Customer A,2022-11-05,18806.85,Savings Account,4.4825,medium
Customer B,2022-11-05,32260.21,SSE and HSBC stock,31.6743,low
Customer A,2022-11-06,18805.82,Savings Account,4.4768,medium
Customer B,2022-11-06,32261.06,SSE and HSBC stock,31.6778,low
Customer A,2022-11-07,18804.8,Savings Account,4.4711,medium
Customer B,2022-11-07,32261.9,SSE and HSBC stock,31.6812,low
Customer A,2022-11-08,18803.77,Savings Account,4.4654,medium
Customer B,2022-11-08,32262.75,SSE and HSBC stock,31.6847,low
Customer A,2022-11-09,18802.75,Savings Account,4.4597,medium
Customer B,2022-11-09,32263.59,SSE and HSBC stock,31.6881,low
Customer A,2022-11-10,18801.72,Savings Account,4.454,medium
Customer B,2022-11-10,32264.44,SSE and HSBC stock,31.6916,low
Customer A,2022-11-11,18800.7,Savings Account,4.4483,medium
Customer B,2022-11-11,32265.28,SSE and HSBC stock,31.695,low
Customer A,2022-11-12,18799.67,Savings Account,4.4426,medium
Customer B,2022-11-12,32266.13,SSE and HSBC stock,31.6985,low
Customer A,2022-11-13,18798.65,Savings Account,4.4369,medium
Customer B,2022-11-13,32266.97,SSE and HSBC stock,31.7019,low
Customer A,2022-11-14,18797.62,Savings Account,4.4312,medium
Customer B,2022-11-14,32267.82,SSE and HSBC stock,31.7054,low
Customer A,2022-11-15,18796.6,Savings Account,4.4255,medium
Customer B,2022-11-15,32268.66,SSE and HSBC stock,31.7088,low
Customer A,2022-11-16,18795.57,Savings Account,4.4199,medium
Customer B,2022-11-16,32269.51,SSE and HSBC stock,31.7123,low
Customer A,2022-11-17,18794.55,Savings Account,4.4142,medium
Customer B,2022-11-17,32270.35,SSE and HSBC stock,31.7157,low
Customer A,2022-11-18,18793.52,Savings Account,4.4085,medium
Customer B,2022-11-18,32271.2,SSE and HSBC stock,31.7192,low
Customer A,2022-11-19,18792.5,Savings Account,4.4028,medium
Customer B,2022-11-19,32272.04,SSE and HSBC stock,31.7226,low
Customer A,2022-11-20,18791.47,Savings Account,4.3971,medium
Customer B,2022-11-20,32272.89,SSE and HSBC stock,31.7261,low
Customer A,2022-11-21,18790.45,Savings Account,4.3914,medium
Customer B,2022-11-21,32273.73,SSE and HSBC stock,31.7295,low
Customer A,2022-11-22,18789.43,Savings Account,4.3857,medium
Customer B,2022-11-22,32274.58,SSE and HSBC stock,31.733,low
Customer A,2022-11-23,18788.4,Savings Account,4.38,medium
Customer B,2022-11-23,32275.42,SSE and HSBC stock,31.7364,low
Customer A,2022-11-24,18787.38,Savings Account,4.3743,medium
Customer B,2022-11-24,32276.27,SSE and HSBC stock,31.7399,low
Customer A,2022-11-25,18786.35,Savings Account,4.3686,medium
Customer B,2022-11-25,32277.11,SSE and HSBC stock,31.7433,low
Customer A,2022-11-26,18785.33,Savings Account,4.3629,medium
Customer B,2022-11-26,32277.96,SSE and HSBC stock,31.7468,low
Customer A,2022-11-27,18784.3,Savings Account,4.3572,medium
Customer B,2022-11-27,32278.8,SSE and HSBC stock,31.7502,low
Customer A,2022-11-28,18783.28,Savings Account,4.3516,medium
Customer B,2022-11-28,32279.65,SSE and HSBC stock,31.7537,low
Customer A,2022-11-29,18782.26,Savings Account,4.3459,medium
Customer B,2022-11-29,32280.49,SSE and HSBC stock,31.7571,low
Customer A,2022-11-30,18781.23,Savings Account,4.3402,medium
Customer B,2022-11-30,32281.34,SSE and HSBC stock,31.7606,low
Customer A,2022-12-01,18780.21,Savings Account,4.3345,medium
Customer B,2022-12-01,32282.18,SSE and HSBC stock,31.764,low
Customer A,2022-12-02,18779.18,Savings Account,4.3288,medium
Customer B,2022-12-02,32283.03,SSE and HSBC stock,31.7675,low
Customer A,2022-12-03,18778.16,Savings Account,4.3231,medium
Customer B,2022-12-03,32283.87,SSE and HSBC stock,31.7709,low
Customer A,2022-12-04,18777.14,Savings Account,4.3174,medium
Customer B,2022-12-04,32284.72,SSE and HSBC stock,31.7744,low
Customer A,2022-12-05,18776.11,Savings Account,4.3117,medium
Customer B,2022-12-05,32285.57,SSE and HSBC stock,31.7778,low
Customer A,2022-12-06,18775.09,Savings Account,4.306,medium
Customer B,2022-12-06,32286.41,SSE and HSBC stock,31.7813,low
Customer A,2022-12-07,18774.07,Savings Account,4.3004,medium
Customer B,2022-12-07,32287.26,SSE and HSBC stock,31.7847,low
Customer A,2022-12-08,18773.04,Savings Account,4.2947,medium
Customer B,2022-12-08,32288.1,SSE and HSBC stock,31.7882,low
Customer A,2022-12-09,18772.02,Savings Account,4.289,medium
Customer B,2022-12-09,32288.95,SSE and HSBC stock,31.7916,low
Customer A,2022-12-10,18770.99,Savings Account,4.2833,medium
Customer B,2022-12-10,32289.79,SSE and HSBC stock,31.7951,low
Customer A,2022-12-11,18769.97,Savings Account,4.2776,medium
Customer B,2022-12-11,32290.64,SSE and HSBC stock,31.7985,low
Customer A,2022-12-12,18768.95,Savings Account,4.2719,medium
Customer B,2022-12-12,32291.48,SSE and HSBC stock,31.802,low
Customer A,2022-12-13,18767.92,Savings Account,4.2662,medium
Customer B,2022-12-13,32292.33,SSE and HSBC stock,31.8054,low
Customer A,2022-12-14,18766.9,Savings Account,4.2606,medium
Customer B,2022-12-14,32293.18,SSE and HSBC stock,31.8089,low
Customer A,2022-12-15,18765.88,Savings Account,4.2549,medium
Customer B,2022-12-15,32294.02,SSE and HSBC stock,31.8123,low
Customer A,2022-12-16,18764.86,Savings Account,4.2492,medium
Customer B,2022-12-16,32294.87,SSE and HSBC stock,31.8158,low
Customer A,2022-12-17,18763.83,Savings Account,4.2435,medium
Customer B,2022-12-17,32295.71,SSE and HSBC stock,31.8192,low
Customer A,2022-12-18,18762.81,Savings Account,4.2378,medium
Customer B,2022-12-18,32296.56,SSE and HSBC stock,31.8227,low
Customer A,2022-12-19,18761.79,Savings Account,4.2321,medium
Customer B,2022-12-19,32297.4,SSE and HSBC stock,31.8261,low
Customer A,2022-12-20,18760.76,Savings Account,4.2265,medium
Customer B,2022-12-20,32298.25,SSE and HSBC stock,31.8296,low
Customer A,2022-12-21,18759.74,Savings Account,4.2208,medium
Customer B,2022-12-21,32299.1,SSE and HSBC stock,31.833,low
Customer A,2022-12-22,18758.72,Savings Account,4.2151,medium
Customer B,2022-12-22,32299.94,SSE and HSBC stock,31.8365,low
Customer A,2022-12-23,18757.69,Savings Account,4.2094,medium
Customer B,2022-12-23,32300.79,SSE and HSBC stock,31.84,low
Customer A,2022-12-24,18756.67,Savings Account,4.2037,medium
Customer B,2022-12-24,32301.63,SSE and HSBC stock,31.8434,low
Customer A,2022-12-25,18755.65,Savings Account,4.1981,medium
Customer B,2022-12-25,32302.48,SSE and HSBC stock,31.8469,low
Customer A,2022-12-26,18754.63,Savings Account,4.1924,medium
Customer B,2022-12-26,32303.33,SSE and HSBC stock,31.8503,low
Customer A,2022-12-27,18753.6,Savings Account,4.1867,medium
Customer B,2022-12-27,32304.17,SSE and HSBC stock,31.8538,low
Customer A,2022-12-28,18752.58,Savings Account,4.181,medium
Customer B,2022-12-28,32305.02,SSE and HSBC stock,31.8572,low
Customer A,2022-12-29,18751.56,Savings Account,4.1753,medium
Customer B,2022-12-29,32305.86,SSE and HSBC stock,31.8607,low
Customer A,2022-12-30,18750.54,Savings Account,4.1697,medium
Customer B,2022-12-30,32306.71,SSE and HSBC stock,31.8641,low
Customer A,2022-12-31,18749.51,Savings Account,4.164,medium
Customer B,2022-12-31,32307.56,SSE and HSBC stock,31.8676,low
Customer A,2023-01-01,18749.52,Savings Account,4.164,medium
Customer B,2023-01-01,32310.17,SSE and HSBC stock,31.8783,low
Customer A,2023-01-02,18749.53,Savings Account,4.164,medium
Customer B,2023-01-02,32312.79,SSE and HSBC stock,31.8889,low
Customer A,2023-01-03,18749.53,Savings Account,4.1641,medium
Customer B,2023-01-03,32315.41,SSE and HSBC stock,31.8996,low
Customer A,2023-01-04,18749.54,Savings Account,4.1641,medium
Customer B,2023-01-04,32318.02,SSE and HSBC stock,31.9103,low
Customer A,2023-01-05,18749.54,Savings Account,4.1641,medium
Customer B,2023-01-05,32320.64,SSE and HSBC stock,31.921,low
Customer A,2023-01-06,18749.55,Savings Account,4.1641,medium
Customer B,2023-01-06,32323.26,SSE and HSBC stock,31.9317,low
Customer A,2023-01-07,18749.55,Savings Account,4.1642,medium
Customer B,2023-01-07,32325.88,SSE and HSBC stock,31.9423,low
Customer A,2023-01-08,18749.56,Savings Account,4.1642,medium
Customer B,2023-01-08,32328.49,SSE and HSBC stock,31.953,low
Customer A,2023-01-09,18749.56,Savings Account,4.1642,medium
Customer B,2023-01-09,32331.11,SSE and HSBC stock,31.9637,low
Customer A,2023-01-10,18749.57,Savings Account,4.1643,medium
Customer B,2023-01-10,32333.73,SSE and HSBC stock,31.9744,low
Customer A,2023-01-11,18749.57,Savings Account,4.1643,medium
Customer B,2023-01-11,32336.35,SSE and HSBC stock,31.9851,low
Customer A,2023-01-12,18749.58,Savings Account,4.1643,medium
Customer B,2023-01-12,32338.97,SSE and HSBC stock,31.9958,low
Customer A,2023-01-13,18749.58,Savings Account,4.1643,medium
Customer B,2023-01-13,32341.59,SSE and HSBC stock,32.0065,low
Customer A,2023-01-14,18749.59,Savings Account,4.1644,medium
Customer B,2023-01-14,32344.21,SSE and HSBC stock,32.0172,low
Customer A,2023-01-15,18749.59,Savings Account,4.1644,medium
Customer B,2023-01-15,32346.82,SSE and HSBC stock,32.0279,low
Customer A,2023-01-16,18749.6,Savings Account,4.1644,medium
Customer B,2023-01-16,32349.44,SSE and HSBC stock,32.0385,low
Customer A,2023-01-17,18749.6,Savings Account,4.1645,medium
Customer B,2023-01-17,32352.06,SSE and HSBC stock,32.0492,low
Customer A,2023-01-18,18749.61,Savings Account,4.1645,medium
Customer B,2023-01-18,32354.68,SSE and HSBC stock,32.0599,low
Customer A,2023-01-19,18749.61,Savings Account,4.1645,medium
Customer B,2023-01-19,32357.3,SSE and HSBC stock,32.0706,low
Customer A,2023-01-20,18749.62,Savings Account,4.1645,medium
Customer B,2023-01-20,32359.93,SSE and HSBC stock,32.0813,low
Customer A,2023-01-21,18749.62,Savings Account,4.1646,medium
Customer B,2023-01-21,32362.55,SSE and HSBC stock,32.092,low
Customer A,2023-01-22,18749.63,Savings Account,4.1646,medium
Customer B,2023-01-22,32365.17,SSE and HSBC stock,32.1027,low
Customer A,2023-01-23,18749.63,Savings Account,4.1646,medium
Customer B,2023-01-23,32367.79,SSE and HSBC stock,32.1134,low
Customer A,2023-01-24,18749.64,Savings Account,4.1647,medium
Customer B,2023-01-24,32370.41,SSE and HSBC stock,32.1241,low
Customer A,2023-01-25,18749.64,Savings Account,4.1647,medium
Customer B,2023-01-25,32373.03,SSE and HSBC stock,32.1348,low
Customer A,2023-01-26,18749.65,Savings Account,4.1647,medium
Customer B,2023-01-26,32375.65,SSE and HSBC stock,32.1455,low
Customer A,2023-01-27,18749.65,Savings Account,4.1647,medium
Customer B,2023-01-27,32378.27,SSE and HSBC stock,32.1562,low
Customer A,2023-01-28,18749.66,Savings Account,4.1648,medium
Customer B,2023-01-28,32380.9,SSE and HSBC stock,32.1669,low
Customer A,2023-01-29,18749.66,Savings Account,4.1648,medium
Customer B,2023-01-29,32383.52,SSE and HSBC stock,32.1776,low
Customer A,2023-01-30,18749.67,Savings Account,4.1648,medium
Customer B,2023-01-30,32386.14,SSE and HSBC stock,32.1883,low
Customer A,2023-01-31,18749.67,Savings Account,4.1649,medium
Customer B,2023-01-31,32388.76,SSE and HSBC stock,32.199,low
Customer A,2023-02-01,18749.68,Savings Account,4.1649,medium
Customer B,2023-02-01,32391.39,SSE and HSBC stock,32.2097,low
Customer A,2023-02-02,18749.68,Savings Account,4.1649,medium
Customer B,2023-02-02,32394.01,SSE and HSBC stock,32.2205,low
Customer A,2023-02-03,18749.69,Savings Account,4.1649,medium
Customer B,2023-02-03,32396.63,SSE and HSBC stock,32.2312,low
Customer A,2023-02-04,18749.69,Savings Account,4.165,medium
Customer B,2023-02-04,32399.26,SSE and HSBC stock,32.2419,low
Customer A,2023-02-05,18749.7,Savings Account,4.165,medium
Customer B,2023-02-05,32401.88,SSE and HSBC stock,32.2526,low
Customer A,2023-02-06,18749.7,Savings Account,4.165,medium
Customer B,2023-02-06,32404.51,SSE and HSBC stock,32.2633,low
Customer A,2023-02-07,18749.71,Savings Account,4.1651,medium
Customer B,2023-02-07,32407.13,SSE and HSBC stock,32.274,low
Customer A,2023-02-08,18749.72,Savings Account,4.1651,medium
Customer B,2023-02-08,32409.75,SSE and HSBC stock,32.2847,low
Customer A,2023-02-09,18749.72,Savings Account,4.1651,medium
Customer B,2023-02-09,32412.38,SSE and HSBC stock,32.2954,low
Customer A,2023-02-10,18749.73,Savings Account,4.1651,medium
Customer B,2023-02-10,32415.0,SSE and HSBC stock,32.3061,low
Customer A,2023-02-11,18749.73,Savings Account,4.1652,medium
Customer B,2023-02-11,32417.63,SSE and HSBC stock,32.3169,low
Customer A,2023-02-12,18749.74,Savings Account,4.1652,medium
Customer B,2023-02-12,32420.26,SSE and HSBC stock,32.3276,low
Customer A,2023-02-13,18749.74,Savings Account,4.1652,medium
Customer B,2023-02-13,32422.88,SSE and HSBC stock,32.3383,low
Customer A,2023-02-14,18749.75,Savings Account,4.1653,medium
Customer B,2023-02-14,32425.51,SSE and HSBC stock,32.349,low
Customer A,2023-02-15,18749.75,Savings Account,4.1653,medium
Customer B,2023-02-15,32428.13,SSE and HSBC stock,32.3597,low
Customer A,2023-02-16,18749.76,Savings Account,4.1653,medium
Customer B,2023-02-16,32430.76,SSE and HSBC stock,32.3704,low
Customer A,2023-02-17,18749.76,Savings Account,4.1653,medium
Customer B,2023-02-17,32433.39,SSE and HSBC stock,32.3812,low
Customer A,2023-02-18,18749.77,Savings Account,4.1654,medium
Customer B,2023-02-18,32436.01,SSE and HSBC stock,32.3919,low
Customer A,2023-02-19,18749.77,Savings Account,4.1654,medium
Customer B,2023-02-19,32438.64,SSE and HSBC stock,32.4026,low
Customer A,2023-02-20,18749.78,Savings Account,4.1654,medium
Customer B,2023-02-20,32441.27,SSE and HSBC stock,32.4133,low
Customer A,2023-02-21,18749.78,Savings Account,4.1655,medium
Customer B,2023-02-21,32443.89,SSE and HSBC stock,32.4241,low
Customer A,2023-02-22,18749.79,Savings Account,4.1655,medium
Customer B,2023-02-22,32446.52,SSE and HSBC stock,32.4348,low
Customer A,2023-02-23,18749.79,Savings Account,4.1655,medium
Customer B,2023-02-23,32449.15,SSE and HSBC stock,32.4455,low
Customer A,2023-02-24,18749.8,Savings Account,4.1655,medium
Customer B,2023-02-24,32451.78,SSE and HSBC stock,32.4562,low
Customer A,2023-02-25,18749.8,Savings Account,4.1656,medium
Customer B,2023-02-25,32454.4,SSE and HSBC stock,32.467,low
Customer A,2023-02-26,18749.81,Savings Account,4.1656,medium
Customer B,2023-02-26,32457.03,SSE and HSBC stock,32.4777,low
Customer A,2023-02-27,18749.81,Savings Account,4.1656,medium
Customer B,2023-02-27,32459.66,SSE and HSBC stock,32.4884,low
Customer A,2023-02-28,18749.82,Savings Account,4.1657,medium
Customer B,2023-02-28,32462.29,SSE and HSBC stock,32.4991,low
Customer A,2023-03-01,18749.82,Savings Account,4.1657,medium
Customer B,2023-03-01,32464.92,SSE and HSBC stock,32.5099,low
Customer A,2023-03-02,18749.83,Savings Account,4.1657,medium
Customer B,2023-03-02,32467.55,SSE and HSBC stock,32.5206,low
Customer A,2023-03-03,18749.83,Savings Account,4.1657,medium
Customer B,2023-03-03,32470.18,SSE and HSBC stock,32.5313,low
Customer A,2023-03-04,18749.84,Savings Account,4.1658,medium
Customer B,2023-03-04,32472.81,SSE and HSBC stock,32.5421,low
Customer A,2023-03-05,18749.84,Savings Account,4.1658,medium
Customer B,2023-03-05,32475.44,SSE and HSBC stock,32.5528,low
Customer A,2023-03-06,18749.85,Savings Account,4.1658,medium
Customer B,2023-03-06,32478.07,SSE and HSBC stock,32.5635,low
Customer A,2023-03-07,18749.85,Savings Account,4.1659,medium
Customer B,2023-03-07,32480.7,SSE and HSBC stock,32.5743,low
Customer A,2023-03-08,18749.86,Savings Account,4.1659,medium
Customer B,2023-03-08,32483.33,SSE and HSBC stock,32.585,low
Customer A,2023-03-09,18749.86,Savings Account,4.1659,medium
Customer B,2023-03-09,32485.96,SSE and HSBC stock,32.5958,low
Customer A,2023-03-10,18749.87,Savings Account,4.1659,medium
Customer B,2023-03-10,32488.59,SSE and HSBC stock,32.6065,low
Customer A,2023-03-11,18749.87,Savings Account,4.166,medium
Customer B,2023-03-11,32491.22,SSE and HSBC stock,32.6172,low
Customer A,2023-03-12,18749.88,Savings Account,4.166,medium
Customer B,2023-03-12,32493.85,SSE and HSBC stock,32.628,low
Customer A,2023-03-13,18749.88,Savings Account,4.166,medium
Customer B,2023-03-13,32496.48,SSE and HSBC stock,32.6387,low
Customer A,2023-03-14,18749.89,Savings Account,4.1661,medium
Customer B,2023-03-14,32499.12,SSE and HSBC stock,32.6495,low
Customer A,2023-03-15,18749.89,Savings Account,4.1661,medium
Customer B,2023-03-15,32501.75,SSE and HSBC stock,32.6602,low
Customer A,2023-03-16,18749.9,Savings Account,4.1661,medium
Customer B,2023-03-16,32504.38,SSE and HSBC stock,32.6709,low
Customer A,2023-03-17,18749.91,Savings Account,4.1661,medium
Customer B,2023-03-17,32507.01,SSE and HSBC stock,32.6817,low
Customer A,2023-03-18,18749.91,Savings Account,4.1662,medium
Customer B,2023-03-18,32509.64,SSE and HSBC stock,32.6924,low
Customer A,2023-03-19,18749.92,Savings Account,4.1662,medium
Customer B,2023-03-19,32512.28,SSE and HSBC stock,32.7032,low
Customer A,2023-03-20,18749.92,Savings Account,4.1662,medium
Customer B,2023-03-20,32514.91,SSE and HSBC stock,32.7139,low
Customer A,2023-03-21,18749.93,Savings Account,4.1663,medium
Customer B,2023-03-21,32517.54,SSE and HSBC stock,32.7247,low
Customer A,2023-03-22,18749.93,Savings Account,4.1663,medium
Customer B,2023-03-22,32520.18,SSE and HSBC stock,32.7354,low
Customer A,2023-03-23,18749.94,Savings Account,4.1663,medium
Customer B,2023-03-23,32522.81,SSE and HSBC stock,32.7462,low
Customer A,2023-03-24,18749.94,Savings Account,4.1663,medium
Customer B,2023-03-24,32525.44,SSE and HSBC stock,32.7569,low
Customer A,2023-03-25,18749.95,Savings Account,4.1664,medium
Customer B,2023-03-25,32528.08,SSE and HSBC stock,32.7677,low
Customer A,2023-03-26,18749.95,Savings Account,4.1664,medium
Customer B,2023-03-26,32530.71,SSE and HSBC stock,32.7784,low
Customer A,2023-03-27,18749.96,Savings Account,4.1664,medium
Customer B,2023-03-27,32533.35,SSE and HSBC stock,32.7892,low
Customer A,2023-03-28,18749.96,Savings Account,4.1665,medium
Customer B,2023-03-28,32535.98,SSE and HSBC stock,32.7999,low
Customer A,2023-03-29,18749.97,Savings Account,4.1665,medium
Customer B,2023-03-29,32538.62,SSE and HSBC stock,32.8107,low
Customer A,2023-03-30,18749.97,Savings Account,4.1665,medium
Customer B,2023-03-30,32541.25,SSE and HSBC stock,32.8214,low
Customer A,2023-03-31,18749.98,Savings Account,4.1665,medium
Customer B,2023-03-31,32543.89,SSE and HSBC stock,32.8322,low
Customer A,2023-04-01,18749.98,Savings Account,4.1666,medium
Customer B,2023-04-01,32546.52,SSE and HSBC stock,32.843,low
Customer A,2023-04-02,18749.99,Savings Account,4.1666,medium
Customer B,2023-04-02,32549.16,SSE and HSBC stock,32.8537,low
Customer A,2023-04-03,18749.99,Savings Account,4.1666,medium
Customer B,2023-04-03,32551.8,SSE and HSBC stock,32.8645,low
Customer A,2023-04-04,18750.0,Savings Account,4.1667,medium
Customer B,2023-04-04,32554.43,SSE and HSBC stock,32.8752,low
Customer A,2023-04-05,18750.0,Savings Account,4.1667,medium
Customer B,2023-04-05,32557.07,SSE and HSBC stock,32.886,low
Customer A,2023-04-06,18750.01,Savings Account,4.1667,medium
Customer B,2023-04-06,32559.71,SSE and HSBC stock,32.8968,low
Customer A,2023-04-07,18750.01,Savings Account,4.1667,medium
Customer B,2023-04-07,32562.34,SSE and HSBC stock,32.9075,low
Customer A,2023-04-08,18750.02,Savings Account,4.1668,medium
Customer B,2023-04-08,32564.98,SSE and HSBC stock,32.9183,low
Customer A,2023-04-09,18750.02,Savings Account,4.1668,medium
Customer B,2023-04-09,32567.62,SSE and HSBC stock,32.929,low
Customer A,2023-04-10,18750.03,Savings Account,4.1668,medium
Customer B,2023-04-10,32570.25,SSE and HSBC stock,32.9398,low
Customer A,2023-04-11,18750.03,Savings Account,4.1669,medium
Customer B,2023-04-11,32572.89,SSE and HSBC stock,32.9506,low
Customer A,2023-04-12,18750.04,Savings Account,4.1669,medium
Customer B,2023-04-12,32575.53,SSE and HSBC stock,32.9613,low
Customer A,2023-04-13,18750.04,Savings Account,4.1669,medium
Customer B,2023-04-13,32578.17,SSE and HSBC stock,32.9721,low
Customer A,2023-04-14,18750.05,Savings Account,4.1669,medium
Customer B,2023-04-14,32580.81,SSE and HSBC stock,32.9829,low
Customer A,2023-04-15,18750.05,Savings Account,4.167,medium
Customer B,2023-04-15,32583.44,SSE and HSBC stock,32.9937,low
Customer A,2023-04-16,18750.06,Savings Account,4.167,medium
Customer B,2023-04-16,32586.08,SSE and HSBC stock,33.0044,low
Customer A,2023-04-17,18750.06,Savings Account,4.167,medium
Customer B,2023-04-17,32588.72,SSE and HSBC stock,33.0152,low
Customer A,2023-04-18,18750.07,Savings Account,4.1671,medium
Customer B,2023-04-18,32591.36,SSE and HSBC stock,33.026,low
Customer A,2023-04-19,18750.07,Savings Account,4.1671,medium
Customer B,2023-04-19,32594.0,SSE and HSBC stock,33.0367,low
Customer A,2023-04-20,18750.08,Savings Account,4.1671,medium
Customer B,2023-04-20,32596.64,SSE and HSBC stock,33.0475,low
Customer A,2023-04-21,18750.09,Savings Account,4.1671,medium
Customer B,2023-04-21,32599.28,SSE and HSBC stock,33.0583,low
Customer A,2023-04-22,18750.09,Savings Account,4.1672,medium
Customer B,2023-04-22,32601.92,SSE and HSBC stock,33.0691,low
Customer A,2023-04-23,18750.1,Savings Account,4.1672,medium
Customer B,2023-04-23,32604.56,SSE and HSBC stock,33.0798,low
Customer A,2023-04-24,18750.1,Savings Account,4.1672,medium
Customer B,2023-04-24,32607.2,SSE and HSBC stock,33.0906,low
Customer A,2023-04-25,18750.11,Savings Account,4.1673,medium
Customer B,2023-04-25,32609.84,SSE and HSBC stock,33.1014,low
Customer A,2023-04-26,18750.11,Savings Account,4.1673,medium
Customer B,2023-04-26,32612.48,SSE and HSBC stock,33.1122,low
Customer A,2023-04-27,18750.12,Savings Account,4.1673,medium
Customer B,2023-04-27,32615.12,SSE and HSBC stock,33.123,low
Customer A,2023-04-28,18750.12,Savings Account,4.1673,medium
Customer B,2023-04-28,32617.77,SSE and HSBC stock,33.1337,low
Customer A,2023-04-29,18750.13,Savings Account,4.1674,medium
Customer B,2023-04-29,32620.41,SSE and HSBC stock,33.1445,low
Customer A,2023-04-30,18750.13,Savings Account,4.1674,medium
Customer B,2023-04-30,32623.05,SSE and HSBC stock,33.1553,low
Customer A,2023-05-01,18750.14,Savings Account,4.1674,medium
Customer B,2023-05-01,32625.69,SSE and HSBC stock,33.1661,low
Customer A,2023-05-02,18750.14,Savings Account,4.1675,medium
Customer B,2023-05-02,32628.33,SSE and HSBC stock,33.1769,low
Customer A,2023-05-03,18750.15,Savings Account,4.1675,medium
Customer B,2023-05-03,32630.98,SSE and HSBC stock,33.1877,low
Customer A,2023-05-04,18750.15,Savings Account,4.1675,medium
Customer B,2023-05-04,32633.62,SSE and HSBC stock,33.1984,low
Customer A,2023-05-05,18750.16,Savings Account,4.1675,medium
Customer B,2023-05-05,32636.26,SSE and HSBC stock,33.2092,low
Customer A,2023-05-06,18750.16,Savings Account,4.1676,medium
Customer B,2023-05-06,32638.9,SSE and HSBC stock,33.22,low
Customer A,2023-05-07,18750.17,Savings Account,4.1676,medium
Customer B,2023-05-07,32641.55,SSE and HSBC stock,33.2308,low
Customer A,2023-05-08,18750.17,Savings Account,4.1676,medium
Customer B,2023-05-08,32644.19,SSE and HSBC stock,33.2416,low
Customer A,2023-05-09,18750.18,Savings Account,4.1677,medium
Customer B,2023-05-09,32646.84,SSE and HSBC stock,33.2524,low
Customer A,2023-05-10,18750.18,Savings Account,4.1677,medium
Customer B,2023-05-10,32649.48,SSE and HSBC stock,33.2632,low
Customer A,2023-05-11,18750.19,Savings Account,4.1677,medium
Customer B,2023-05-11,32652.12,SSE and HSBC stock,33.274,low
Customer A,2023-05-12,18750.19,Savings Account,4.1677,medium
Customer B,2023-05-12,32654.77,SSE and HSBC stock,33.2848,low
Customer A,2023-05-13,18750.2,Savings Account,4.1678,medium
Customer B,2023-05-13,32657.41,SSE and HSBC stock,33.2956,low
Customer A,2023-05-14,18750.2,Savings Account,4.1678,medium
Customer B,2023-05-14,32660.06,SSE and HSBC stock,33.3064,low
Customer A,2023-05-15,18750.21,Savings Account,4.1678,medium
Customer B,2023-05-15,32662.7,SSE and HSBC stock,33.3172,low
Customer A,2023-05-16,18750.21,Savings Account,4.1679,medium
Customer B,2023-05-16,32665.35,SSE and HSBC stock,33.3279,low
Customer A,2023-05-17,18750.22,Savings Account,4.1679,medium
Customer B,2023-05-17,32667.99,SSE and HSBC stock,33.3387,low
Customer A,2023-05-18,18750.22,Savings Account,4.1679,medium
Customer B,2023-05-18,32670.64,SSE and HSBC stock,33.3495,low
Customer A,2023-05-19,18750.23,Savings Account,4.1679,medium
Customer B,2023-05-19,32673.28,SSE and HSBC stock,33.3603,low
Customer A,2023-05-20,18750.23,Savings Account,4.168,medium
Customer B,2023-05-20,32675.93,SSE and HSBC stock,33.3711,low
Customer A,2023-05-21,18750.24,Savings Account,4.168,medium
Customer B,2023-05-21,32678.58,SSE and HSBC stock,33.3819,low
Customer A,2023-05-22,18750.24,Savings Account,4.168,medium
Customer B,2023-05-22,32681.22,SSE and HSBC stock,33.3927,low
Customer A,2023-05-23,18750.25,Savings Account,4.1681,medium
Customer B,2023-05-23,32683.87,SSE and HSBC stock,33.4036,low
Customer A,2023-05-24,18750.25,Savings Account,4.1681,medium
Customer B,2023-05-24,32686.52,SSE and HSBC stock,33.4144,low
Customer A,2023-05-25,18750.26,Savings Account,4.1681,medium
Customer B,2023-05-25,32689.16,SSE and HSBC stock,33.4252,low
Customer A,2023-05-26,18750.26,Savings Account,4.1681,medium
Customer B,2023-05-26,32691.81,SSE and HSBC stock,33.436,low
Customer A,2023-05-27,18750.27,Savings Account,4.1682,medium
Customer B,2023-05-27,32694.46,SSE and HSBC stock,33.4468,low
Customer A,2023-05-28,18750.28,Savings Account,4.1682,medium
Customer B,2023-05-28,32697.11,SSE and HSBC stock,33.4576,low
Customer A,2023-05-29,18750.28,Savings Account,4.1682,medium
Customer B,2023-05-29,32699.75,SSE and HSBC stock,33.4684,low
Customer A,2023-05-30,18750.29,Savings Account,4.1683,medium
Customer B,2023-05-30,32702.4,SSE and HSBC stock,33.4792,low
Customer A,2023-05-31,18750.29,Savings Account,4.1683,medium
Customer B,2023-05-31,32705.05,SSE and HSBC stock,33.49,low
Customer A,2023-06-01,18750.3,Savings Account,4.1683,medium
Customer B,2023-06-01,32707.7,SSE and HSBC stock,33.5008,low
Customer A,2023-06-02,18750.3,Savings Account,4.1683,medium
Customer B,2023-06-02,32710.35,SSE and HSBC stock,33.5116,low
Customer A,2023-06-03,18750.31,Savings Account,4.1684,medium
Customer B,2023-06-03,32713.0,SSE and HSBC stock,33.5224,low
Customer A,2023-06-04,18750.31,Savings Account,4.1684,medium
Customer B,2023-06-04,32715.65,SSE and HSBC stock,33.5333,low
Customer A,2023-06-05,18750.32,Savings Account,4.1684,medium
Customer B,2023-06-05,32718.3,SSE and HSBC stock,33.5441,low
Customer A,2023-06-06,18750.32,Savings Account,4.1685,medium
Customer B,2023-06-06,32720.95,SSE and HSBC stock,33.5549,low
Customer A,2023-06-07,18750.33,Savings Account,4.1685,medium
Customer B,2023-06-07,32723.6,SSE and HSBC stock,33.5657,low
Customer A,2023-06-08,18750.33,Savings Account,4.1685,medium
Customer B,2023-06-08,32726.25,SSE and HSBC stock,33.5765,low
Customer A,2023-06-09,18750.34,Savings Account,4.1685,medium
Customer B,2023-06-09,32728.9,SSE and HSBC stock,33.5873,low
Customer A,2023-06-10,18750.34,Savings Account,4.1686,medium
Customer B,2023-06-10,32731.55,SSE and HSBC stock,33.5982,low
Customer A,2023-06-11,18750.35,Savings Account,4.1686,medium
Customer B,2023-06-11,32734.2,SSE and HSBC stock,33.609,low
Customer A,2023-06-12,18750.35,Savings Account,4.1686,medium
Customer B,2023-06-12,32736.85,SSE and HSBC stock,33.6198,low
Customer A,2023-06-13,18750.36,Savings Account,4.1687,medium
Customer B,2023-06-13,32739.5,SSE and HSBC stock,33.6306,low
Customer A,2023-06-14,18750.36,Savings Account,4.1687,medium
Customer B,2023-06-14,32742.15,SSE and HSBC stock,33.6414,low
Customer A,2023-06-15,18750.37,Savings Account,4.1687,medium
Customer B,2023-06-15,32744.8,SSE and HSBC stock,33.6523,low
Customer A,2023-06-16,18750.37,Savings Account,4.1687,medium
Customer B,2023-06-16,32747.46,SSE and HSBC stock,33.6631,low
Customer A,2023-06-17,18750.38,Savings Account,4.1688,medium
Customer B,2023-06-17,32750.11,SSE and HSBC stock,33.6739,low
Customer A,2023-06-18,18750.38,Savings Account,4.1688,medium
Customer B,2023-06-18,32752.76,SSE and HSBC stock,33.6847,low
Customer A,2023-06-19,18750.39,Savings Account,4.1688,medium
Customer B,2023-06-19,32755.41,SSE and HSBC stock,33.6956,low
Customer A,2023-06-20,18750.39,Savings Account,4.1689,medium
Customer B,2023-06-20,32758.07,SSE and HSBC stock,33.7064,low
Customer A,2023-06-21,18750.4,Savings Account,4.1689,medium
Customer B,2023-06-21,32760.72,SSE and HSBC stock,33.7172,low
Customer A,2023-06-22,18750.4,Savings Account,4.1689,medium
Customer B,2023-06-22,32763.37,SSE and HSBC stock,33.728,low
Customer A,2023-06-23,18750.41,Savings Account,4.1689,medium
Customer B,2023-06-23,32766.03,SSE and HSBC stock,33.7389,low
Customer A,2023-06-24,18750.41,Savings Account,4.169,medium
Customer B,2023-06-24,32768.68,SSE and HSBC stock,33.7497,low
Customer A,2023-06-25,18750.42,Savings Account,4.169,medium
Customer B,2023-06-25,32771.33,SSE and HSBC stock,33.7605,low
Customer A,2023-06-26,18750.42,Savings Account,4.169,medium
Customer B,2023-06-26,32773.99,SSE and HSBC stock,33.7714,low
Customer A,2023-06-27,18750.43,Savings Account,4.1691,medium
Customer B,2023-06-27,32776.64,SSE and HSBC stock,33.7822,low
Customer A,2023-06-28,18750.43,Savings Account,4.1691,medium
Customer B,2023-06-28,32779.3,SSE and HSBC stock,33.793,low
Customer A,2023-06-29,18750.44,Savings Account,4.1691,medium
Customer B,2023-06-29,32781.95,SSE and HSBC stock,33.8039,low
Customer A,2023-06-30,18750.44,Savings Account,4.1691,medium
Customer B,2023-06-30,32784.6,SSE and HSBC stock,33.8147,low
Customer A,2023-07-01,18750.45,Savings Account,4.1692,medium
Customer B,2023-07-01,32787.26,SSE and HSBC stock,33.8256,low
Customer A,2023-07-02,18750.45,Savings Account,4.1692,medium
Customer B,2023-07-02,32789.92,SSE and HSBC stock,33.8364,low
Customer A,2023-07-03,18750.46,Savings Account,4.1692,medium
Customer B,2023-07-03,32792.57,SSE and HSBC stock,33.8472,low
Customer A,2023-07-04,18750.47,Savings Account,4.1693,medium
Customer B,2023-07-04,32795.23,SSE and HSBC stock,33.8581,low
Customer A,2023-07-05,18750.47,Savings Account,4.1693,medium
Customer B,2023-07-05,32797.88,SSE and HSBC stock,33.8689,low
Customer A,2023-07-06,18750.48,Savings Account,4.1693,medium
Customer B,2023-07-06,32800.54,SSE and HSBC stock,33.8797,low
Customer A,2023-07-07,18750.48,Savings Account,4.1693,medium
Customer B,2023-07-07,32803.2,SSE and HSBC stock,33.8906,low
Customer A,2023-07-08,18750.49,Savings Account,4.1694,medium
Customer B,2023-07-08,32805.85,SSE and HSBC stock,33.9014,low
Customer A,2023-07-09,18750.49,Savings Account,4.1694,medium
Customer B,2023-07-09,32808.51,SSE and HSBC stock,33.9123,low
Customer A,2023-07-10,18750.5,Savings Account,4.1694,medium
Customer B,2023-07-10,32811.17,SSE and HSBC stock,33.9231,low
Customer A,2023-07-11,18750.5,Savings Account,4.1695,medium
Customer B,2023-07-11,32813.82,SSE and HSBC stock,33.934,low
Customer A,2023-07-12,18750.51,Savings Account,4.1695,medium
Customer B,2023-07-12,32816.48,SSE and HSBC stock,33.9448,low
Customer A,2023-07-13,18750.51,Savings Account,4.1695,medium
Customer B,2023-07-13,32819.14,SSE and HSBC stock,33.9557,low
Customer A,2023-07-14,18750.52,Savings Account,4.1695,medium
Customer B,2023-07-14,32821.8,SSE and HSBC stock,33.9665,low
Customer A,2023-07-15,18750.52,Savings Account,4.1696,medium
Customer B,2023-07-15,32824.45,SSE and HSBC stock,33.9774,low
Customer A,2023-07-16,18750.53,Savings Account,4.1696,medium
Customer B,2023-07-16,32827.11,SSE and HSBC stock,33.9882,low
Customer A,2023-07-17,18750.53,Savings Account,4.1696,medium
Customer B,2023-07-17,32829.77,SSE and HSBC stock,33.9991,low
Customer A,2023-07-18,18750.54,Savings Account,4.1697,medium
Customer B,2023-07-18,32832.43,SSE and HSBC stock,34.0099,low
Customer A,2023-07-19,18750.54,Savings Account,4.1697,medium
Customer B,2023-07-19,32835.09,SSE and HSBC stock,34.0208,low
Customer A,2023-07-20,18750.55,Savings Account,4.1697,medium
Customer B,2023-07-20,32837.75,SSE and HSBC stock,34.0316,low
Customer A,2023-07-21,18750.55,Savings Account,4.1697,medium
Customer B,2023-07-21,32840.41,SSE and HSBC stock,34.0425,low
Customer A,2023-07-22,18750.56,Savings Account,4.1698,medium
Customer B,2023-07-22,32843.07,SSE and HSBC stock,34.0533,low
Customer A,2023-07-23,18750.56,Savings Account,4.1698,medium
Customer B,2023-07-23,32845.73,SSE and HSBC stock,34.0642,low
Customer A,2023-07-24,18750.57,Savings Account,4.1698,medium
Customer B,2023-07-24,32848.39,SSE and HSBC stock,34.075,low
Customer A,2023-07-25,18750.57,Savings Account,4.1699,medium
Customer B,2023-07-25,32851.05,SSE and HSBC stock,34.0859,low
Customer A,2023-07-26,18750.58,Savings Account,4.1699,medium
Customer B,2023-07-26,32853.71,SSE and HSBC stock,34.0968,low
Customer A,2023-07-27,18750.58,Savings Account,4.1699,medium
Customer B,2023-07-27,32856.37,SSE and HSBC stock,34.1076,low
Customer A,2023-07-28,18750.59,Savings Account,4.1699,medium
Customer B,2023-07-28,32859.03,SSE and HSBC stock,34.1185,low
Customer A,2023-07-29,18750.59,Savings Account,4.17,medium
Customer B,2023-07-29,32861.69,SSE and HSBC stock,34.1293,low
Customer A,2023-07-30,18750.6,Savings Account,4.17,medium
Customer B,2023-07-30,32864.35,SSE and HSBC stock,34.1402,low
Customer A,2023-07-31,18750.6,Savings Account,4.17,medium
Customer B,2023-07-31,32867.01,SSE and HSBC stock,34.1511,low
Customer A,2023-08-01,18750.61,Savings Account,4.1701,medium
Customer B,2023-08-01,32869.67,SSE and HSBC stock,34.1619,low
Customer A,2023-08-02,18750.61,Savings Account,4.1701,medium
Customer B,2023-08-02,32872.34,SSE and HSBC stock,34.1728,low
Customer A,2023-08-03,18750.62,Savings Account,4.1701,medium
Customer B,2023-08-03,32875.0,SSE and HSBC stock,34.1837,low
Customer A,2023-08-04,18750.62,Savings Account,4.1701,medium
Customer B,2023-08-04,32877.66,SSE and HSBC stock,34.1945,low
Customer A,2023-08-05,18750.63,Savings Account,4.1702,medium
Customer B,2023-08-05,32880.32,SSE and HSBC stock,34.2054,low
Customer A,2023-08-06,18750.63,Savings Account,4.1702,medium
Customer B,2023-08-06,32882.99,SSE and HSBC stock,34.2163,low
Customer A,2023-08-07,18750.64,Savings Account,4.1702,medium
Customer B,2023-08-07,32885.65,SSE and HSBC stock,34.2271,low
Customer A,2023-08-08,18750.64,Savings Account,4.1702,medium
Customer B,2023-08-08,32888.31,SSE and HSBC stock,34.238,low
Customer A,2023-08-09,18750.65,Savings Account,4.1703,medium
Customer B,2023-08-09,32890.98,SSE and HSBC stock,34.2489,low
Customer A,2023-08-10,18750.66,Savings Account,4.1703,medium
Customer B,2023-08-10,32893.64,SSE and HSBC stock,34.2598,low
Customer A,2023-08-11,18750.66,Savings Account,4.1703,medium
Customer B,2023-08-11,32896.3,SSE and HSBC stock,34.2706,low
Customer A,2023-08-12,18750.67,Savings Account,4.1704,medium
Customer B,2023-08-12,32898.97,SSE and HSBC stock,34.2815,low
Customer A,2023-08-13,18750.67,Savings Account,4.1704,medium
Customer B,2023-08-13,32901.63,SSE and HSBC stock,34.2924,low
Customer A,2023-08-14,18750.68,Savings Account,4.1704,medium
Customer B,2023-08-14,32904.3,SSE and HSBC stock,34.3033,low
Customer A,2023-08-15,18750.68,Savings Account,4.1704,medium
Customer B,2023-08-15,32906.96,SSE and HSBC stock,34.3141,low
Customer A,2023-08-16,18750.69,Savings Account,4.1705,medium
Customer B,2023-08-16,32909.63,SSE and HSBC stock,34.325,low
Customer A,2023-08-17,18750.69,Savings Account,4.1705,medium
Customer B,2023-08-17,32912.29,SSE and HSBC stock,34.3359,low
Customer A,2023-08-18,18750.7,Savings Account,4.1705,medium
Customer B,2023-08-18,32914.96,SSE and HSBC stock,34.3468,low
Customer A,2023-08-19,18750.7,Savings Account,4.1706,medium
Customer B,2023-08-19,32917.62,SSE and HSBC stock,34.3576,low
Customer A,2023-08-20,18750.71,Savings Account,4.1706,medium
Customer B,2023-08-20,32920.29,SSE and HSBC stock,34.3685,low
Customer A,2023-08-21,18750.71,Savings Account,4.1706,medium
Customer B,2023-08-21,32922.96,SSE and HSBC stock,34.3794,low
Customer A,2023-08-22,18750.72,Savings Account,4.1706,medium
Customer B,2023-08-22,32925.62,SSE and HSBC stock,34.3903,low
Customer A,2023-08-23,18750.72,Savings Account,4.1707,medium
Customer B,2023-08-23,32928.29,SSE and HSBC stock,34.4012,low
Customer A,2023-08-24,18750.73,Savings Account,4.1707,medium
Customer B,2023-08-24,32930.96,SSE and HSBC stock,34.4121,low
Customer A,2023-08-25,18750.73,Savings Account,4.1707,medium
Customer B,2023-08-25,32933.62,SSE and HSBC stock,34.4229,low
Customer A,2023-08-26,18750.74,Savings Account,4.1708,medium
Customer B,2023-08-26,32936.29,SSE and HSBC stock,34.4338,low
Customer A,2023-08-27,18750.74,Savings Account,4.1708,medium
Customer B,2023-08-27,32938.96,SSE and HSBC stock,34.4447,low
Customer A,2023-08-28,18750.75,Savings Account,4.1708,medium
Customer B,2023-08-28,32941.62,SSE and HSBC stock,34.4556,low
Customer A,2023-08-29,18750.75,Savings Account,4.1708,medium
Customer B,2023-08-29,32944.29,SSE and HSBC stock,34.4665,low
Customer A,2023-08-30,18750.76,Savings Account,4.1709,medium
Customer B,2023-08-30,32946.96,SSE and HSBC stock,34.4774,low
Customer A,2023-08-31,18750.76,Savings Account,4.1709,medium
Customer B,2023-08-31,32949.63,SSE and HSBC stock,34.4883,low
Customer A,2023-09-01,18750.77,Savings Account,4.1709,medium
Customer B,2023-09-01,32952.3,SSE and HSBC stock,34.4992,low
Customer A,2023-09-02,18750.77,Savings Account,4.171,medium
Customer B,2023-09-02,32954.97,SSE and HSBC stock,34.5101,low
Customer A,2023-09-03,18750.78,Savings Account,4.171,medium
Customer B,2023-09-03,32957.63,SSE and HSBC stock,34.521,low
Customer A,2023-09-04,18750.78,Savings Account,4.171,medium
Customer B,2023-09-04,32960.3,SSE and HSBC stock,34.5319,low
Customer A,2023-09-05,18750.79,Savings Account,4.171,medium
Customer B,2023-09-05,32962.97,SSE and HSBC stock,34.5427,low
Customer A,2023-09-06,18750.79,Savings Account,4.1711,medium
Customer B,2023-09-06,32965.64,SSE and HSBC stock,34.5536,low
Customer A,2023-09-07,18750.8,Savings Account,4.1711,medium
Customer B,2023-09-07,32968.31,SSE and HSBC stock,34.5645,low
Customer A,2023-09-08,18750.8,Savings Account,4.1711,medium
Customer B,2023-09-08,32970.98,SSE and HSBC stock,34.5754,low
Customer A,2023-09-09,18750.81,Savings Account,4.1712,medium
Customer B,2023-09-09,32973.65,SSE and HSBC stock,34.5863,low
Customer A,2023-09-10,18750.81,Savings Account,4.1712,medium
Customer B,2023-09-10,32976.32,SSE and HSBC stock,34.5972,low
Customer A,2023-09-11,18750.82,Savings Account,4.1712,medium
Customer B,2023-09-11,32978.99,SSE and HSBC stock,34.6081,low
Customer A,2023-09-12,18750.82,Savings Account,4.1712,medium
Customer B,2023-09-12,32981.66,SSE and HSBC stock,34.619,low
Customer A,2023-09-13,18750.83,Savings Account,4.1713,medium
Customer B,2023-09-13,32984.34,SSE and HSBC stock,34.6299,low
Customer A,2023-09-14,18750.84,Savings Account,4.1713,medium
Customer B,2023-09-14,32987.01,SSE and HSBC stock,34.6408,low
Customer A,2023-09-15,18750.84,Savings Account,4.1713,medium
Customer B,2023-09-15,32989.68,SSE and HSBC stock,34.6517,low
Customer A,2023-09-16,18750.85,Savings Account,4.1714,medium
Customer B,2023-09-16,32992.35,SSE and HSBC stock,34.6627,low
Customer A,2023-09-17,18750.85,Savings Account,4.1714,medium
Customer B,2023-09-17,32995.02,SSE and HSBC stock,34.6736,low
Customer A,2023-09-18,18750.86,Savings Account,4.1714,medium
Customer B,2023-09-18,32997.69,SSE and HSBC stock,34.6845,low
Customer A,2023-09-19,18750.86,Savings Account,4.1714,medium
Customer B,2023-09-19,33000.37,SSE and HSBC stock,34.6954,low
Customer A,2023-09-20,18750.87,Savings Account,4.1715,medium
Customer B,2023-09-20,33003.04,SSE and HSBC stock,34.7063,low
Customer A,2023-09-21,18750.87,Savings Account,4.1715,medium
Customer B,2023-09-21,33005.71,SSE and HSBC stock,34.7172,low
Customer A,2023-09-22,18750.88,Savings Account,4.1715,medium
Customer B,2023-09-22,33008.38,SSE and HSBC stock,34.7281,low
Customer A,2023-09-23,18750.88,Savings Account,4.1716,medium
Customer B,2023-09-23,33011.06,SSE and HSBC stock,34.739,low
Customer A,2023-09-24,18750.89,Savings Account,4.1716,medium
Customer B,2023-09-24,33013.73,SSE and HSBC stock,34.7499,low
Customer A,2023-09-25,18750.89,Savings Account,4.1716,medium
Customer B,2023-09-25,33016.41,SSE and HSBC stock,34.7608,low
Customer A,2023-09-26,18750.9,Savings Account,4.1716,medium
Customer B,2023-09-26,33019.08,SSE and HSBC stock,34.7718,low
Customer A,2023-09-27,18750.9,Savings Account,4.1717,medium
Customer B,2023-09-27,33021.75,SSE and HSBC stock,34.7827,low
Customer A,2023-09-28,18750.91,Savings Account,4.1717,medium
Customer B,2023-09-28,33024.43,SSE and HSBC stock,34.7936,low
Customer A,2023-09-29,18750.91,Savings Account,4.1717,medium
Customer B,2023-09-29,33027.1,SSE and HSBC stock,34.8045,low
Customer A,2023-09-30,18750.92,Savings Account,4.1718,medium
Customer B,2023-09-30,33029.78,SSE and HSBC stock,34.8154,low
Customer A,2023-10-01,18750.92,Savings Account,4.1718,medium
Customer B,2023-10-01,33032.45,SSE and HSBC stock,34.8263,low
Customer A,2023-10-02,18750.93,Savings Account,4.1718,medium
Customer B,2023-10-02,33035.13,SSE and HSBC stock,34.8373,low
Customer A,2023-10-03,18750.93,Savings Account,4.1718,medium
Customer B,2023-10-03,33037.8,SSE and HSBC stock,34.8482,low
Customer A,2023-10-04,18750.94,Savings Account,4.1719,medium
Customer B,2023-10-04,33040.48,SSE and HSBC stock,34.8591,low
Customer A,2023-10-05,18750.94,Savings Account,4.1719,medium
Customer B,2023-10-05,33043.15,SSE and HSBC stock,34.87,low
Customer A,2023-10-06,18750.95,Savings Account,4.1719,medium
Customer B,2023-10-06,33045.83,SSE and HSBC stock,34.8809,low
Customer A,2023-10-07,18750.95,Savings Account,4.172,medium
Customer B,2023-10-07,33048.51,SSE and HSBC stock,34.8919,low
Customer A,2023-10-08,18750.96,Savings Account,4.172,medium
Customer B,2023-10-08,33051.18,SSE and HSBC stock,34.9028,low
Customer A,2023-10-09,18750.96,Savings Account,4.172,medium
Customer B,2023-10-09,33053.86,SSE and HSBC stock,34.9137,low
Customer A,2023-10-10,18750.97,Savings Account,4.172,medium
Customer B,2023-10-10,33056.54,SSE and HSBC stock,34.9246,low
Customer A,2023-10-11,18750.97,Savings Account,4.1721,medium
Customer B,2023-10-11,33059.21,SSE and HSBC stock,34.9356,low
Customer A,2023-10-12,18750.98,Savings Account,4.1721,medium
Customer B,2023-10-12,33061.89,SSE and HSBC stock,34.9465,low
Customer A,2023-10-13,18750.98,Savings Account,4.1721,medium
Customer B,2023-10-13,33064.57,SSE and HSBC stock,34.9574,low
Customer A,2023-10-14,18750.99,Savings Account,4.1722,medium
Customer B,2023-10-14,33067.25,SSE and HSBC stock,34.9684,low
Customer A,2023-10-15,18750.99,Savings Account,4.1722,medium
Customer B,2023-10-15,33069.92,SSE and HSBC stock,34.9793,low
Customer A,2023-10-16,18751.0,Savings Account,4.1722,medium
Customer B,2023-10-16,33072.6,SSE and HSBC stock,34.9902,low
Customer A,2023-10-17,18751.0,Savings Account,4.1722,medium
Customer B,2023-10-17,33075.28,SSE and HSBC stock,35.0011,low
Customer A,2023-10-18,18751.01,Savings Account,4.1723,medium
Customer B,2023-10-18,33077.96,SSE and HSBC stock,35.0121,low
Customer A,2023-10-19,18751.01,Savings Account,4.1723,medium
Customer B,2023-10-19,33080.64,SSE and HSBC stock,35.023,low
Customer A,2023-10-20,18751.02,Savings Account,4.1723,medium
Customer B,2023-10-20,33083.32,SSE and HSBC stock,35.0339,low
Customer A,2023-10-21,18751.03,Savings Account,4.1724,medium
Customer B,2023-10-21,33086.0,SSE and HSBC stock,35.0449,low
Customer A,2023-10-22,18751.03,Savings Account,4.1724,medium
Customer B,2023-10-22,33088.68,SSE and HSBC stock,35.0558,low
Customer A,2023-10-23,18751.04,Savings Account,4.1724,medium
Customer B,2023-10-23,33091.36,SSE and HSBC stock,35.0668,low
Customer A,2023-10-24,18751.04,Savings Account,4.1724,medium
Customer B,2023-10-24,33094.04,SSE and HSBC stock,35.0777,low
Customer A,2023-10-25,18751.05,Savings Account,4.1725,medium
Customer B,2023-10-25,33096.72,SSE and HSBC stock,35.0886,low
Customer A,2023-10-26,18751.05,Savings Account,4.1725,medium
Customer B,2023-10-26,33099.4,SSE and HSBC stock,35.0996,low
Customer A,2023-10-27,18751.06,Savings Account,4.1725,medium
Customer B,2023-10-27,33102.08,SSE and HSBC stock,35.1105,low
Customer A,2023-10-28,18751.06,Savings Account,4.1726,medium
Customer B,2023-10-28,33104.76,SSE and HSBC stock,35.1215,low
Customer A,2023-10-29,18751.07,Savings Account,4.1726,medium
Customer B,2023-10-29,33107.44,SSE and HSBC stock,35.1324,low
Customer A,2023-10-30,18751.07,Savings Account,4.1726,medium
Customer B,2023-10-30,33110.12,SSE and HSBC stock,35.1433,low
Customer A,2023-10-31,18751.08,Savings Account,4.1726,medium
Customer B,2023-10-31,33112.8,SSE and HSBC stock,35.1543,low
Customer A,2023-11-01,18751.08,Savings Account,4.1727,medium
Customer B,2023-11-01,33115.48,SSE and HSBC stock,35.1652,low
Customer A,2023-11-02,18751.09,Savings Account,4.1727,medium
Customer B,2023-11-02,33118.16,SSE and HSBC stock,35.1762,low
Customer A,2023-11-03,18751.09,Savings Account,4.1727,medium
Customer B,2023-11-03,33120.85,SSE and HSBC stock,35.1871,low
Customer A,2023-11-04,18751.1,Savings Account,4.1728,medium
Customer B,2023-11-04,33123.53,SSE and HSBC stock,35.1981,low
Customer A,2023-11-05,18751.1,Savings Account,4.1728,medium
Customer B,2023-11-05,33126.21,SSE and HSBC stock,35.209,low
Customer A,2023-11-06,18751.11,Savings Account,4.1728,medium
Customer B,2023-11-06,33128.89,SSE and HSBC stock,35.22,low
Customer A,2023-11-07,18751.11,Savings Account,4.1728,medium
Customer B,2023-11-07,33131.58,SSE and HSBC stock,35.2309,low
Customer A,2023-11-08,18751.12,Savings Account,4.1729,medium
Customer B,2023-11-08,33134.26,SSE and HSBC stock,35.2419,low
Customer A,2023-11-09,18751.12,Savings Account,4.1729,medium
Customer B,2023-11-09,33136.94,SSE and HSBC stock,35.2528,low
Customer A,2023-11-10,18751.13,Savings Account,4.1729,medium
Customer B,2023-11-10,33139.63,SSE and HSBC stock,35.2638,low
Customer A,2023-11-11,18751.13,Savings Account,4.173,medium
Customer B,2023-11-11,33142.31,SSE and HSBC stock,35.2747,low
Customer A,2023-11-12,18751.14,Savings Account,4.173,medium
Customer B,2023-11-12,33145.0,SSE and HSBC stock,35.2857,low
Customer A,2023-11-13,18751.14,Savings Account,4.173,medium
Customer B,2023-11-13,33147.68,SSE and HSBC stock,35.2967,low
Customer A,2023-11-14,18751.15,Savings Account,4.173,medium
Customer B,2023-11-14,33150.36,SSE and HSBC stock,35.3076,low
Customer A,2023-11-15,18751.15,Savings Account,4.1731,medium
Customer B,2023-11-15,33153.05,SSE and HSBC stock,35.3186,low
Customer A,2023-11-16,18751.16,Savings Account,4.1731,medium
Customer B,2023-11-16,33155.73,SSE and HSBC stock,35.3295,low
Customer A,2023-11-17,18751.16,Savings Account,4.1731,medium
Customer B,2023-11-17,33158.42,SSE and HSBC stock,35.3405,low
Customer A,2023-11-18,18751.17,Savings Account,4.1732,medium
Customer B,2023-11-18,33161.1,SSE and HSBC stock,35.3514,low
Customer A,2023-11-19,18751.17,Savings Account,4.1732,medium
Customer B,2023-11-19,33163.79,SSE and HSBC stock,35.3624,low
Customer A,2023-11-20,18751.18,Savings Account,4.1732,medium
Customer B,2023-11-20,33166.48,SSE and HSBC stock,35.3734,low
Customer A,2023-11-21,18751.18,Savings Account,4.1732,medium
Customer B,2023-11-21,33169.16,SSE and HSBC stock,35.3843,low
Customer A,2023-11-22,18751.19,Savings Account,4.1733,medium
Customer B,2023-11-22,33171.85,SSE and HSBC stock,35.3953,low
Customer A,2023-11-23,18751.19,Savings Account,4.1733,medium
Customer B,2023-11-23,33174.53,SSE and HSBC stock,35.4063,low
Customer A,2023-11-24,18751.2,Savings Account,4.1733,medium
Customer B,2023-11-24,33177.22,SSE and HSBC stock,35.4172,low
Customer A,2023-11-25,18751.2,Savings Account,4.1734,medium
Customer B,2023-11-25,33179.91,SSE and HSBC stock,35.4282,low
Customer A,2023-11-26,18751.21,Savings Account,4.1734,medium
Customer B,2023-11-26,33182.6,SSE and HSBC stock,35.4392,low
Customer A,2023-11-27,18751.22,Savings Account,4.1734,medium
Customer B,2023-11-27,33185.28,SSE and HSBC stock,35.4501,low
Customer A,2023-11-28,18751.22,Savings Account,4.1734,medium
Customer B,2023-11-28,33187.97,SSE and HSBC stock,35.4611,low
Customer A,2023-11-29,18751.23,Savings Account,4.1735,medium
Customer B,2023-11-29,33190.66,SSE and HSBC stock,35.4721,low
Customer A,2023-11-30,18751.23,Savings Account,4.1735,medium
Customer B,2023-11-30,33193.35,SSE and HSBC stock,35.483,low
Customer A,2023-12-01,18751.24,Savings Account,4.1735,medium
Customer B,2023-12-01,33196.03,SSE and HSBC stock,35.494,low
Customer A,2023-12-02,18751.24,Savings Account,4.1736,medium
Customer B,2023-12-02,33198.72,SSE and HSBC stock,35.505,low
Customer A,2023-12-03,18751.25,Savings Account,4.1736,medium
Customer B,2023-12-03,33201.41,SSE and HSBC stock,35.516,low
Customer A,2023-12-04,18751.25,Savings Account,4.1736,medium
Customer B,2023-12-04,33204.1,SSE and HSBC stock,35.5269,low
Customer A,2023-12-05,18751.26,Savings Account,4.1736,medium
Customer B,2023-12-05,33206.79,SSE and HSBC stock,35.5379,low
Customer A,2023-12-06,18751.26,Savings Account,4.1737,medium
Customer B,2023-12-06,33209.48,SSE and HSBC stock,35.5489,low
Customer A,2023-12-07,18751.27,Savings Account,4.1737,medium
Customer B,2023-12-07,33212.17,SSE and HSBC stock,35.5599,low
Customer A,2023-12-08,18751.27,Savings Account,4.1737,medium
Customer B,2023-12-08,33214.86,SSE and HSBC stock,35.5708,low
Customer A,2023-12-09,18751.28,Savings Account,4.1738,medium
Customer B,2023-12-09,33217.55,SSE and HSBC stock,35.5818,low
Customer A,2023-12-10,18751.28,Savings Account,4.1738,medium
Customer B,2023-12-10,33220.24,SSE and HSBC stock,35.5928,low
Customer A,2023-12-11,18751.29,Savings Account,4.1738,medium
Customer B,2023-12-11,33222.93,SSE and HSBC stock,35.6038,low
Customer A,2023-12-12,18751.29,Savings Account,4.1738,medium
Customer B,2023-12-12,33225.62,SSE and HSBC stock,35.6148,low
Customer A,2023-12-13,18751.3,Savings Account,4.1739,medium
Customer B,2023-12-13,33228.31,SSE and HSBC stock,35.6258,low
Customer A,2023-12-14,18751.3,Savings Account,4.1739,medium
Customer B,2023-12-14,33231.0,SSE and HSBC stock,35.6367,low
Customer A,2023-12-15,18751.31,Savings Account,4.1739,medium
Customer B,2023-12-15,33233.69,SSE and HSBC stock,35.6477,low
Customer A,2023-12-16,18751.31,Savings Account,4.174,medium
Customer B,2023-12-16,33236.38,SSE and HSBC stock,35.6587,low
Customer A,2023-12-17,18751.32,Savings Account,4.174,medium
Customer B,2023-12-17,33239.08,SSE and HSBC stock,35.6697,low
Customer A,2023-12-18,18751.32,Savings Account,4.174,medium
Customer B,2023-12-18,33241.77,SSE and HSBC stock,35.6807,low
Customer A,2023-12-19,18751.33,Savings Account,4.174,medium
Customer B,2023-12-19,33244.46,SSE and HSBC stock,35.6917,low
Customer A,2023-12-20,18751.33,Savings Account,4.1741,medium
Customer B,2023-12-20,33247.15,SSE and HSBC stock,35.7027,low
Customer A,2023-12-21,18751.34,Savings Account,4.1741,medium
Customer B,2023-12-21,33249.84,SSE and HSBC stock,35.7137,low
Customer A,2023-12-22,18751.34,Savings Account,4.1741,medium
Customer B,2023-12-22,33252.54,SSE and HSBC stock,35.7246,low
Customer A,2023-12-23,18751.35,Savings Account,4.1742,medium
Customer B,2023-12-23,33255.23,SSE and HSBC stock,35.7356,low
Customer A,2023-12-24,18751.35,Savings Account,4.1742,medium
Customer B,2023-12-24,33257.92,SSE and HSBC stock,35.7466,low
Customer A,2023-12-25,18751.36,Savings Account,4.1742,medium
Customer B,2023-12-25,33260.62,SSE and HSBC stock,35.7576,low
Customer A,2023-12-26,18751.36,Savings Account,4.1742,medium
Customer B,2023-12-26,33263.31,SSE and HSBC stock,35.7686,low
Customer A,2023-12-27,18751.37,Savings Account,4.1743,medium
Customer B,2023-12-27,33266.0,SSE and HSBC stock,35.7796,low
Customer A,2023-12-28,18751.37,Savings Account,4.1743,medium
Customer B,2023-12-28,33268.7,SSE and HSBC stock,35.7906,low
Customer A,2023-12-29,18751.38,Savings Account,4.1743,medium
Customer B,2023-12-29,33271.39,SSE and HSBC stock,35.8016,low
Customer A,2023-12-30,18751.38,Savings Account,4.1744,medium
Customer B,2023-12-30,33274.09,SSE and HSBC stock,35.8126,low
Customer A,2023-12-31,18751.39,Savings Account,4.1744,medium
Customer B,2023-12-31,33276.78,SSE and HSBC stock,35.8236,low
Customer A,2024-01-01,18751.39,Savings Account,4.1744,medium
Customer B,2024-01-01,33279.48,SSE and HSBC stock,35.8346,low
Customer A,2024-01-02,18751.4,Savings Account,4.1744,medium
Customer B,2024-01-02,33282.17,SSE and HSBC stock,35.8456,low
Customer A,2024-01-03,18751.41,Savings Account,4.1745,medium
Customer B,2024-01-03,33284.87,SSE and HSBC stock,35.8566,low
Customer A,2024-01-04,18751.41,Savings Account,4.1745,medium
Customer B,2024-01-04,33287.56,SSE and HSBC stock,35.8676,low
Customer A,2024-01-05,18751.42,Savings Account,4.1745,medium
Customer B,2024-01-05,33290.26,SSE and HSBC stock,35.8786,low
Customer A,2024-01-06,18751.42,Savings Account,4.1746,medium
Customer B,2024-01-06,33292.96,SSE and HSBC stock,35.8896,low
Customer A,2024-01-07,18751.43,Savings Account,4.1746,medium
Customer B,2024-01-07,33295.65,SSE and HSBC stock,35.9006,low
Customer A,2024-01-08,18751.43,Savings Account,4.1746,medium
Customer B,2024-01-08,33298.35,SSE and HSBC stock,35.9116,low
Customer A,2024-01-09,18751.44,Savings Account,4.1746,medium
Customer B,2024-01-09,33301.04,SSE and HSBC stock,35.9226,low
Customer A,2024-01-10,18751.44,Savings Account,4.1747,medium
Customer B,2024-01-10,33303.74,SSE and HSBC stock,35.9336,low
Customer A,2024-01-11,18751.45,Savings Account,4.1747,medium
Customer B,2024-01-11,33306.44,SSE and HSBC stock,35.9446,low
Customer A,2024-01-12,18751.45,Savings Account,4.1747,medium
Customer B,2024-01-12,33309.14,SSE and HSBC stock,35.9557,low
Customer A,2024-01-13,18751.46,Savings Account,4.1748,medium
Customer B,2024-01-13,33311.83,SSE and HSBC stock,35.9667,low
Customer A,2024-01-14,18751.46,Savings Account,4.1748,medium
Customer B,2024-01-14,33314.53,SSE and HSBC stock,35.9777,low
Customer A,2024-01-15,18751.47,Savings Account,4.1748,medium
Customer B,2024-01-15,33317.23,SSE and HSBC stock,35.9887,low
Customer A,2024-01-16,18751.47,Savings Account,4.1748,medium
Customer B,2024-01-16,33319.93,SSE and HSBC stock,35.9997,low
Customer A,2024-01-17,18751.48,Savings Account,4.1749,medium
Customer B,2024-01-17,33322.63,SSE and HSBC stock,36.0107,low
Customer A,2024-01-18,18751.48,Savings Account,4.1749,medium
Customer B,2024-01-18,33325.32,SSE and HSBC stock,36.0217,low
Customer A,2024-01-19,18751.49,Savings Account,4.1749,medium
Customer B,2024-01-19,33328.02,SSE and HSBC stock,36.0327,low
Customer A,2024-01-20,18751.49,Savings Account,4.175,medium
Customer B,2024-01-20,33330.72,SSE and HSBC stock,36.0438,low
Customer A,2024-01-21,18751.5,Savings Account,4.175,medium
Customer B,2024-01-21,33333.42,SSE and HSBC stock,36.0548,low
Customer A,2024-01-22,18751.5,Savings Account,4.175,medium
Customer B,2024-01-22,33336.12,SSE and HSBC stock,36.0658,low
Customer A,2024-01-23,18751.51,Savings Account,4.175,medium
Customer B,2024-01-23,33338.82,SSE and HSBC stock,36.0768,low
Customer A,2024-01-24,18751.51,Savings Account,4.1751,medium
Customer B,2024-01-24,33341.52,SSE and HSBC stock,36.0878,low
Customer A,2024-01-25,18751.52,Savings Account,4.1751,medium
Customer B,2024-01-25,33344.22,SSE and HSBC stock,36.0989,low
Customer A,2024-01-26,18751.52,Savings Account,4.1751,medium
Customer B,2024-01-26,33346.92,SSE and HSBC stock,36.1099,low
Customer A,2024-01-27,18751.53,Savings Account,4.1752,medium
Customer B,2024-01-27,33349.62,SSE and HSBC stock,36.1209,low
Customer A,2024-01-28,18751.53,Savings Account,4.1752,medium
Customer B,2024-01-28,33352.32,SSE and HSBC stock,36.1319,low
Customer A,2024-01-29,18751.54,Savings Account,4.1752,medium
Customer B,2024-01-29,33355.02,SSE and HSBC stock,36.143,low
Customer A,2024-01-30,18751.54,Savings Account,4.1752,medium
Customer B,2024-01-30,33357.73,SSE and HSBC stock,36.154,low
Customer A,2024-01-31,18751.55,Savings Account,4.1753,medium
Customer B,2024-01-31,33360.43,SSE and HSBC stock,36.165,low
Customer A,2024-02-01,18751.55,Savings Account,4.1753,medium
Customer B,2024-02-01,33363.13,SSE and HSBC stock,36.176,low
Customer A,2024-02-02,18751.56,Savings Account,4.1753,medium
Customer B,2024-02-02,33365.83,SSE and HSBC stock,36.1871,low
Customer A,2024-02-03,18751.56,Savings Account,4.1754,medium
Customer B,2024-02-03,33368.53,SSE and HSBC stock,36.1981,low
Customer A,2024-02-04,18751.57,Savings Account,4.1754,medium
Customer B,2024-02-04,33371.24,SSE and HSBC stock,36.2091,low
Customer A,2024-02-05,18751.57,Savings Account,4.1754,medium
Customer B,2024-02-05,33373.94,SSE and HSBC stock,36.2202,low
Customer A,2024-02-06,18751.58,Savings Account,4.1754,medium
Customer B,2024-02-06,33376.64,SSE and HSBC stock,36.2312,low
Customer A,2024-02-07,18751.59,Savings Account,4.1755,medium
Customer B,2024-02-07,33379.34,SSE and HSBC stock,36.2422,low
Customer A,2024-02-08,18751.59,Savings Account,4.1755,medium
Customer B,2024-02-08,33382.05,SSE and HSBC stock,36.2533,low
Customer A,2024-02-09,18751.6,Savings Account,4.1755,medium
Customer B,2024-02-09,33384.75,SSE and HSBC stock,36.2643,low
Customer A,2024-02-10,18751.6,Savings Account,4.1756,medium
Customer B,2024-02-10,33387.45,SSE and HSBC stock,36.2753,low
Customer A,2024-02-11,18751.61,Savings Account,4.1756,medium
Customer B,2024-02-11,33390.16,SSE and HSBC stock,36.2864,low
Customer A,2024-02-12,18751.61,Savings Account,4.1756,medium
Customer B,2024-02-12,33392.86,SSE and HSBC stock,36.2974,low
Customer A,2024-02-13,18751.62,Savings Account,4.1756,medium
Customer B,2024-02-13,33395.57,SSE and HSBC stock,36.3084,low
Customer A,2024-02-14,18751.62,Savings Account,4.1757,medium
Customer B,2024-02-14,33398.27,SSE and HSBC stock,36.3195,low
Customer A,2024-02-15,18751.63,Savings Account,4.1757,medium
Customer B,2024-02-15,33400.98,SSE and HSBC stock,36.3305,low
Customer A,2024-02-16,18751.63,Savings Account,4.1757,medium
Customer B,2024-02-16,33403.68,SSE and HSBC stock,36.3416,low
Customer A,2024-02-17,18751.64,Savings Account,4.1758,medium
Customer B,2024-02-17,33406.39,SSE and HSBC stock,36.3526,low
Customer A,2024-02-18,18751.64,Savings Account,4.1758,medium
Customer B,2024-02-18,33409.09,SSE and HSBC stock,36.3636,low
Customer A,2024-02-19,18751.65,Savings Account,4.1758,medium
Customer B,2024-02-19,33411.8,SSE and HSBC stock,36.3747,low
Customer A,2024-02-20,18751.65,Savings Account,4.1758,medium
Customer B,2024-02-20,33414.5,SSE and HSBC stock,36.3857,low
Customer A,2024-02-21,18751.66,Savings Account,4.1759,medium
Customer B,2024-02-21,33417.21,SSE and HSBC stock,36.3968,low
Customer A,2024-02-22,18751.66,Savings Account,4.1759,medium
Customer B,2024-02-22,33419.92,SSE and HSBC stock,36.4078,low
Customer A,2024-02-23,18751.67,Savings Account,4.1759,medium
Customer B,2024-02-23,33422.62,SSE and HSBC stock,36.4189,low
Customer A,2024-02-24,18751.67,Savings Account,4.176,medium
Customer B,2024-02-24,33425.33,SSE and HSBC stock,36.4299,low
Customer A,2024-02-25,18751.68,Savings Account,4.176,medium
Customer B,2024-02-25,33428.04,SSE and HSBC stock,36.441,low
Customer A,2024-02-26,18751.68,Savings Account,4.176,medium
Customer B,2024-02-26,33430.74,SSE and HSBC stock,36.452,low
Customer A,2024-02-27,18751.69,Savings Account,4.176,medium
Customer B,2024-02-27,33433.45,SSE and HSBC stock,36.4631,low
Customer A,2024-02-28,18751.69,Savings Account,4.1761,medium
Customer B,2024-02-28,33436.16,SSE and HSBC stock,36.4741,low
Customer A,2024-02-29,18751.7,Savings Account,4.1761,medium
Customer B,2024-02-29,33438.87,SSE and HSBC stock,36.4852,low
Customer A,2024-03-01,18751.7,Savings Account,4.1761,medium
Customer B,2024-03-01,33441.57,SSE and HSBC stock,36.4962,low
Customer A,2024-03-02,18751.71,Savings Account,4.1762,medium
Customer B,2024-03-02,33444.28,SSE and HSBC stock,36.5073,low
Customer A,2024-03-03,18751.71,Savings Account,4.1762,medium
Customer B,2024-03-03,33446.99,SSE and HSBC stock,36.5183,low
Customer A,2024-03-04,18751.72,Savings Account,4.1762,medium
Customer B,2024-03-04,33449.7,SSE and HSBC stock,36.5294,low
Customer A,2024-03-05,18751.72,Savings Account,4.1762,medium
Customer B,2024-03-05,33452.41,SSE and HSBC stock,36.5404,low
Customer A,2024-03-06,18751.73,Savings Account,4.1763,medium
Customer B,2024-03-06,33455.12,SSE and HSBC stock,36.5515,low
Customer A,2024-03-07,18751.73,Savings Account,4.1763,medium
Customer B,2024-03-07,33457.83,SSE and HSBC stock,36.5626,low
Customer A,2024-03-08,18751.74,Savings Account,4.1763,medium
Customer B,2024-03-08,33460.54,SSE and HSBC stock,36.5736,low
Customer A,2024-03-09,18751.74,Savings Account,4.1764,medium
Customer B,2024-03-09,33463.25,SSE and HSBC stock,36.5847,low
Customer A,2024-03-10,18751.75,Savings Account,4.1764,medium
Customer B,2024-03-10,33465.96,SSE and HSBC stock,36.5957,low
Customer A,2024-03-11,18751.75,Savings Account,4.1764,medium
Customer B,2024-03-11,33468.67,SSE and HSBC stock,36.6068,low
Customer A,2024-03-12,18751.76,Savings Account,4.1764,medium
Customer B,2024-03-12,33471.38,SSE and HSBC stock,36.6179,low
Customer A,2024-03-13,18751.76,Savings Account,4.1765,medium
Customer B,2024-03-13,33474.09,SSE and HSBC stock,36.6289,low
Customer A,2024-03-14,18751.77,Savings Account,4.1765,medium
Customer B,2024-03-14,33476.8,SSE and HSBC stock,36.64,low
Customer A,2024-03-15,18751.78,Savings Account,4.1765,medium
Customer B,2024-03-15,33479.51,SSE and HSBC stock,36.6511,low
Customer A,2024-03-16,18751.78,Savings Account,4.1766,medium
Customer B,2024-03-16,33482.22,SSE and HSBC stock,36.6621,low
Customer A,2024-03-17,18751.79,Savings Account,4.1766,medium
Customer B,2024-03-17,33484.93,SSE and HSBC stock,36.6732,low
Customer A,2024-03-18,18751.79,Savings Account,4.1766,medium
Customer B,2024-03-18,33487.65,SSE and HSBC stock,36.6843,low
Customer A,2024-03-19,18751.8,Savings Account,4.1766,medium
Customer B,2024-03-19,33490.36,SSE and HSBC stock,36.6953,low
Customer A,2024-03-20,18751.8,Savings Account,4.1767,medium
Customer B,2024-03-20,33493.07,SSE and HSBC stock,36.7064,low
Customer A,2024-03-21,18751.81,Savings Account,4.1767,medium
Customer B,2024-03-21,33495.78,SSE and HSBC stock,36.7175,low
Customer A,2024-03-22,18751.81,Savings Account,4.1767,medium
Customer B,2024-03-22,33498.5,SSE and HSBC stock,36.7286,low
Customer A,2024-03-23,18751.82,Savings Account,4.1768,medium
Customer B,2024-03-23,33501.21,SSE and HSBC stock,36.7396,low
Customer A,2024-03-24,18751.82,Savings Account,4.1768,medium
Customer B,2024-03-24,33503.92,SSE and HSBC stock,36.7507,low
Customer A,2024-03-25,18751.83,Savings Account,4.1768,medium
Customer B,2024-03-25,33506.63,SSE and HSBC stock,36.7618,low
Customer A,2024-03-26,18751.83,Savings Account,4.1768,medium
Customer B,2024-03-26,33509.35,SSE and HSBC stock,36.7729,low
Customer A,2024-03-27,18751.84,Savings Account,4.1769,medium
Customer B,2024-03-27,33512.06,SSE and HSBC stock,36.7839,low
Customer A,2024-03-28,18751.84,Savings Account,4.1769,medium
Customer B,2024-03-28,33514.78,SSE and HSBC stock,36.795,low
Customer A,2024-03-29,18751.85,Savings Account,4.1769,medium
Customer B,2024-03-29,33517.49,SSE and HSBC stock,36.8061,low
Customer A,2024-03-30,18751.85,Savings Account,4.177,medium
Customer B,2024-03-30,33520.2,SSE and HSBC stock,36.8172,low
Customer A,2024-03-31,18751.86,Savings Account,4.177,medium
Customer B,2024-03-31,33522.92,SSE and HSBC stock,36.8282,low
Customer A,2024-04-01,18751.86,Savings Account,4.177,medium
Customer B,2024-04-01,33525.63,SSE and HSBC stock,36.8393,low
Customer A,2024-04-02,18751.87,Savings Account,4.177,medium
Customer B,2024-04-02,33528.35,SSE and HSBC stock,36.8504,low
Customer A,2024-04-03,18751.87,Savings Account,4.1771,medium
Customer B,2024-04-03,33531.06,SSE and HSBC stock,36.8615,low
Customer A,2024-04-04,18751.88,Savings Account,4.1771,medium
Customer B,2024-04-04,33533.78,SSE and HSBC stock,36.8726,low
Customer A,2024-04-05,18751.88,Savings Account,4.1771,medium
Customer B,2024-04-05,33536.5,SSE and HSBC stock,36.8837,low
Customer A,2024-04-06,18751.89,Savings Account,4.1772,medium
Customer B,2024-04-06,33539.21,SSE and HSBC stock,36.8947,low
Customer A,2024-04-07,18751.89,Savings Account,4.1772,medium
Customer B,2024-04-07,33541.93,SSE and HSBC stock,36.9058,low
Customer A,2024-04-08,18751.9,Savings Account,4.1772,medium
Customer B,2024-04-08,33544.64,SSE and HSBC stock,36.9169,low
Customer A,2024-04-09,18751.9,Savings Account,4.1772,medium
Customer B,2024-04-09,33547.36,SSE and HSBC stock,36.928,low
Customer A,2024-04-10,18751.91,Savings Account,4.1773,medium
Customer B,2024-04-10,33550.08,SSE and HSBC stock,36.9391,low
Customer A,2024-04-11,18751.91,Savings Account,4.1773,medium
Customer B,2024-04-11,33552.8,SSE and HSBC stock,36.9502,low
Customer A,2024-04-12,18751.92,Savings Account,4.1773,medium
Customer B,2024-04-12,33555.51,SSE and HSBC stock,36.9613,low
Customer A,2024-04-13,18751.92,Savings Account,4.1774,medium
Customer B,2024-04-13,33558.23,SSE and HSBC stock,36.9724,low
Customer A,2024-04-14,18751.93,Savings Account,4.1774,medium
Customer B,2024-04-14,33560.95,SSE and HSBC stock,36.9835,low
Customer A,2024-04-15,18751.93,Savings Account,4.1774,medium
Customer B,2024-04-15,33563.67,SSE and HSBC stock,36.9946,low
Customer A,2024-04-16,18751.94,Savings Account,4.1774,medium
Customer B,2024-04-16,33566.38,SSE and HSBC stock,37.0057,low
Customer A,2024-04-17,18751.94,Savings Account,4.1775,medium
Customer B,2024-04-17,33569.1,SSE and HSBC stock,37.0167,low
Customer A,2024-04-18,18751.95,Savings Account,4.1775,medium
Customer B,2024-04-18,33571.82,SSE and HSBC stock,37.0278,low
Customer A,2024-04-19,18751.95,Savings Account,4.1775,medium
Customer B,2024-04-19,33574.54,SSE and HSBC stock,37.0389,low
Customer A,2024-04-20,18751.96,Savings Account,4.1776,medium
Customer B,2024-04-20,33577.26,SSE and HSBC stock,37.05,low
Customer A,2024-04-21,18751.97,Savings Account,4.1776,medium
Customer B,2024-04-21,33579.98,SSE and HSBC stock,37.0611,low
Customer A,2024-04-22,18751.97,Savings Account,4.1776,medium
Customer B,2024-04-22,33582.7,SSE and HSBC stock,37.0722,low
Customer A,2024-04-23,18751.98,Savings Account,4.1776,medium
Customer B,2024-04-23,33585.42,SSE and HSBC stock,37.0833,low
Customer A,2024-04-24,18751.98,Savings Account,4.1777,medium
Customer B,2024-04-24,33588.14,SSE and HSBC stock,37.0944,low
Customer A,2024-04-25,18751.99,Savings Account,4.1777,medium
Customer B,2024-04-25,33590.86,SSE and HSBC stock,37.1055,low
Customer A,2024-04-26,18751.99,Savings Account,4.1777,medium
Customer B,2024-04-26,33593.58,SSE and HSBC stock,37.1166,low
Customer A,2024-04-27,18752.0,Savings Account,4.1778,medium
Customer B,2024-04-27,33596.3,SSE and HSBC stock,37.1278,low
Customer A,2024-04-28,18752.0,Savings Account,4.1778,medium
Customer B,2024-04-28,33599.02,SSE and HSBC stock,37.1389,low
Customer A,2024-04-29,18752.01,Savings Account,4.1778,medium
Customer B,2024-04-29,33601.74,SSE and HSBC stock,37.15,low
Customer A,2024-04-30,18752.01,Savings Account,4.1778,medium
Customer B,2024-04-30,33604.46,SSE and HSBC stock,37.1611,low
Customer A,2024-05-01,18752.02,Savings Account,4.1779,medium
Customer B,2024-05-01,33607.18,SSE and HSBC stock,37.1722,low
Customer A,2024-05-02,18752.02,Savings Account,4.1779,medium
Customer B,2024-05-02,33609.91,SSE and HSBC stock,37.1833,low
Customer A,2024-05-03,18752.03,Savings Account,4.1779,medium
Customer B,2024-05-03,33612.63,SSE and HSBC stock,37.1944,low
Customer A,2024-05-04,18752.03,Savings Account,4.178,medium
Customer B,2024-05-04,33615.35,SSE and HSBC stock,37.2055,low
Customer A,2024-05-05,18752.04,Savings Account,4.178,medium
Customer B,2024-05-05,33618.07,SSE and HSBC stock,37.2166,low
Customer A,2024-05-06,18752.04,Savings Account,4.178,medium
Customer B,2024-05-06,33620.79,SSE and HSBC stock,37.2277,low
Customer A,2024-05-07,18752.05,Savings Account,4.178,medium
Customer B,2024-05-07,33623.52,SSE and HSBC stock,37.2388,low
Customer A,2024-05-08,18752.05,Savings Account,4.1781,medium
Customer B,2024-05-08,33626.24,SSE and HSBC stock,37.25,low
Customer A,2024-05-09,18752.06,Savings Account,4.1781,medium
Customer B,2024-05-09,33628.96,SSE and HSBC stock,37.2611,low
Customer A,2024-05-10,18752.06,Savings Account,4.1781,medium
Customer B,2024-05-10,33631.69,SSE and HSBC stock,37.2722,low
Customer A,2024-05-11,18752.07,Savings Account,4.1782,medium
Customer B,2024-05-11,33634.41,SSE and HSBC stock,37.2833,low
Customer A,2024-05-12,18752.07,Savings Account,4.1782,medium
Customer B,2024-05-12,33637.13,SSE and HSBC stock,37.2944,low
Customer A,2024-05-13,18752.08,Savings Account,4.1782,medium
Customer B,2024-05-13,33639.86,SSE and HSBC stock,37.3055,low
Customer A,2024-05-14,18752.08,Savings Account,4.1782,medium
Customer B,2024-05-14,33642.58,SSE and HSBC stock,37.3167,low
Customer A,2024-05-15,18752.09,Savings Account,4.1783,medium
Customer B,2024-05-15,33645.31,SSE and HSBC stock,37.3278,low
Customer A,2024-05-16,18752.09,Savings Account,4.1783,medium
Customer B,2024-05-16,33648.03,SSE and HSBC stock,37.3389,low
Customer A,2024-05-17,18752.1,Savings Account,4.1783,medium
Customer B,2024-05-17,33650.76,SSE and HSBC stock,37.35,low
Customer A,2024-05-18,18752.1,Savings Account,4.1784,medium
Customer B,2024-05-18,33653.48,SSE and HSBC stock,37.3612,low
Customer A,2024-05-19,18752.11,Savings Account,4.1784,medium
Customer B,2024-05-19,33656.21,SSE and HSBC stock,37.3723,low
Customer A,2024-05-20,18752.11,Savings Account,4.1784,medium
Customer B,2024-05-20,33658.93,SSE and HSBC stock,37.3834,low
Customer A,2024-05-21,18752.12,Savings Account,4.1784,medium
Customer B,2024-05-21,33661.66,SSE and HSBC stock,37.3945,low
Customer A,2024-05-22,18752.12,Savings Account,4.1785,medium
Customer B,2024-05-22,33664.39,SSE and HSBC stock,37.4057,low
Customer A,2024-05-23,18752.13,Savings Account,4.1785,medium
Customer B,2024-05-23,33667.11,SSE and HSBC stock,37.4168,low
Customer A,2024-05-24,18752.13,Savings Account,4.1785,medium
Customer B,2024-05-24,33669.84,SSE and HSBC stock,37.4279,low
Customer A,2024-05-25,18752.14,Savings Account,4.1786,medium
Customer B,2024-05-25,33672.57,SSE and HSBC stock,37.439,low
Customer A,2024-05-26,18752.15,Savings Account,4.1786,medium
Customer B,2024-05-26,33675.29,SSE and HSBC stock,37.4502,low
Customer A,2024-05-27,18752.15,Savings Account,4.1786,medium
Customer B,2024-05-27,33678.02,SSE and HSBC stock,37.4613,low
Customer A,2024-05-28,18752.16,Savings Account,4.1786,medium
Customer B,2024-05-28,33680.75,SSE and HSBC stock,37.4724,low
Customer A,2024-05-29,18752.16,Savings Account,4.1787,medium
Customer B,2024-05-29,33683.48,SSE and HSBC stock,37.4836,low
Customer A,2024-05-30,18752.17,Savings Account,4.1787,medium
Customer B,2024-05-30,33686.2,SSE and HSBC stock,37.4947,low
Customer A,2024-05-31,18752.17,Savings Account,4.1787,medium
Customer B,2024-05-31,33688.93,SSE and HSBC stock,37.5058,low
Customer A,2024-06-01,18752.18,Savings Account,4.1788,medium
Customer B,2024-06-01,33691.66,SSE and HSBC stock,37.517,low
Customer A,2024-06-02,18752.18,Savings Account,4.1788,medium
Customer B,2024-06-02,33694.39,SSE and HSBC stock,37.5281,low
Customer A,2024-06-03,18752.19,Savings Account,4.1788,medium
Customer B,2024-06-03,33697.12,SSE and HSBC stock,37.5393,low
Customer A,2024-06-04,18752.19,Savings Account,4.1788,medium
Customer B,2024-06-04,33699.85,SSE and HSBC stock,37.5504,low
Customer A,2024-06-05,18752.2,Savings Account,4.1789,medium
Customer B,2024-06-05,33702.58,SSE and HSBC stock,37.5615,low
Customer A,2024-06-06,18752.2,Savings Account,4.1789,medium
Customer B,2024-06-06,33705.3,SSE and HSBC stock,37.5727,low
Customer A,2024-06-07,18752.21,Savings Account,4.1789,medium
Customer B,2024-06-07,33708.03,SSE and HSBC stock,37.5838,low
Customer A,2024-06-08,18752.21,Savings Account,4.179,medium
Customer B,2024-06-08,33710.76,SSE and HSBC stock,37.595,low
Customer A,2024-06-09,18752.22,Savings Account,4.179,medium
Customer B,2024-06-09,33713.49,SSE and HSBC stock,37.6061,low
Customer A,2024-06-10,18752.22,Savings Account,4.179,medium
Customer B,2024-06-10,33716.22,SSE and HSBC stock,37.6172,low
Customer A,2024-06-11,18752.23,Savings Account,4.179,medium
Customer B,2024-06-11,33718.96,SSE and HSBC stock,37.6284,low
Customer A,2024-06-12,18752.23,Savings Account,4.1791,medium
Customer B,2024-06-12,33721.69,SSE and HSBC stock,37.6395,low
Customer A,2024-06-13,18752.24,Savings Account,4.1791,medium
Customer B,2024-06-13,33724.42,SSE and HSBC stock,37.6507,low
Customer A,2024-06-14,18752.24,Savings Account,4.1791,medium
Customer B,2024-06-14,33727.15,SSE and HSBC stock,37.6618,low
Customer A,2024-06-15,18752.25,Savings Account,4.1792,medium
Customer B,2024-06-15,33729.88,SSE and HSBC stock,37.673,low
Customer A,2024-06-16,18752.25,Savings Account,4.1792,medium
Customer B,2024-06-16,33732.61,SSE and HSBC stock,37.6841,low
Customer A,2024-06-17,18752.26,Savings Account,4.1792,medium
Customer B,2024-06-17,33735.34,SSE and HSBC stock,37.6953,low
Customer A,2024-06-18,18752.26,Savings Account,4.1792,medium
Customer B,2024-06-18,33738.08,SSE and HSBC stock,37.7064,low
Customer A,2024-06-19,18752.27,Savings Account,4.1793,medium
Customer B,2024-06-19,33740.81,SSE and HSBC stock,37.7176,low
Customer A,2024-06-20,18752.27,Savings Account,4.1793,medium
Customer B,2024-06-20,33743.54,SSE and HSBC stock,37.7287,low
Customer A,2024-06-21,18752.28,Savings Account,4.1793,medium
Customer B,2024-06-21,33746.27,SSE and HSBC stock,37.7399,low
Customer A,2024-06-22,18752.28,Savings Account,4.1794,medium
Customer B,2024-06-22,33749.01,SSE and HSBC stock,37.751,low
Customer A,2024-06-23,18752.29,Savings Account,4.1794,medium
Customer B,2024-06-23,33751.74,SSE and HSBC stock,37.7622,low
Customer A,2024-06-24,18752.29,Savings Account,4.1794,medium
Customer B,2024-06-24,33754.47,SSE and HSBC stock,37.7734,low
Customer A,2024-06-25,18752.3,Savings Account,4.1794,medium
Customer B,2024-06-25,33757.21,SSE and HSBC stock,37.7845,low
Customer A,2024-06-26,18752.3,Savings Account,4.1795,medium
Customer B,2024-06-26,33759.94,SSE and HSBC stock,37.7957,low
Customer A,2024-06-27,18752.31,Savings Account,4.1795,medium
Customer B,2024-06-27,33762.67,SSE and HSBC stock,37.8068,low
Customer A,2024-06-28,18752.31,Savings Account,4.1795,medium
Customer B,2024-06-28,33765.41,SSE and HSBC stock,37.818,low
Customer A,2024-06-29,18752.32,Savings Account,4.1796,medium
Customer B,2024-06-29,33768.14,SSE and HSBC stock,37.8292,low
Customer A,2024-06-30,18752.32,Savings Account,4.1796,medium
Customer B,2024-06-30,33770.88,SSE and HSBC stock,37.8403,low
Customer A,2024-07-01,18752.33,Savings Account,4.1796,medium
Customer B,2024-07-01,33773.61,SSE and HSBC stock,37.8515,low
Customer A,2024-07-02,18752.34,Savings Account,4.1796,medium
Customer B,2024-07-02,33776.35,SSE and HSBC stock,37.8626,low
Customer A,2024-07-03,18752.34,Savings Account,4.1797,medium
Customer B,2024-07-03,33779.08,SSE and HSBC stock,37.8738,low
Customer A,2024-07-04,18752.35,Savings Account,4.1797,medium
Customer B,2024-07-04,33781.82,SSE and HSBC stock,37.885,low
Customer A,2024-07-05,18752.35,Savings Account,4.1797,medium
Customer B,2024-07-05,33784.55,SSE and HSBC stock,37.8961,low
Customer A,2024-07-06,18752.36,Savings Account,4.1798,medium
Customer B,2024-07-06,33787.29,SSE and HSBC stock,37.9073,low
Customer A,2024-07-07,18752.36,Savings Account,4.1798,medium
Customer B,2024-07-07,33790.03,SSE and HSBC stock,37.9185,low
Customer A,2024-07-08,18752.37,Savings Account,4.1798,medium
Customer B,2024-07-08,33792.76,SSE and HSBC stock,37.9296,low
Customer A,2024-07-09,18752.37,Savings Account,4.1798,medium
Customer B,2024-07-09,33795.5,SSE and HSBC stock,37.9408,low
Customer A,2024-07-10,18752.38,Savings Account,4.1799,medium
Customer B,2024-07-10,33798.24,SSE and HSBC stock,37.952,low
Customer A,2024-07-11,18752.38,Savings Account,4.1799,medium
Customer B,2024-07-11,33800.97,SSE and HSBC stock,37.9632,low
Customer A,2024-07-12,18752.39,Savings Account,4.1799,medium
Customer B,2024-07-12,33803.71,SSE and HSBC stock,37.9743,low
Customer A,2024-07-13,18752.39,Savings Account,4.18,medium
Customer B,2024-07-13,33806.45,SSE and HSBC stock,37.9855,low
Customer A,2024-07-14,18752.4,Savings Account,4.18,medium
Customer B,2024-07-14,33809.19,SSE and HSBC stock,37.9967,low
Customer A,2024-07-15,18752.4,Savings Account,4.18,medium
Customer B,2024-07-15,33811.93,SSE and HSBC stock,38.0079,low
Customer A,2024-07-16,18752.41,Savings Account,4.18,medium
Customer B,2024-07-16,33814.66,SSE and HSBC stock,38.019,low
Customer A,2024-07-17,18752.41,Savings Account,4.1801,medium
Customer B,2024-07-17,33817.4,SSE and HSBC stock,38.0302,low
Customer A,2024-07-18,18752.42,Savings Account,4.1801,medium
Customer B,2024-07-18,33820.14,SSE and HSBC stock,38.0414,low
Customer A,2024-07-19,18752.42,Savings Account,4.1801,medium
Customer B,2024-07-19,33822.88,SSE and HSBC stock,38.0526,low
Customer A,2024-07-20,18752.43,Savings Account,4.1802,medium
Customer B,2024-07-20,33825.62,SSE and HSBC stock,38.0638,low
Customer A,2024-07-21,18752.43,Savings Account,4.1802,medium
Customer B,2024-07-21,33828.36,SSE and HSBC stock,38.0749,low
Customer A,2024-07-22,18752.44,Savings Account,4.1802,medium
Customer B,2024-07-22,33831.1,SSE and HSBC stock,38.0861,low
Customer A,2024-07-23,18752.44,Savings Account,4.1802,medium
Customer B,2024-07-23,33833.84,SSE and HSBC stock,38.0973,low
Customer A,2024-07-24,18752.45,Savings Account,4.1803,medium
Customer B,2024-07-24,33836.58,SSE and HSBC stock,38.1085,low
Customer A,2024-07-25,18752.45,Savings Account,4.1803,medium
Customer B,2024-07-25,33839.32,SSE and HSBC stock,38.1197,low
Customer A,2024-07-26,18752.46,Savings Account,4.1803,medium
Customer B,2024-07-26,33842.06,SSE and HSBC stock,38.1309,low
Customer A,2024-07-27,18752.46,Savings Account,4.1804,medium
Customer B,2024-07-27,33844.8,SSE and HSBC stock,38.142,low
Customer A,2024-07-28,18752.47,Savings Account,4.1804,medium
Customer B,2024-07-28,33847.54,SSE and HSBC stock,38.1532,low
Customer A,2024-07-29,18752.47,Savings Account,4.1804,medium
Customer B,2024-07-29,33850.28,SSE and HSBC stock,38.1644,low
Customer A,2024-07-30,18752.48,Savings Account,4.1804,medium
Customer B,2024-07-30,33853.02,SSE and HSBC stock,38.1756,low
Customer A,2024-07-31,18752.48,Savings Account,4.1805,medium
Customer B,2024-07-31,33855.77,SSE and HSBC stock,38.1868,low
Customer A,2024-08-01,18752.49,Savings Account,4.1805,medium
Customer B,2024-08-01,33858.51,SSE and HSBC stock,38.198,low
Customer A,2024-08-02,18752.49,Savings Account,4.1805,medium
Customer B,2024-08-02,33861.25,SSE and HSBC stock,38.2092,low
Customer A,2024-08-03,18752.5,Savings Account,4.1806,medium
Customer B,2024-08-03,33863.99,SSE and HSBC stock,38.2204,low
Customer A,2024-08-04,18752.5,Savings Account,4.1806,medium
Customer B,2024-08-04,33866.73,SSE and HSBC stock,38.2316,low
Customer A,2024-08-05,18752.51,Savings Account,4.1806,medium
Customer B,2024-08-05,33869.48,SSE and HSBC stock,38.2428,low
Customer A,2024-08-06,18752.51,Savings Account,4.1806,medium
Customer B,2024-08-06,33872.22,SSE and HSBC stock,38.254,low
Customer A,2024-08-07,18752.52,Savings Account,4.1807,medium
Customer B,2024-08-07,33874.96,SSE and HSBC stock,38.2652,low
Customer A,2024-08-08,18752.53,Savings Account,4.1807,medium
Customer B,2024-08-08,33877.71,SSE and HSBC stock,38.2764,low
Customer A,2024-08-09,18752.53,Savings Account,4.1807,medium
Customer B,2024-08-09,33880.45,SSE and HSBC stock,38.2876,low
Customer A,2024-08-10,18752.54,Savings Account,4.1808,medium
Customer B,2024-08-10,33883.19,SSE and HSBC stock,38.2987,low
Customer A,2024-08-11,18752.54,Savings Account,4.1808,medium
Customer B,2024-08-11,33885.94,SSE and HSBC stock,38.31,low
Customer A,2024-08-12,18752.55,Savings Account,4.1808,medium
Customer B,2024-08-12,33888.68,SSE and HSBC stock,38.3212,low
Customer A,2024-08-13,18752.55,Savings Account,4.1808,medium
Customer B,2024-08-13,33891.43,SSE and HSBC stock,38.3324,low
Customer A,2024-08-14,18752.56,Savings Account,4.1809,medium
Customer B,2024-08-14,33894.17,SSE and HSBC stock,38.3436,low
Customer A,2024-08-15,18752.56,Savings Account,4.1809,medium
Customer B,2024-08-15,33896.92,SSE and HSBC stock,38.3548,low
Customer A,2024-08-16,18752.57,Savings Account,4.1809,medium
Customer B,2024-08-16,33899.66,SSE and HSBC stock,38.366,low
Customer A,2024-08-17,18752.57,Savings Account,4.181,medium
Customer B,2024-08-17,33902.41,SSE and HSBC stock,38.3772,low
Customer A,2024-08-18,18752.58,Savings Account,4.181,medium
Customer B,2024-08-18,33905.15,SSE and HSBC stock,38.3884,low
Customer A,2024-08-19,18752.58,Savings Account,4.181,medium
Customer B,2024-08-19,33907.9,SSE and HSBC stock,38.3996,low
Customer A,2024-08-20,18752.59,Savings Account,4.181,medium
Customer B,2024-08-20,33910.64,SSE and HSBC stock,38.4108,low
Customer A,2024-08-21,18752.59,Savings Account,4.1811,medium
Customer B,2024-08-21,33913.39,SSE and HSBC stock,38.422,low
Customer A,2024-08-22,18752.6,Savings Account,4.1811,medium
Customer B,2024-08-22,33916.14,SSE and HSBC stock,38.4332,low
Customer A,2024-08-23,18752.6,Savings Account,4.1811,medium
Customer B,2024-08-23,33918.88,SSE and HSBC stock,38.4444,low
Customer A,2024-08-24,18752.61,Savings Account,4.1812,medium
Customer B,2024-08-24,33921.63,SSE and HSBC stock,38.4556,low
Customer A,2024-08-25,18752.61,Savings Account,4.1812,medium
Customer B,2024-08-25,33924.38,SSE and HSBC stock,38.4668,low
Customer A,2024-08-26,18752.62,Savings Account,4.1812,medium
Customer B,2024-08-26,33927.13,SSE and HSBC stock,38.4781,low
Customer A,2024-08-27,18752.62,Savings Account,4.1812,medium
Customer B,2024-08-27,33929.87,SSE and HSBC stock,38.4893,low
Customer A,2024-08-28,18752.63,Savings Account,4.1813,medium
Customer B,2024-08-28,33932.62,SSE and HSBC stock,38.5005,low
Customer A,2024-08-29,18752.63,Savings Account,4.1813,medium
Customer B,2024-08-29,33935.37,SSE and HSBC stock,38.5117,low
Customer A,2024-08-30,18752.64,Savings Account,4.1813,medium
Customer B,2024-08-30,33938.12,SSE and HSBC stock,38.5229,low
Customer A,2024-08-31,18752.64,Savings Account,4.1814,medium
Customer B,2024-08-31,33940.87,SSE and HSBC stock,38.5341,low
Customer A,2024-09-01,18752.65,Savings Account,4.1814,medium
Customer B,2024-09-01,33943.61,SSE and HSBC stock,38.5454,low
Customer A,2024-09-02,18752.65,Savings Account,4.1814,medium
Customer B,2024-09-02,33946.36,SSE and HSBC stock,38.5566,low
Customer A,2024-09-03,18752.66,Savings Account,4.1814,medium
Customer B,2024-09-03,33949.11,SSE and HSBC stock,38.5678,low
Customer A,2024-09-04,18752.66,Savings Account,4.1815,medium
Customer B,2024-09-04,33951.86,SSE and HSBC stock,38.579,low
Customer A,2024-09-05,18752.67,Savings Account,4.1815,medium
Customer B,2024-09-05,33954.61,SSE and HSBC stock,38.5903,low
Customer A,2024-09-06,18752.67,Savings Account,4.1815,medium
Customer B,2024-09-06,33957.36,SSE and HSBC stock,38.6015,low
Customer A,2024-09-07,18752.68,Savings Account,4.1816,medium
Customer B,2024-09-07,33960.11,SSE and HSBC stock,38.6127,low
Customer A,2024-09-08,18752.68,Savings Account,4.1816,medium
Customer B,2024-09-08,33962.86,SSE and HSBC stock,38.6239,low
Customer A,2024-09-09,18752.69,Savings Account,4.1816,medium
Customer B,2024-09-09,33965.61,SSE and HSBC stock,38.6352,low
Customer A,2024-09-10,18752.69,Savings Account,4.1816,medium
Customer B,2024-09-10,33968.36,SSE and HSBC stock,38.6464,low
Customer A,2024-09-11,18752.7,Savings Account,4.1817,medium
Customer B,2024-09-11,33971.11,SSE and HSBC stock,38.6576,low
Customer A,2024-09-12,18752.7,Savings Account,4.1817,medium
Customer B,2024-09-12,33973.87,SSE and HSBC stock,38.6688,low
Customer A,2024-09-13,18752.71,Savings Account,4.1817,medium
Customer B,2024-09-13,33976.62,SSE and HSBC stock,38.6801,low
Customer A,2024-09-14,18752.72,Savings Account,4.1818,medium
Customer B,2024-09-14,33979.37,SSE and HSBC stock,38.6913,low
Customer A,2024-09-15,18752.72,Savings Account,4.1818,medium
Customer B,2024-09-15,33982.12,SSE and HSBC stock,38.7025,low
Customer A,2024-09-16,18752.73,Savings Account,4.1818,medium
Customer B,2024-09-16,33984.87,SSE and HSBC stock,38.7138,low
Customer A,2024-09-17,18752.73,Savings Account,4.1818,medium
Customer B,2024-09-17,33987.62,SSE and HSBC stock,38.725,low
Customer A,2024-09-18,18752.74,Savings Account,4.1819,medium
Customer B,2024-09-18,33990.38,SSE and HSBC stock,38.7362,low
Customer A,2024-09-19,18752.74,Savings Account,4.1819,medium
Customer B,2024-09-19,33993.13,SSE and HSBC stock,38.7475,low
Customer A,2024-09-20,18752.75,Savings Account,4.1819,medium
Customer B,2024-09-20,33995.88,SSE and HSBC stock,38.7587,low
Customer A,2024-09-21,18752.75,Savings Account,4.182,medium
Customer B,2024-09-21,33998.64,SSE and HSBC stock,38.7699,low
Customer A,2024-09-22,18752.76,Savings Account,4.182,medium
Customer B,2024-09-22,34001.39,SSE and HSBC stock,38.7812,low
Customer A,2024-09-23,18752.76,Savings Account,4.182,medium
Customer B,2024-09-23,34004.14,SSE and HSBC stock,38.7924,low
Customer A,2024-09-24,18752.77,Savings Account,4.182,medium
Customer B,2024-09-24,34006.9,SSE and HSBC stock,38.8037,low
Customer A,2024-09-25,18752.77,Savings Account,4.1821,medium
Customer B,2024-09-25,34009.65,SSE and HSBC stock,38.8149,low
Customer A,2024-09-26,18752.78,Savings Account,4.1821,medium
Customer B,2024-09-26,34012.41,SSE and HSBC stock,38.8261,low
Customer A,2024-09-27,18752.78,Savings Account,4.1821,medium
Customer B,2024-09-27,34015.16,SSE and HSBC stock,38.8374,low
Customer A,2024-09-28,18752.79,Savings Account,4.1822,medium
Customer B,2024-09-28,34017.92,SSE and HSBC stock,38.8486,low
Customer A,2024-09-29,18752.79,Savings Account,4.1822,medium
Customer B,2024-09-29,34020.67,SSE and HSBC stock,38.8599,low
Customer A,2024-09-30,18752.8,Savings Account,4.1822,medium
Customer B,2024-09-30,34023.43,SSE and HSBC stock,38.8711,low
Customer A,2024-10-01,18752.8,Savings Account,4.1822,medium
Customer B,2024-10-01,34026.18,SSE and HSBC stock,38.8824,low
Customer A,2024-10-02,18752.81,Savings Account,4.1823,medium
Customer B,2024-10-02,34028.94,SSE and HSBC stock,38.8936,low
Customer A,2024-10-03,18752.81,Savings Account,4.1823,medium
Customer B,2024-10-03,34031.69,SSE and HSBC stock,38.9049,low
Customer A,2024-10-04,18752.82,Savings Account,4.1823,medium
Customer B,2024-10-04,34034.45,SSE and HSBC stock,38.9161,low
Customer A,2024-10-05,18752.82,Savings Account,4.1824,medium
Customer B,2024-10-05,34037.2,SSE and HSBC stock,38.9274,low
Customer A,2024-10-06,18752.83,Savings Account,4.1824,medium
Customer B,2024-10-06,34039.96,SSE and HSBC stock,38.9386,low
Customer A,2024-10-07,18752.83,Savings Account,4.1824,medium
Customer B,2024-10-07,34042.72,SSE and HSBC stock,38.9499,low
Customer A,2024-10-08,18752.84,Savings Account,4.1824,medium
Customer B,2024-10-08,34045.47,SSE and HSBC stock,38.9611,low
Customer A,2024-10-09,18752.84,Savings Account,4.1825,medium
Customer B,2024-10-09,34048.23,SSE and HSBC stock,38.9724,low
Customer A,2024-10-10,18752.85,Savings Account,4.1825,medium
Customer B,2024-10-10,34050.99,SSE and HSBC stock,38.9836,low
Customer A,2024-10-11,18752.85,Savings Account,4.1825,medium
Customer B,2024-10-11,34053.75,SSE and HSBC stock,38.9949,low
Customer A,2024-10-12,18752.86,Savings Account,4.1826,medium
Customer B,2024-10-12,34056.51,SSE and HSBC stock,39.0061,low
Customer A,2024-10-13,18752.86,Savings Account,4.1826,medium
Customer B,2024-10-13,34059.26,SSE and HSBC stock,39.0174,low
Customer A,2024-10-14,18752.87,Savings Account,4.1826,medium
Customer B,2024-10-14,34062.02,SSE and HSBC stock,39.0287,low
Customer A,2024-10-15,18752.87,Savings Account,4.1826,medium
Customer B,2024-10-15,34064.78,SSE and HSBC stock,39.0399,low
Customer A,2024-10-16,18752.88,Savings Account,4.1827,medium
Customer B,2024-10-16,34067.54,SSE and HSBC stock,39.0512,low
Customer A,2024-10-17,18752.88,Savings Account,4.1827,medium
Customer B,2024-10-17,34070.3,SSE and HSBC stock,39.0624,low
Customer A,2024-10-18,18752.89,Savings Account,4.1827,medium
Customer B,2024-10-18,34073.06,SSE and HSBC stock,39.0737,low
Customer A,2024-10-19,18752.9,Savings Account,4.1828,medium
Customer B,2024-10-19,34075.82,SSE and HSBC stock,39.085,low
Customer A,2024-10-20,18752.9,Savings Account,4.1828,medium
Customer B,2024-10-20,34078.58,SSE and HSBC stock,39.0962,low
Customer A,2024-10-21,18752.91,Savings Account,4.1828,medium
Customer B,2024-10-21,34081.34,SSE and HSBC stock,39.1075,low
Customer A,2024-10-22,18752.91,Savings Account,4.1828,medium
Customer B,2024-10-22,34084.1,SSE and HSBC stock,39.1188,low
Customer A,2024-10-23,18752.92,Savings Account,4.1829,medium
Customer B,2024-10-23,34086.86,SSE and HSBC stock,39.13,low
Customer A,2024-10-24,18752.92,Savings Account,4.1829,medium
Customer B,2024-10-24,34089.62,SSE and HSBC stock,39.1413,low
Customer A,2024-10-25,18752.93,Savings Account,4.1829,medium
Customer B,2024-10-25,34092.38,SSE and HSBC stock,39.1526,low
Customer A,2024-10-26,18752.93,Savings Account,4.183,medium
Customer B,2024-10-26,34095.14,SSE and HSBC stock,39.1638,low
Customer A,2024-10-27,18752.94,Savings Account,4.183,medium
Customer B,2024-10-27,34097.9,SSE and HSBC stock,39.1751,low
Customer A,2024-10-28,18752.94,Savings Account,4.183,medium
Customer B,2024-10-28,34100.66,SSE and HSBC stock,39.1864,low
Customer A,2024-10-29,18752.95,Savings Account,4.183,medium
Customer B,2024-10-29,34103.42,SSE and HSBC stock,39.1976,low
Customer A,2024-10-30,18752.95,Savings Account,4.1831,medium
Customer B,2024-10-30,34106.19,SSE and HSBC stock,39.2089,low
Customer A,2024-10-31,18752.96,Savings Account,4.1831,medium
Customer B,2024-10-31,34108.95,SSE and HSBC stock,39.2202,low
Customer A,2024-11-01,18752.96,Savings Account,4.1831,medium
Customer B,2024-11-01,34111.71,SSE and HSBC stock,39.2315,low
Customer A,2024-11-02,18752.97,Savings Account,4.1831,medium
Customer B,2024-11-02,34114.47,SSE and HSBC stock,39.2427,low
Customer A,2024-11-03,18752.97,Savings Account,4.1832,medium
Customer B,2024-11-03,34117.24,SSE and HSBC stock,39.254,low
Customer A,2024-11-04,18752.98,Savings Account,4.1832,medium
Customer B,2024-11-04,34120.0,SSE and HSBC stock,39.2653,low
Customer A,2024-11-05,18752.98,Savings Account,4.1832,medium
Customer B,2024-11-05,34122.76,SSE and HSBC stock,39.2766,low
Customer A,2024-11-06,18752.99,Savings Account,4.1833,medium
Customer B,2024-11-06,34125.52,SSE and HSBC stock,39.2879,low
Customer A,2024-11-07,18752.99,Savings Account,4.1833,medium
Customer B,2024-11-07,34128.29,SSE and HSBC stock,39.2991,low
Customer A,2024-11-08,18753.0,Savings Account,4.1833,medium
Customer B,2024-11-08,34131.05,SSE and HSBC stock,39.3104,low
Customer A,2024-11-09,18753.0,Savings Account,4.1833,medium
Customer B,2024-11-09,34133.82,SSE and HSBC stock,39.3217,low
Customer A,2024-11-10,18753.01,Savings Account,4.1834,medium
Customer B,2024-11-10,34136.58,SSE and HSBC stock,39.333,low
Customer A,2024-11-11,18753.01,Savings Account,4.1834,medium
Customer B,2024-11-11,34139.35,SSE and HSBC stock,39.3443,low
Customer A,2024-11-12,18753.02,Savings Account,4.1834,medium
Customer B,2024-11-12,34142.11,SSE and HSBC stock,39.3556,low
Customer A,2024-11-13,18753.02,Savings Account,4.1835,medium
Customer B,2024-11-13,34144.88,SSE and HSBC stock,39.3668,low
Customer A,2024-11-14,18753.03,Savings Account,4.1835,medium
Customer B,2024-11-14,34147.64,SSE and HSBC stock,39.3781,low
Customer A,2024-11-15,18753.03,Savings Account,4.1835,medium
Customer B,2024-11-15,34150.41,SSE and HSBC stock,39.3894,low
Customer A,2024-11-16,18753.04,Savings Account,4.1835,medium
Customer B,2024-11-16,34153.17,SSE and HSBC stock,39.4007,low
Customer A,2024-11-17,18753.04,Savings Account,4.1836,medium
Customer B,2024-11-17,34155.94,SSE and HSBC stock,39.412,low
Customer A,2024-11-18,18753.05,Savings Account,4.1836,medium
Customer B,2024-11-18,34158.7,SSE and HSBC stock,39.4233,low
Customer A,2024-11-19,18753.05,Savings Account,4.1836,medium
Customer B,2024-11-19,34161.47,SSE and HSBC stock,39.4346,low
Customer A,2024-11-20,18753.06,Savings Account,4.1837,medium
Customer B,2024-11-20,34164.24,SSE and HSBC stock,39.4459,low
Customer A,2024-11-21,18753.06,Savings Account,4.1837,medium
Customer B,2024-11-21,34167.0,SSE and HSBC stock,39.4572,low
Customer A,2024-11-22,18753.07,Savings Account,4.1837,medium
Customer B,2024-11-22,34169.77,SSE and HSBC stock,39.4685,low
Customer A,2024-11-23,18753.07,Savings Account,4.1837,medium
Customer B,2024-11-23,34172.54,SSE and HSBC stock,39.4797,low
Customer A,2024-11-24,18753.08,Savings Account,4.1838,medium
Customer B,2024-11-24,34175.31,SSE and HSBC stock,39.491,low
Customer A,2024-11-25,18753.09,Savings Account,4.1838,medium
Customer B,2024-11-25,34178.07,SSE and HSBC stock,39.5023,low
Customer A,2024-11-26,18753.09,Savings Account,4.1838,medium
Customer B,2024-11-26,34180.84,SSE and HSBC stock,39.5136,low
Customer A,2024-11-27,18753.1,Savings Account,4.1839,medium
Customer B,2024-11-27,34183.61,SSE and HSBC stock,39.5249,low
Customer A,2024-11-28,18753.1,Savings Account,4.1839,medium
Customer B,2024-11-28,34186.38,SSE and HSBC stock,39.5362,low
Customer A,2024-11-29,18753.11,Savings Account,4.1839,medium
Customer B,2024-11-29,34189.15,SSE and HSBC stock,39.5475,low
Customer A,2024-11-30,18753.11,Savings Account,4.1839,medium
Customer B,2024-11-30,34191.92,SSE and HSBC stock,39.5588,low
Customer A,2024-12-01,18753.12,Savings Account,4.184,medium
Customer B,2024-12-01,34194.68,SSE and HSBC stock,39.5701,low
Customer A,2024-12-02,18753.12,Savings Account,4.184,medium
Customer B,2024-12-02,34197.45,SSE and HSBC stock,39.5814,low
Customer A,2024-12-03,18753.13,Savings Account,4.184,medium
Customer B,2024-12-03,34200.22,SSE and HSBC stock,39.5927,low
Customer A,2024-12-04,18753.13,Savings Account,4.1841,medium
Customer B,2024-12-04,34202.99,SSE and HSBC stock,39.6041,low
Customer A,2024-12-05,18753.14,Savings Account,4.1841,medium
Customer B,2024-12-05,34205.76,SSE and HSBC stock,39.6154,low
Customer A,2024-12-06,18753.14,Savings Account,4.1841,medium
Customer B,2024-12-06,34208.53,SSE and HSBC stock,39.6267,low
Customer A,2024-12-07,18753.15,Savings Account,4.1841,medium
Customer B,2024-12-07,34211.3,SSE and HSBC stock,39.638,low
Customer A,2024-12-08,18753.15,Savings Account,4.1842,medium
Customer B,2024-12-08,34214.07,SSE and HSBC stock,39.6493,low
Customer A,2024-12-09,18753.16,Savings Account,4.1842,medium
Customer B,2024-12-09,34216.85,SSE and HSBC stock,39.6606,low
Customer A,2024-12-10,18753.16,Savings Account,4.1842,medium
Customer B,2024-12-10,34219.62,SSE and HSBC stock,39.6719,low
Customer A,2024-12-11,18753.17,Savings Account,4.1843,medium
Customer B,2024-12-11,34222.39,SSE and HSBC stock,39.6832,low
Customer A,2024-12-12,18753.17,Savings Account,4.1843,medium
Customer B,2024-12-12,34225.16,SSE and HSBC stock,39.6945,low
Customer A,2024-12-13,18753.18,Savings Account,4.1843,medium
Customer B,2024-12-13,34227.93,SSE and HSBC stock,39.7058,low
Customer A,2024-12-14,18753.18,Savings Account,4.1843,medium
Customer B,2024-12-14,34230.7,SSE and HSBC stock,39.7172,low
Customer A,2024-12-15,18753.19,Savings Account,4.1844,medium
Customer B,2024-12-15,34233.48,SSE and HSBC stock,39.7285,low
Customer A,2024-12-16,18753.19,Savings Account,4.1844,medium
Customer B,2024-12-16,34236.25,SSE and HSBC stock,39.7398,low
Customer A,2024-12-17,18753.2,Savings Account,4.1844,medium
Customer B,2024-12-17,34239.02,SSE and HSBC stock,39.7511,low
Customer A,2024-12-18,18753.2,Savings Account,4.1845,medium
Customer B,2024-12-18,34241.79,SSE and HSBC stock,39.7624,low
Customer A,2024-12-19,18753.21,Savings Account,4.1845,medium
Customer B,2024-12-19,34244.57,SSE and HSBC stock,39.7737,low
Customer A,2024-12-20,18753.21,Savings Account,4.1845,medium
Customer B,2024-12-20,34247.34,SSE and HSBC stock,39.7851,low
Customer A,2024-12-21,18753.22,Savings Account,4.1845,medium
Customer B,2024-12-21,34250.11,SSE and HSBC stock,39.7964,low
Customer A,2024-12-22,18753.22,Savings Account,4.1846,medium
Customer B,2024-12-22,34252.89,SSE and HSBC stock,39.8077,low
Customer A,2024-12-23,18753.23,Savings Account,4.1846,medium
Customer B,2024-12-23,34255.66,SSE and HSBC stock,39.819,low
Customer A,2024-12-24,18753.23,Savings Account,4.1846,medium
Customer B,2024-12-24,34258.44,SSE and HSBC stock,39.8303,low
Customer A,2024-12-25,18753.24,Savings Account,4.1847,medium
Customer B,2024-12-25,34261.21,SSE and HSBC stock,39.8417,low
Customer A,2024-12-26,18753.24,Savings Account,4.1847,medium
Customer B,2024-12-26,34263.98,SSE and HSBC stock,39.853,low
Customer A,2024-12-27,18753.25,Savings Account,4.1847,medium
Customer B,2024-12-27,34266.76,SSE and HSBC stock,39.8643,low
Customer A,2024-12-28,18753.25,Savings Account,4.1847,medium
Customer B,2024-12-28,34269.53,SSE and HSBC stock,39.8757,low
Customer A,2024-12-29,18753.26,Savings Account,4.1848,medium
Customer B,2024-12-29,34272.31,SSE and HSBC stock,39.887,low
Customer A,2024-12-30,18753.26,Savings Account,4.1848,medium
Customer B,2024-12-30,34275.09,SSE and HSBC stock,39.8983,low
Customer A,2024-12-31,18753.27,Savings Account,4.1848,medium
Customer B,2024-12-31,34277.86,SSE and HSBC stock,39.9096,low
Customer A,2025-01-01,18753.28,Savings Account,4.1849,medium
Customer B,2025-01-01,34280.64,SSE and HSBC stock,39.921,low
Customer A,2025-01-02,18753.28,Savings Account,4.1849,medium
Customer B,2025-01-02,34283.41,SSE and HSBC stock,39.9323,low
Customer A,2025-01-03,18753.29,Savings Account,4.1849,medium
Customer B,2025-01-03,34286.19,SSE and HSBC stock,39.9436,low
Customer A,2025-01-04,18753.29,Savings Account,4.1849,medium
Customer B,2025-01-04,34288.97,SSE and HSBC stock,39.955,low
Customer A,2025-01-05,18753.3,Savings Account,4.185,medium
Customer B,2025-01-05,34291.74,SSE and HSBC stock,39.9663,low
Customer A,2025-01-06,18753.3,Savings Account,4.185,medium
Customer B,2025-01-06,34294.52,SSE and HSBC stock,39.9776,low
Customer A,2025-01-07,18753.31,Savings Account,4.185,medium
Customer B,2025-01-07,34297.3,SSE and HSBC stock,39.989,low
Customer A,2025-01-08,18753.31,Savings Account,4.1851,medium
Customer B,2025-01-08,34300.08,SSE and HSBC stock,40.0003,low
Customer A,2025-01-09,18753.32,Savings Account,4.1851,medium
Customer B,2025-01-09,34302.85,SSE and HSBC stock,40.0116,low
Customer A,2025-01-10,18753.32,Savings Account,4.1851,medium
Customer B,2025-01-10,34305.63,SSE and HSBC stock,40.023,low
Customer A,2025-01-11,18753.33,Savings Account,4.1851,medium
Customer B,2025-01-11,34308.41,SSE and HSBC stock,40.0343,low
Customer A,2025-01-12,18753.33,Savings Account,4.1852,medium
Customer B,2025-01-12,34311.19,SSE and HSBC stock,40.0457,low
Customer A,2025-01-13,18753.34,Savings Account,4.1852,medium
Customer B,2025-01-13,34313.97,SSE and HSBC stock,40.057,low
Customer A,2025-01-14,18753.34,Savings Account,4.1852,medium
Customer B,2025-01-14,34316.75,SSE and HSBC stock,40.0684,low
Customer A,2025-01-15,18753.35,Savings Account,4.1853,medium
Customer B,2025-01-15,34319.53,SSE and HSBC stock,40.0797,low
Customer A,2025-01-16,18753.35,Savings Account,4.1853,medium
Customer B,2025-01-16,34322.3,SSE and HSBC stock,40.091,low
Customer A,2025-01-17,18753.36,Savings Account,4.1853,medium
Customer B,2025-01-17,34325.08,SSE and HSBC stock,40.1024,low
Customer A,2025-01-18,18753.36,Savings Account,4.1853,medium
Customer B,2025-01-18,34327.86,SSE and HSBC stock,40.1137,low
Customer A,2025-01-19,18753.37,Savings Account,4.1854,medium
Customer B,2025-01-19,34330.64,SSE and HSBC stock,40.1251,low
Customer A,2025-01-20,18753.37,Savings Account,4.1854,medium
Customer B,2025-01-20,34333.42,SSE and HSBC stock,40.1364,low
Customer A,2025-01-21,18753.38,Savings Account,4.1854,medium
Customer B,2025-01-21,34336.21,SSE and HSBC stock,40.1478,low
Customer A,2025-01-22,18753.38,Savings Account,4.1855,medium
Customer B,2025-01-22,34338.99,SSE and HSBC stock,40.1591,low
Customer A,2025-01-23,18753.39,Savings Account,4.1855,medium
Customer B,2025-01-23,34341.77,SSE and HSBC stock,40.1705,low
Customer A,2025-01-24,18753.39,Savings Account,4.1855,medium
Customer B,2025-01-24,34344.55,SSE and HSBC stock,40.1818,low
Customer A,2025-01-25,18753.4,Savings Account,4.1855,medium
Customer B,2025-01-25,34347.33,SSE and HSBC stock,40.1932,low
Customer A,2025-01-26,18753.4,Savings Account,4.1856,medium
Customer B,2025-01-26,34350.11,SSE and HSBC stock,40.2045,low
Customer A,2025-01-27,18753.41,Savings Account,4.1856,medium
Customer B,2025-01-27,34352.89,SSE and HSBC stock,40.2159,low
Customer A,2025-01-28,18753.41,Savings Account,4.1856,medium
Customer B,2025-01-28,34355.68,SSE and HSBC stock,40.2272,low
Customer A,2025-01-29,18753.42,Savings Account,4.1857,medium
Customer B,2025-01-29,34358.46,SSE and HSBC stock,40.2386,low
Customer A,2025-01-30,18753.42,Savings Account,4.1857,medium
Customer B,2025-01-30,34361.24,SSE and HSBC stock,40.25,low
Customer A,2025-01-31,18753.43,Savings Account,4.1857,medium
Customer B,2025-01-31,34364.02,SSE and HSBC stock,40.2613,low
Customer A,2025-02-01,18753.43,Savings Account,4.1857,medium
Customer B,2025-02-01,34366.81,SSE and HSBC stock,40.2727,low
Customer A,2025-02-02,18753.44,Savings Account,4.1858,medium
Customer B,2025-02-02,34369.59,SSE and HSBC stock,40.284,low
Customer A,2025-02-03,18753.44,Savings Account,4.1858,medium
Customer B,2025-02-03,34372.37,SSE and HSBC stock,40.2954,low
Customer A,2025-02-04,18753.45,Savings Account,4.1858,medium
Customer B,2025-02-04,34375.16,SSE and HSBC stock,40.3068,low
Customer A,2025-02-05,18753.46,Savings Account,4.1859,medium
Customer B,2025-02-05,34377.94,SSE and HSBC stock,40.3181,low
Customer A,2025-02-06,18753.46,Savings Account,4.1859,medium
Customer B,2025-02-06,34380.72,SSE and HSBC stock,40.3295,low
Customer A,2025-02-07,18753.47,Savings Account,4.1859,medium
Customer B,2025-02-07,34383.51,SSE and HSBC stock,40.3409,low
Customer A,2025-02-08,18753.47,Savings Account,4.1859,medium
Customer B,2025-02-08,34386.29,SSE and HSBC stock,40.3522,low
Customer A,2025-02-09,18753.48,Savings Account,4.186,medium
Customer B,2025-02-09,34389.08,SSE and HSBC stock,40.3636,low
Customer A,2025-02-10,18753.48,Savings Account,4.186,medium
Customer B,2025-02-10,34391.86,SSE and HSBC stock,40.375,low
Customer A,2025-02-11,18753.49,Savings Account,4.186,medium
Customer B,2025-02-11,34394.65,SSE and HSBC stock,40.3863,low
Customer A,2025-02-12,18753.49,Savings Account,4.1861,medium
Customer B,2025-02-12,34397.43,SSE and HSBC stock,40.3977,low
Customer A,2025-02-13,18753.5,Savings Account,4.1861,medium
Customer B,2025-02-13,34400.22,SSE and HSBC stock,40.4091,low
Customer A,2025-02-14,18753.5,Savings Account,4.1861,medium
Customer B,2025-02-14,34403.01,SSE and HSBC stock,40.4204,low
Customer A,2025-02-15,18753.51,Savings Account,4.1861,medium
Customer B,2025-02-15,34405.79,SSE and HSBC stock,40.4318,low
Customer A,2025-02-16,18753.51,Savings Account,4.1862,medium
Customer B,2025-02-16,34408.58,SSE and HSBC stock,40.4432,low
Customer A,2025-02-17,18753.52,Savings Account,4.1862,medium
Customer B,2025-02-17,34411.36,SSE and HSBC stock,40.4546,low
Customer A,2025-02-18,18753.52,Savings Account,4.1862,medium
Customer B,2025-02-18,34414.15,SSE and HSBC stock,40.4659,low
Customer A,2025-02-19,18753.53,Savings Account,4.1863,medium
Customer B,2025-02-19,34416.94,SSE and HSBC stock,40.4773,low
Customer A,2025-02-20,18753.53,Savings Account,4.1863,medium
Customer B,2025-02-20,34419.73,SSE and HSBC stock,40.4887,low
Customer A,2025-02-21,18753.54,Savings Account,4.1863,medium
Customer B,2025-02-21,34422.51,SSE and HSBC stock,40.5001,low
Customer A,2025-02-22,18753.54,Savings Account,4.1863,medium
Customer B,2025-02-22,34425.3,SSE and HSBC stock,40.5114,low
Customer A,2025-02-23,18753.55,Savings Account,4.1864,medium
Customer B,2025-02-23,34428.09,SSE and HSBC stock,40.5228,low
Customer A,2025-02-24,18753.55,Savings Account,4.1864,medium
Customer B,2025-02-24,34430.88,SSE and HSBC stock,40.5342,low
Customer A,2025-02-25,18753.56,Savings Account,4.1864,medium
Customer B,2025-02-25,34433.67,SSE and HSBC stock,40.5456,low
Customer A,2025-02-26,18753.56,Savings Account,4.1865,medium
Customer B,2025-02-26,34436.45,SSE and HSBC stock,40.557,low
Customer A,2025-02-27,18753.57,Savings Account,4.1865,medium
Customer B,2025-02-27,34439.24,SSE and HSBC stock,40.5683,low
Customer A,2025-02-28,18753.57,Savings Account,4.1865,medium
Customer B,2025-02-28,34442.03,SSE and HSBC stock,40.5797,low
Customer A,2025-03-01,18753.58,Savings Account,4.1865,medium
Customer B,2025-03-01,34444.82,SSE and HSBC stock,40.5911,low
Customer A,2025-03-02,18753.58,Savings Account,4.1866,medium
Customer B,2025-03-02,34447.61,SSE and HSBC stock,40.6025,low
Customer A,2025-03-03,18753.59,Savings Account,4.1866,medium
Customer B,2025-03-03,34450.4,SSE and HSBC stock,40.6139,low
Customer A,2025-03-04,18753.59,Savings Account,4.1866,medium
Customer B,2025-03-04,34453.19,SSE and HSBC stock,40.6253,low
Customer A,2025-03-05,18753.6,Savings Account,4.1867,medium
Customer B,2025-03-05,34455.98,SSE and HSBC stock,40.6367,low
Customer A,2025-03-06,18753.6,Savings Account,4.1867,medium
Customer B,2025-03-06,34458.77,SSE and HSBC stock,40.648,low
Customer A,2025-03-07,18753.61,Savings Account,4.1867,medium
Customer B,2025-03-07,34461.56,SSE and HSBC stock,40.6594,low
Customer A,2025-03-08,18753.61,Savings Account,4.1867,medium
Customer B,2025-03-08,34464.35,SSE and HSBC stock,40.6708,low
Customer A,2025-03-09,18753.62,Savings Account,4.1868,medium
Customer B,2025-03-09,34467.14,SSE and HSBC stock,40.6822,low
Customer A,2025-03-10,18753.62,Savings Account,4.1868,medium
Customer B,2025-03-10,34469.94,SSE and HSBC stock,40.6936,low
Customer A,2025-03-11,18753.63,Savings Account,4.1868,medium
Customer B,2025-03-11,34472.73,SSE and HSBC stock,40.705,low
Customer A,2025-03-12,18753.63,Savings Account,4.1869,medium
Customer B,2025-03-12,34475.52,SSE and HSBC stock,40.7164,low
Customer A,2025-03-13,18753.64,Savings Account,4.1869,medium
Customer B,2025-03-13,34478.31,SSE and HSBC stock,40.7278,low
Customer A,2025-03-14,18753.65,Savings Account,4.1869,medium
Customer B,2025-03-14,34481.1,SSE and HSBC stock,40.7392,low
Customer A,2025-03-15,18753.65,Savings Account,4.1869,medium
Customer B,2025-03-15,34483.9,SSE and HSBC stock,40.7506,low
Customer A,2025-03-16,18753.66,Savings Account,4.187,medium
Customer B,2025-03-16,34486.69,SSE and HSBC stock,40.762,low
Customer A,2025-03-17,18753.66,Savings Account,4.187,medium
Customer B,2025-03-17,34489.48,SSE and HSBC stock,40.7734,low
Customer A,2025-03-18,18753.67,Savings Account,4.187,medium
Customer B,2025-03-18,34492.28,SSE and HSBC stock,40.7848,low
Customer A,2025-03-19,18753.67,Savings Account,4.1871,medium
Customer B,2025-03-19,34495.07,SSE and HSBC stock,40.7962,low
Customer A,2025-03-20,18753.68,Savings Account,4.1871,medium
Customer B,2025-03-20,34497.86,SSE and HSBC stock,40.8076,low
Customer A,2025-03-21,18753.68,Savings Account,4.1871,medium
Customer B,2025-03-21,34500.66,SSE and HSBC stock,40.819,low
Customer A,2025-03-22,18753.69,Savings Account,4.1871,medium
Customer B,2025-03-22,34503.45,SSE and HSBC stock,40.8304,low
Customer A,2025-03-23,18753.69,Savings Account,4.1872,medium
Customer B,2025-03-23,34506.24,SSE and HSBC stock,40.8418,low
Customer A,2025-03-24,18753.7,Savings Account,4.1872,medium
Customer B,2025-03-24,34509.04,SSE and HSBC stock,40.8532,low
Customer A,2025-03-25,18753.7,Savings Account,4.1872,medium
Customer B,2025-03-25,34511.83,SSE and HSBC stock,40.8646,low
Customer A,2025-03-26,18753.71,Savings Account,4.1873,medium
Customer B,2025-03-26,34514.63,SSE and HSBC stock,40.876,low
Customer A,2025-03-27,18753.71,Savings Account,4.1873,medium
Customer B,2025-03-27,34517.42,SSE and HSBC stock,40.8874,low
Customer A,2025-03-28,18753.72,Savings Account,4.1873,medium
Customer B,2025-03-28,34520.22,SSE and HSBC stock,40.8989,low
Customer A,2025-03-29,18753.72,Savings Account,4.1873,medium
Customer B,2025-03-29,34523.02,SSE and HSBC stock,40.9103,low
Customer A,2025-03-30,18753.73,Savings Account,4.1874,medium
Customer B,2025-03-30,34525.81,SSE and HSBC stock,40.9217,low
Customer A,2025-03-31,18753.73,Savings Account,4.1874,medium
Customer B,2025-03-31,34528.61,SSE and HSBC stock,40.9331,low
Customer A,2025-04-01,18753.74,Savings Account,4.1874,medium
Customer B,2025-04-01,34531.4,SSE and HSBC stock,40.9445,low
Customer A,2025-04-02,18753.74,Savings Account,4.1875,medium
Customer B,2025-04-02,34534.2,SSE and HSBC stock,40.9559,low
Customer A,2025-04-03,18753.75,Savings Account,4.1875,medium
Customer B,2025-04-03,34537.0,SSE and HSBC stock,40.9673,low
Customer A,2025-04-04,18753.75,Savings Account,4.1875,medium
Customer B,2025-04-04,34539.79,SSE and HSBC stock,40.9788,low
Customer A,2025-04-05,18753.76,Savings Account,4.1875,medium
Customer B,2025-04-05,34542.59,SSE and HSBC stock,40.9902,low
Customer A,2025-04-06,18753.76,Savings Account,4.1876,medium
Customer B,2025-04-06,34545.39,SSE and HSBC stock,41.0016,low
Customer A,2025-04-07,18753.77,Savings Account,4.1876,medium
Customer B,2025-04-07,34548.19,SSE and HSBC stock,41.013,low
Customer A,2025-04-08,18753.77,Savings Account,4.1876,medium
Customer B,2025-04-08,34550.98,SSE and HSBC stock,41.0244,low
Customer A,2025-04-09,18753.78,Savings Account,4.1877,medium
Customer B,2025-04-09,34553.78,SSE and HSBC stock,41.0358,low
Customer A,2025-04-10,18753.78,Savings Account,4.1877,medium
Customer B,2025-04-10,34556.58,SSE and HSBC stock,41.0473,low
Customer A,2025-04-11,18753.79,Savings Account,4.1877,medium
Customer B,2025-04-11,34559.38,SSE and HSBC stock,41.0587,low
Customer A,2025-04-12,18753.79,Savings Account,4.1877,medium
Customer B,2025-04-12,34562.18,SSE and HSBC stock,41.0701,low
Customer A,2025-04-13,18753.8,Savings Account,4.1878,medium
Customer B,2025-04-13,34564.98,SSE and HSBC stock,41.0815,low
Customer A,2025-04-14,18753.8,Savings Account,4.1878,medium
Customer B,2025-04-14,34567.78,SSE and HSBC stock,41.093,low
Customer A,2025-04-15,18753.81,Savings Account,4.1878,medium
Customer B,2025-04-15,34570.58,SSE and HSBC stock,41.1044,low
Customer A,2025-04-16,18753.81,Savings Account,4.1879,medium
Customer B,2025-04-16,34573.38,SSE and HSBC stock,41.1158,low
Customer A,2025-04-17,18753.82,Savings Account,4.1879,medium
Customer B,2025-04-17,34576.18,SSE and HSBC stock,41.1272,low
Customer A,2025-04-18,18753.82,Savings Account,4.1879,medium
Customer B,2025-04-18,34578.98,SSE and HSBC stock,41.1387,low
Customer A,2025-04-19,18753.83,Savings Account,4.1879,medium
Customer B,2025-04-19,34581.78,SSE and HSBC stock,41.1501,low
Customer A,2025-04-20,18753.84,Savings Account,4.188,medium
Customer B,2025-04-20,34584.58,SSE and HSBC stock,41.1615,low
Customer A,2025-04-21,18753.84,Savings Account,4.188,medium
Customer B,2025-04-21,34587.38,SSE and HSBC stock,41.173,low
Customer A,2025-04-22,18753.85,Savings Account,4.188,medium
Customer B,2025-04-22,34590.18,SSE and HSBC stock,41.1844,low
Customer A,2025-04-23,18753.85,Savings Account,4.1881,medium
Customer B,2025-04-23,34592.98,SSE and HSBC stock,41.1958,low
Customer A,2025-04-24,18753.86,Savings Account,4.1881,medium
Customer B,2025-04-24,34595.78,SSE and HSBC stock,41.2073,low
Customer A,2025-04-25,18753.86,Savings Account,4.1881,medium
Customer B,2025-04-25,34598.58,SSE and HSBC stock,41.2187,low
Customer A,2025-04-26,18753.87,Savings Account,4.1881,medium
Customer B,2025-04-26,34601.39,SSE and HSBC stock,41.2301,low
Customer A,2025-04-27,18753.87,Savings Account,4.1882,medium
Customer B,2025-04-27,34604.19,SSE and HSBC stock,41.2416,low
Customer A,2025-04-28,18753.88,Savings Account,4.1882,medium
Customer B,2025-04-28,34606.99,SSE and HSBC stock,41.253,low
Customer A,2025-04-29,18753.88,Savings Account,4.1882,medium
Customer B,2025-04-29,34609.79,SSE and HSBC stock,41.2645,low
Customer A,2025-04-30,18753.89,Savings Account,4.1883,medium
Customer B,2025-04-30,34612.6,SSE and HSBC stock,41.2759,low
Customer A,2025-05-01,18753.89,Savings Account,4.1883,medium
Customer B,2025-05-01,34615.4,SSE and HSBC stock,41.2873,low
Customer A,2025-05-02,18753.9,Savings Account,4.1883,medium
Customer B,2025-05-02,34618.2,SSE and HSBC stock,41.2988,low
Customer A,2025-05-03,18753.9,Savings Account,4.1883,medium
Customer B,2025-05-03,34621.01,SSE and HSBC stock,41.3102,low
Customer A,2025-05-04,18753.91,Savings Account,4.1884,medium
Customer B,2025-05-04,34623.81,SSE and HSBC stock,41.3217,low
Customer A,2025-05-05,18753.91,Savings Account,4.1884,medium
Customer B,2025-05-05,34626.61,SSE and HSBC stock,41.3331,low
Customer A,2025-05-06,18753.92,Savings Account,4.1884,medium
Customer B,2025-05-06,34629.42,SSE and HSBC stock,41.3446,low
Customer A,2025-05-07,18753.92,Savings Account,4.1885,medium
Customer B,2025-05-07,34632.22,SSE and HSBC stock,41.356,low
Customer A,2025-05-08,18753.93,Savings Account,4.1885,medium
Customer B,2025-05-08,34635.03,SSE and HSBC stock,41.3675,low
Customer A,2025-05-09,18753.93,Savings Account,4.1885,medium
Customer B,2025-05-09,34637.83,SSE and HSBC stock,41.3789,low
Customer A,2025-05-10,18753.94,Savings Account,4.1885,medium
Customer B,2025-05-10,34640.64,SSE and HSBC stock,41.3904,low
Customer A,2025-05-11,18753.94,Savings Account,4.1886,medium
Customer B,2025-05-11,34643.44,SSE and HSBC stock,41.4018,low
Customer A,2025-05-12,18753.95,Savings Account,4.1886,medium
Customer B,2025-05-12,34646.25,SSE and HSBC stock,41.4133,low
Customer A,2025-05-13,18753.95,Savings Account,4.1886,medium
Customer B,2025-05-13,34649.05,SSE and HSBC stock,41.4247,low
Customer A,2025-05-14,18753.96,Savings Account,4.1887,medium
Customer B,2025-05-14,34651.86,SSE and HSBC stock,41.4362,low
Customer A,2025-05-15,18753.96,Savings Account,4.1887,medium
Customer B,2025-05-15,34654.67,SSE and HSBC stock,41.4476,low
Customer A,2025-05-16,18753.97,Savings Account,4.1887,medium
Customer B,2025-05-16,34657.47,SSE and HSBC stock,41.4591,low
Customer A,2025-05-17,18753.97,Savings Account,4.1887,medium
Customer B,2025-05-17,34660.28,SSE and HSBC stock,41.4705,low
Customer A,2025-05-18,18753.98,Savings Account,4.1888,medium
Customer B,2025-05-18,34663.09,SSE and HSBC stock,41.482,low
Customer A,2025-05-19,18753.98,Savings Account,4.1888,medium
Customer B,2025-05-19,34665.89,SSE and HSBC stock,41.4934,low
Customer A,2025-05-20,18753.99,Savings Account,4.1888,medium
Customer B,2025-05-20,34668.7,SSE and HSBC stock,41.5049,low
Customer A,2025-05-21,18753.99,Savings Account,4.1889,medium
Customer B,2025-05-21,34671.51,SSE and HSBC stock,41.5164,low
Customer A,2025-05-22,18754.0,Savings Account,4.1889,medium
Customer B,2025-05-22,34674.32,SSE and HSBC stock,41.5278,low
Customer A,2025-05-23,18754.0,Savings Account,4.1889,medium
Customer B,2025-05-23,34677.13,SSE and HSBC stock,41.5393,low
Customer A,2025-05-24,18754.01,Savings Account,4.1889,medium
Customer B,2025-05-24,34679.93,SSE and HSBC stock,41.5508,low
Customer A,2025-05-25,18754.02,Savings Account,4.189,medium
Customer B,2025-05-25,34682.74,SSE and HSBC stock,41.5622,low
Customer A,2025-05-26,18754.02,Savings Account,4.189,medium
Customer B,2025-05-26,34685.55,SSE and HSBC stock,41.5737,low
Customer A,2025-05-27,18754.03,Savings Account,4.189,medium
Customer B,2025-05-27,34688.36,SSE and HSBC stock,41.5851,low
Customer A,2025-05-28,18754.03,Savings Account,4.1891,medium
Customer B,2025-05-28,34691.17,SSE and HSBC stock,41.5966,low
Customer A,2025-05-29,18754.04,Savings Account,4.1891,medium
Customer B,2025-05-29,34693.98,SSE and HSBC stock,41.6081,low
Customer A,2025-05-30,18754.04,Savings Account,4.1891,medium
Customer B,2025-05-30,34696.79,SSE and HSBC stock,41.6195,low
Customer A,2025-05-31,18754.05,Savings Account,4.1891,medium
Customer B,2025-05-31,34699.6,SSE and HSBC stock,41.631,low
Customer A,2025-06-01,18754.05,Savings Account,4.1892,medium
Customer B,2025-06-01,34702.41,SSE and HSBC stock,41.6425,low
Customer A,2025-06-02,18754.06,Savings Account,4.1892,medium
Customer B,2025-06-02,34705.22,SSE and HSBC stock,41.654,low
Customer A,2025-06-03,18754.06,Savings Account,4.1892,medium
Customer B,2025-06-03,34708.03,SSE and HSBC stock,41.6654,low
Customer A,2025-06-04,18754.07,Savings Account,4.1893,medium
Customer B,2025-06-04,34710.84,SSE and HSBC stock,41.6769,low
Customer A,2025-06-05,18754.07,Savings Account,4.1893,medium
Customer B,2025-06-05,34713.65,SSE and HSBC stock,41.6884,low
Customer A,2025-06-06,18754.08,Savings Account,4.1893,medium
Customer B,2025-06-06,34716.46,SSE and HSBC stock,41.6999,low
Customer A,2025-06-07,18754.08,Savings Account,4.1893,medium
Customer B,2025-06-07,34719.28,SSE and HSBC stock,41.7113,low
Customer A,2025-06-08,18754.09,Savings Account,4.1894,medium
Customer B,2025-06-08,34722.09,SSE and HSBC stock,41.7228,low
Customer A,2025-06-09,18754.09,Savings Account,4.1894,medium
Customer B,2025-06-09,34724.9,SSE and HSBC stock,41.7343,low
Customer A,2025-06-10,18754.1,Savings Account,4.1894,medium
Customer B,2025-06-10,34727.71,SSE and HSBC stock,41.7458,low
Customer A,2025-06-11,18754.1,Savings Account,4.1895,medium
Customer B,2025-06-11,34730.52,SSE and HSBC stock,41.7572,low
Customer A,2025-06-12,18754.11,Savings Account,4.1895,medium
Customer B,2025-06-12,34733.34,SSE and HSBC stock,41.7687,low
Customer A,2025-06-13,18754.11,Savings Account,4.1895,medium
Customer B,2025-06-13,34736.15,SSE and HSBC stock,41.7802,low
Customer A,2025-06-14,18754.12,Savings Account,4.1895,medium
Customer B,2025-06-14,34738.96,SSE and HSBC stock,41.7917,low
Customer A,2025-06-15,18754.12,Savings Account,4.1896,medium
Customer B,2025-06-15,34741.78,SSE and HSBC stock,41.8032,low
Customer A,2025-06-16,18754.13,Savings Account,4.1896,medium
Customer B,2025-06-16,34744.59,SSE and HSBC stock,41.8147,low
Customer A,2025-06-17,18754.13,Savings Account,4.1896,medium
Customer B,2025-06-17,34747.4,SSE and HSBC stock,41.8261,low
Customer A,2025-06-18,18754.14,Savings Account,4.1897,medium
Customer B,2025-06-18,34750.22,SSE and HSBC stock,41.8376,low
Customer A,2025-06-19,18754.14,Savings Account,4.1897,medium
Customer B,2025-06-19,34753.03,SSE and HSBC stock,41.8491,low
Customer A,2025-06-20,18754.15,Savings Account,4.1897,medium
Customer B,2025-06-20,34755.85,SSE and HSBC stock,41.8606,low
Customer A,2025-06-21,18754.15,Savings Account,4.1897,medium
Customer B,2025-06-21,34758.66,SSE and HSBC stock,41.8721,low
Customer A,2025-06-22,18754.16,Savings Account,4.1898,medium
Customer B,2025-06-22,34761.48,SSE and HSBC stock,41.8836,low
Customer A,2025-06-23,18754.16,Savings Account,4.1898,medium
Customer B,2025-06-23,34764.29,SSE and HSBC stock,41.8951,low
Customer A,2025-06-24,18754.17,Savings Account,4.1898,medium
Customer B,2025-06-24,34767.11,SSE and HSBC stock,41.9066,low
Customer A,2025-06-25,18754.17,Savings Account,4.1899,medium
Customer B,2025-06-25,34769.92,SSE and HSBC stock,41.9181,low
Customer A,2025-06-26,18754.18,Savings Account,4.1899,medium
Customer B,2025-06-26,34772.74,SSE and HSBC stock,41.9295,low
Customer A,2025-06-27,18754.18,Savings Account,4.1899,medium
Customer B,2025-06-27,34775.55,SSE and HSBC stock,41.941,low
Customer A,2025-06-28,18754.19,Savings Account,4.1899,medium
Customer B,2025-06-28,34778.37,SSE and HSBC stock,41.9525,low
Customer A,2025-06-29,18754.19,Savings Account,4.19,medium
Customer B,2025-06-29,34781.19,SSE and HSBC stock,41.964,low
Customer A,2025-06-30,18754.2,Savings Account,4.19,medium
Customer B,2025-06-30,34784.0,SSE and HSBC stock,41.9755,low
