Date,Customer,Balance,Daily_Adjustment
2015-01-01,A,18000.99,0.99
2015-01-02,A,18001.98,0.99
2015-01-03,A,18002.97,0.99
2015-01-04,A,18003.97,0.99
2015-01-05,A,18004.96,0.99
2015-01-06,A,18005.95,0.99
2015-01-07,A,18006.94,0.99
2015-01-08,A,18007.93,0.99
2015-01-09,A,18008.92,0.99
2015-01-10,A,18009.91,0.99
2015-01-11,A,18010.91,0.99
2015-01-12,A,18011.9,0.99
2015-01-13,A,18012.89,0.99
2015-01-14,A,18013.88,0.99
2015-01-15,A,18014.87,0.99
2015-01-16,A,18015.87,0.99
2015-01-17,A,18016.86,0.99
2015-01-18,A,18017.85,0.99
2015-01-19,A,18018.84,0.99
2015-01-20,A,18019.84,0.99
2015-01-21,A,18020.83,0.99
2015-01-22,A,18021.82,0.99
2015-01-23,A,18022.81,0.99
2015-01-24,A,18023.8,0.99
2015-01-25,A,18024.8,0.99
2015-01-26,A,18025.79,0.99
2015-01-27,A,18026.78,0.99
2015-01-28,A,18027.78,0.99
2015-01-29,A,18028.77,0.99
2015-01-30,A,18029.76,0.99
2015-01-31,A,18030.75,0.99
2015-02-01,A,18031.75,0.99
2015-02-02,A,18032.74,0.99
2015-02-03,A,18033.73,0.99
2015-02-04,A,18034.73,0.99
2015-02-05,A,18035.72,0.99
2015-02-06,A,18036.71,0.99
2015-02-07,A,18037.71,0.99
2015-02-08,A,18038.7,0.99
2015-02-09,A,18039.69,0.99
2015-02-10,A,18040.69,0.99
2015-02-11,A,18041.68,0.99
2015-02-12,A,18042.67,0.99
2015-02-13,A,18043.67,0.99
2015-02-14,A,18044.66,0.99
2015-02-15,A,18045.65,0.99
2015-02-16,A,18046.65,0.99
2015-02-17,A,18047.64,0.99
2015-02-18,A,18048.63,0.99
2015-02-19,A,18049.63,0.99
2015-02-20,A,18050.62,0.99
2015-02-21,A,18051.62,0.99
2015-02-22,A,18052.61,0.99
2015-02-23,A,18053.6,0.99
2015-02-24,A,18054.6,0.99
2015-02-25,A,18055.59,0.99
2015-02-26,A,18056.59,0.99
2015-02-27,A,18057.58,0.99
2015-02-28,A,18058.58,0.99
2015-03-01,A,18059.57,0.99
2015-03-02,A,18060.57,0.99
2015-03-03,A,18061.56,0.99
2015-03-04,A,18062.55,0.99
2015-03-05,A,18063.55,0.99
2015-03-06,A,18064.54,0.99
2015-03-07,A,18065.54,0.99
2015-03-08,A,18066.53,0.99
2015-03-09,A,18067.53,0.99
2015-03-10,A,18068.52,0.99
2015-03-11,A,18069.52,0.99
2015-03-12,A,18070.51,0.99
2015-03-13,A,18071.51,0.99
2015-03-14,A,18072.5,0.99
2015-03-15,A,18073.5,0.99
2015-03-16,A,18074.49,0.99
2015-03-17,A,18075.49,0.99
2015-03-18,A,18076.48,0.99
2015-03-19,A,18077.48,0.99
2015-03-20,A,18078.48,0.99
2015-03-21,A,18079.47,0.99
2015-03-22,A,18080.47,0.99
2015-03-23,A,18081.46,0.99
2015-03-24,A,18082.46,0.99
2015-03-25,A,18083.45,0.99
2015-03-26,A,18084.45,0.99
2015-03-27,A,18085.45,0.99
2015-03-28,A,18086.44,0.99
2015-03-29,A,18087.44,0.99
2015-03-30,A,18088.43,0.99
2015-03-31,A,18089.43,0.99
2015-04-01,A,18090.43,0.99
2015-04-02,A,18091.42,0.99
2015-04-03,A,18092.42,0.99
2015-04-04,A,18093.41,0.99
2015-04-05,A,18094.41,0.99
2015-04-06,A,18095.41,0.99
2015-04-07,A,18096.4,0.99
2015-04-08,A,18097.4,0.99
2015-04-09,A,18098.4,0.99
2015-04-10,A,18099.39,0.99
2015-04-11,A,18100.39,0.99
2015-04-12,A,18101.39,0.99
2015-04-13,A,18102.38,0.99
2015-04-14,A,18103.38,0.99
2015-04-15,A,18104.38,0.99
2015-04-16,A,18105.38,0.99
2015-04-17,A,18106.37,0.99
2015-04-18,A,18107.37,0.99
2015-04-19,A,18108.37,0.99
2015-04-20,A,18109.36,0.99
2015-04-21,A,18110.36,0.99
2015-04-22,A,18111.36,0.99
2015-04-23,A,18112.36,0.99
2015-04-24,A,18113.35,0.99
2015-04-25,A,18114.35,0.99
2015-04-26,A,18115.35,0.99
2015-04-27,A,18116.35,0.99
2015-04-28,A,18117.34,0.99
2015-04-29,A,18118.34,0.99
2015-04-30,A,18119.34,0.99
2015-05-01,A,18120.34,0.99
2015-05-02,A,18121.33,0.99
2015-05-03,A,18122.33,0.99
2015-05-04,A,18123.33,0.99
2015-05-05,A,18124.33,0.99
2015-05-06,A,18125.33,0.99
2015-05-07,A,18126.32,0.99
2015-05-08,A,18127.32,0.99
2015-05-09,A,18128.32,0.99
2015-05-10,A,18129.32,0.99
2015-05-11,A,18130.32,0.99
2015-05-12,A,18131.32,0.99
2015-05-13,A,18132.31,0.99
2015-05-14,A,18133.31,0.99
2015-05-15,A,18134.31,0.99
2015-05-16,A,18135.31,0.99
2015-05-17,A,18136.31,0.99
2015-05-18,A,18137.31,0.99
2015-05-19,A,18138.31,0.99
2015-05-20,A,18139.31,0.99
2015-05-21,A,18140.3,0.99
2015-05-22,A,18141.3,0.99
2015-05-23,A,18142.3,0.99
2015-05-24,A,18143.3,0.99
2015-05-25,A,18144.3,0.99
2015-05-26,A,18145.3,0.99
2015-05-27,A,18146.3,0.99
2015-05-28,A,18147.3,0.99
2015-05-29,A,18148.3,0.99
2015-05-30,A,18149.3,0.99
2015-05-31,A,18150.3,0.99
2015-06-01,A,18151.3,0.99
2015-06-02,A,18152.3,0.99
2015-06-03,A,18153.29,0.99
2015-06-04,A,18154.29,0.99
2015-06-05,A,18155.29,0.99
2015-06-06,A,18156.29,0.99
2015-06-07,A,18157.29,0.99
2015-06-08,A,18158.29,0.99
2015-06-09,A,18159.29,0.99
2015-06-10,A,18160.29,1.0
2015-06-11,A,18161.29,1.0
2015-06-12,A,18162.29,1.0
2015-06-13,A,18163.29,1.0
2015-06-14,A,18164.29,1.0
2015-06-15,A,18165.29,1.0
2015-06-16,A,18166.29,1.0
2015-06-17,A,18167.3,1.0
2015-06-18,A,18168.3,1.0
2015-06-19,A,18169.3,1.0
2015-06-20,A,18170.3,1.0
2015-06-21,A,18171.3,1.0
2015-06-22,A,18172.3,1.0
2015-06-23,A,18173.3,1.0
2015-06-24,A,18174.3,1.0
2015-06-25,A,18175.3,1.0
2015-06-26,A,18176.3,1.0
2015-06-27,A,18177.3,1.0
2015-06-28,A,18178.3,1.0
2015-06-29,A,18179.3,1.0
2015-06-30,A,18180.31,1.0
2015-07-01,A,18181.31,1.0
2015-07-02,A,18182.31,1.0
2015-07-03,A,18183.31,1.0
2015-07-04,A,18184.31,1.0
2015-07-05,A,18185.31,1.0
2015-07-06,A,18186.31,1.0
2015-07-07,A,18187.31,1.0
2015-07-08,A,18188.32,1.0
2015-07-09,A,18189.32,1.0
2015-07-10,A,18190.32,1.0
2015-07-11,A,18191.32,1.0
2015-07-12,A,18192.32,1.0
2015-07-13,A,18193.32,1.0
2015-07-14,A,18194.33,1.0
2015-07-15,A,18195.33,1.0
2015-07-16,A,18196.33,1.0
2015-07-17,A,18197.33,1.0
2015-07-18,A,18198.33,1.0
2015-07-19,A,18199.34,1.0
2015-07-20,A,18200.34,1.0
2015-07-21,A,18201.34,1.0
2015-07-22,A,18202.34,1.0
2015-07-23,A,18203.35,1.0
2015-07-24,A,18204.35,1.0
2015-07-25,A,18205.35,1.0
2015-07-26,A,18206.35,1.0
2015-07-27,A,18207.36,1.0
2015-07-28,A,18208.36,1.0
2015-07-29,A,18209.36,1.0
2015-07-30,A,18210.36,1.0
2015-07-31,A,18211.37,1.0
2015-08-01,A,18212.37,1.0
2015-08-02,A,18213.37,1.0
2015-08-03,A,18214.38,1.0
2015-08-04,A,18215.38,1.0
2015-08-05,A,18216.38,1.0
2015-08-06,A,18217.39,1.0
2015-08-07,A,18218.39,1.0
2015-08-08,A,18219.39,1.0
2015-08-09,A,18220.39,1.0
2015-08-10,A,18221.4,1.0
2015-08-11,A,18222.4,1.0
2015-08-12,A,18223.41,1.0
2015-08-13,A,18224.41,1.0
2015-08-14,A,18225.41,1.0
2015-08-15,A,18226.42,1.0
2015-08-16,A,18227.42,1.0
2015-08-17,A,18228.42,1.0
2015-08-18,A,18229.43,1.0
2015-08-19,A,18230.43,1.0
2015-08-20,A,18231.43,1.0
2015-08-21,A,18232.44,1.0
2015-08-22,A,18233.44,1.0
2015-08-23,A,18234.45,1.0
2015-08-24,A,18235.45,1.0
2015-08-25,A,18236.46,1.0
2015-08-26,A,18237.46,1.0
2015-08-27,A,18238.46,1.0
2015-08-28,A,18239.47,1.0
2015-08-29,A,18240.47,1.0
2015-08-30,A,18241.48,1.0
2015-08-31,A,18242.48,1.0
2015-09-01,A,18243.49,1.0
2015-09-02,A,18244.49,1.0
2015-09-03,A,18245.5,1.0
2015-09-04,A,18246.5,1.0
2015-09-05,A,18247.51,1.0
2015-09-06,A,18248.51,1.0
2015-09-07,A,18249.51,1.0
2015-09-08,A,18250.52,1.0
2015-09-09,A,18251.52,1.0
2015-09-10,A,18252.53,1.0
2015-09-11,A,18253.54,1.0
2015-09-12,A,18254.54,1.0
2015-09-13,A,18255.55,1.0
2015-09-14,A,18256.55,1.0
2015-09-15,A,18257.56,1.0
2015-09-16,A,18258.56,1.0
2015-09-17,A,18259.57,1.0
2015-09-18,A,18260.57,1.0
2015-09-19,A,18261.58,1.0
2015-09-20,A,18262.58,1.0
2015-09-21,A,18263.59,1.0
2015-09-22,A,18264.6,1.0
2015-09-23,A,18265.6,1.0
2015-09-24,A,18266.61,1.0
2015-09-25,A,18267.61,1.0
2015-09-26,A,18268.62,1.0
2015-09-27,A,18269.62,1.0
2015-09-28,A,18270.63,1.0
2015-09-29,A,18271.64,1.0
2015-09-30,A,18272.64,1.0
2015-10-01,A,18273.65,1.0
2015-10-02,A,18274.66,1.0
2015-10-03,A,18275.66,1.0
2015-10-04,A,18276.67,1.0
2015-10-05,A,18277.68,1.0
2015-10-06,A,18278.68,1.0
2015-10-07,A,18279.69,1.0
2015-10-08,A,18280.69,1.0
2015-10-09,A,18281.7,1.0
2015-10-10,A,18282.71,1.0
2015-10-11,A,18283.72,1.0
2015-10-12,A,18284.72,1.0
2015-10-13,A,18285.73,1.0
2015-10-14,A,18286.74,1.0
2015-10-15,A,18287.74,1.0
2015-10-16,A,18288.75,1.0
2015-10-17,A,18289.76,1.0
2015-10-18,A,18290.76,1.0
2015-10-19,A,18291.77,1.0
2015-10-20,A,18292.78,1.0
2015-10-21,A,18293.79,1.0
2015-10-22,A,18294.79,1.0
2015-10-23,A,18295.8,1.0
2015-10-24,A,18296.81,1.0
2015-10-25,A,18297.82,1.0
2015-10-26,A,18298.82,1.0
2015-10-27,A,18299.83,1.0
2015-10-28,A,18300.84,1.0
2015-10-29,A,18301.85,1.0
2015-10-30,A,18302.85,1.0
2015-10-31,A,18303.86,1.0
2015-11-01,A,18304.87,1.0
2015-11-02,A,18305.88,1.0
2015-11-03,A,18306.89,1.0
2015-11-04,A,18307.89,1.0
2015-11-05,A,18308.9,1.0
2015-11-06,A,18309.91,1.0
2015-11-07,A,18310.92,1.0
2015-11-08,A,18311.93,1.0
2015-11-09,A,18312.94,1.0
2015-11-10,A,18313.94,1.0
2015-11-11,A,18314.95,1.0
2015-11-12,A,18315.96,1.0
2015-11-13,A,18316.97,1.0
2015-11-14,A,18317.98,1.0
2015-11-15,A,18318.99,1.0
2015-11-16,A,18320.0,1.0
2015-11-17,A,18321.01,1.0
2015-11-18,A,18322.01,1.0
2015-11-19,A,18323.02,1.0
2015-11-20,A,18324.03,1.0
2015-11-21,A,18325.04,1.0
2015-11-22,A,18326.05,1.0
2015-11-23,A,18327.06,1.0
2015-11-24,A,18328.07,1.0
2015-11-25,A,18329.08,1.0
2015-11-26,A,18330.09,1.0
2015-11-27,A,18331.1,1.0
2015-11-28,A,18332.11,1.0
2015-11-29,A,18333.12,1.0
2015-11-30,A,18334.13,1.0
2015-12-01,A,18335.14,1.0
2015-12-02,A,18336.15,1.0
2015-12-03,A,18337.16,1.0
2015-12-04,A,18338.16,1.0
2015-12-05,A,18339.17,1.0
2015-12-06,A,18340.18,1.0
2015-12-07,A,18341.19,1.0
2015-12-08,A,18342.2,1.0
2015-12-09,A,18343.21,1.01
2015-12-10,A,18344.22,1.01
2015-12-11,A,18345.23,1.01
2015-12-12,A,18346.25,1.01
2015-12-13,A,18347.26,1.01
2015-12-14,A,18348.27,1.01
2015-12-15,A,18349.28,1.01
2015-12-16,A,18350.29,1.01
2015-12-17,A,18351.3,1.01
2015-12-18,A,18352.31,1.01
2015-12-19,A,18353.32,1.01
2015-12-20,A,18354.33,1.01
2015-12-21,A,18355.34,1.01
2015-12-22,A,18356.35,1.01
2015-12-23,A,18357.36,1.01
2015-12-24,A,18358.37,1.01
2015-12-25,A,18359.38,1.01
2015-12-26,A,18360.39,1.01
2015-12-27,A,18361.41,1.01
2015-12-28,A,18362.42,1.01
2015-12-29,A,18363.43,1.01
2015-12-30,A,18364.44,1.01
2015-12-31,A,18365.45,1.01
2016-01-01,A,18366.46,1.01
2016-01-02,A,18367.47,1.01
2016-01-03,A,18368.48,1.01
2016-01-04,A,18369.5,1.01
2016-01-05,A,18370.51,1.01
2016-01-06,A,18371.52,1.01
2016-01-07,A,18372.53,1.01
2016-01-08,A,18373.54,1.01
2016-01-09,A,18374.55,1.01
2016-01-10,A,18375.57,1.01
2016-01-11,A,18376.58,1.01
2016-01-12,A,18377.59,1.01
2016-01-13,A,18378.6,1.01
2016-01-14,A,18379.61,1.01
2016-01-15,A,18380.63,1.01
2016-01-16,A,18381.64,1.01
2016-01-17,A,18382.65,1.01
2016-01-18,A,18383.66,1.01
2016-01-19,A,18384.68,1.01
2016-01-20,A,18385.69,1.01
2016-01-21,A,18386.7,1.01
2016-01-22,A,18387.71,1.01
2016-01-23,A,18388.73,1.01
2016-01-24,A,18389.74,1.01
2016-01-25,A,18390.75,1.01
2016-01-26,A,18391.76,1.01
2016-01-27,A,18392.78,1.01
2016-01-28,A,18393.79,1.01
2016-01-29,A,18394.8,1.01
2016-01-30,A,18395.82,1.01
2016-01-31,A,18396.83,1.01
2016-02-01,A,18397.84,1.01
2016-02-02,A,18398.85,1.01
2016-02-03,A,18399.87,1.01
2016-02-04,A,18400.88,1.01
2016-02-05,A,18401.89,1.01
2016-02-06,A,18402.91,1.01
2016-02-07,A,18403.92,1.01
2016-02-08,A,18404.93,1.01
2016-02-09,A,18405.95,1.01
2016-02-10,A,18406.96,1.01
2016-02-11,A,18407.98,1.01
2016-02-12,A,18408.99,1.01
2016-02-13,A,18410.0,1.01
2016-02-14,A,18411.02,1.01
2016-02-15,A,18412.03,1.01
2016-02-16,A,18413.04,1.01
2016-02-17,A,18414.06,1.01
2016-02-18,A,18415.07,1.01
2016-02-19,A,18416.09,1.01
2016-02-20,A,18417.1,1.01
2016-02-21,A,18418.11,1.01
2016-02-22,A,18419.13,1.01
2016-02-23,A,18420.14,1.01
2016-02-24,A,18421.16,1.01
2016-02-25,A,18422.17,1.01
2016-02-26,A,18423.19,1.01
2016-02-27,A,18424.2,1.01
2016-02-28,A,18425.22,1.01
2016-02-29,A,18426.23,1.01
2016-03-01,A,18427.25,1.01
2016-03-02,A,18428.26,1.01
2016-03-03,A,18429.27,1.01
2016-03-04,A,18430.29,1.01
2016-03-05,A,18431.3,1.01
2016-03-06,A,18432.32,1.01
2016-03-07,A,18433.33,1.01
2016-03-08,A,18434.35,1.01
2016-03-09,A,18435.36,1.01
2016-03-10,A,18436.38,1.01
2016-03-11,A,18437.4,1.01
2016-03-12,A,18438.41,1.01
2016-03-13,A,18439.43,1.01
2016-03-14,A,18440.44,1.01
2016-03-15,A,18441.46,1.01
2016-03-16,A,18442.47,1.01
2016-03-17,A,18443.49,1.01
2016-03-18,A,18444.5,1.01
2016-03-19,A,18445.52,1.01
2016-03-20,A,18446.54,1.01
2016-03-21,A,18447.55,1.01
2016-03-22,A,18448.57,1.01
2016-03-23,A,18449.58,1.01
2016-03-24,A,18450.6,1.01
2016-03-25,A,18451.61,1.01
2016-03-26,A,18452.63,1.01
2016-03-27,A,18453.65,1.01
2016-03-28,A,18454.66,1.01
2016-03-29,A,18455.68,1.01
2016-03-30,A,18456.7,1.01
2016-03-31,A,18457.71,1.01
2016-04-01,A,18458.73,1.01
2016-04-02,A,18459.75,1.01
2016-04-03,A,18460.76,1.01
2016-04-04,A,18461.78,1.01
2016-04-05,A,18462.8,1.01
2016-04-06,A,18463.81,1.01
2016-04-07,A,18464.83,1.01
2016-04-08,A,18465.85,1.01
2016-04-09,A,18466.86,1.01
2016-04-10,A,18467.88,1.01
2016-04-11,A,18468.9,1.01
2016-04-12,A,18469.91,1.01
2016-04-13,A,18470.93,1.01
2016-04-14,A,18471.95,1.01
2016-04-15,A,18472.96,1.01
2016-04-16,A,18473.98,1.01
2016-04-17,A,18475.0,1.01
2016-04-18,A,18476.02,1.01
2016-04-19,A,18477.03,1.01
2016-04-20,A,18478.05,1.01
2016-04-21,A,18479.07,1.01
2016-04-22,A,18480.09,1.01
2016-04-23,A,18481.1,1.01
2016-04-24,A,18482.12,1.01
2016-04-25,A,18483.14,1.01
2016-04-26,A,18484.16,1.01
2016-04-27,A,18485.18,1.01
2016-04-28,A,18486.19,1.01
2016-04-29,A,18487.21,1.01
2016-04-30,A,18488.23,1.01
2016-05-01,A,18489.25,1.01
2016-05-02,A,18490.27,1.01
2016-05-03,A,18491.28,1.01
2016-05-04,A,18492.3,1.01
2016-05-05,A,18493.32,1.01
2016-05-06,A,18494.34,1.01
2016-05-07,A,18495.36,1.01
2016-05-08,A,18496.38,1.01
2016-05-09,A,18497.4,1.01
2016-05-10,A,18498.41,1.01
2016-05-11,A,18499.43,1.01
2016-05-12,A,18500.45,1.01
2016-05-13,A,18501.47,1.01
2016-05-14,A,18502.49,1.01
2016-05-15,A,18503.51,1.01
2016-05-16,A,18504.53,1.01
2016-05-17,A,18505.55,1.01
2016-05-18,A,18506.56,1.01
2016-05-19,A,18507.58,1.01
2016-05-20,A,18508.6,1.01
2016-05-21,A,18509.62,1.01
2016-05-22,A,18510.64,1.01
2016-05-23,A,18511.66,1.01
2016-05-24,A,18512.68,1.01
2016-05-25,A,18513.7,1.01
2016-05-26,A,18514.72,1.01
2016-05-27,A,18515.74,1.01
2016-05-28,A,18516.76,1.01
2016-05-29,A,18517.78,1.01
2016-05-30,A,18518.8,1.01
2016-05-31,A,18519.82,1.01
2016-06-01,A,18520.84,1.01
2016-06-02,A,18521.86,1.01
2016-06-03,A,18522.88,1.01
2016-06-04,A,18523.9,1.01
2016-06-05,A,18524.92,1.02
2016-06-06,A,18525.94,1.02
2016-06-07,A,18526.96,1.02
2016-06-08,A,18527.98,1.02
2016-06-09,A,18529.0,1.02
2016-06-10,A,18530.02,1.02
2016-06-11,A,18531.04,1.02
2016-06-12,A,18532.06,1.02
2016-06-13,A,18533.08,1.02
2016-06-14,A,18534.1,1.02
2016-06-15,A,18535.12,1.02
2016-06-16,A,18536.14,1.02
2016-06-17,A,18537.16,1.02
2016-06-18,A,18538.18,1.02
2016-06-19,A,18539.2,1.02
2016-06-20,A,18540.23,1.02
2016-06-21,A,18541.25,1.02
2016-06-22,A,18542.27,1.02
2016-06-23,A,18543.29,1.02
2016-06-24,A,18544.31,1.02
2016-06-25,A,18545.33,1.02
2016-06-26,A,18546.35,1.02
2016-06-27,A,18547.37,1.02
2016-06-28,A,18548.39,1.02
2016-06-29,A,18549.42,1.02
2016-06-30,A,18550.44,1.02
2016-07-01,A,18551.46,1.02
2016-07-02,A,18552.48,1.02
2016-07-03,A,18553.5,1.02
2016-07-04,A,18554.52,1.02
2016-07-05,A,18555.55,1.02
2016-07-06,A,18556.57,1.02
2016-07-07,A,18557.59,1.02
2016-07-08,A,18558.61,1.02
2016-07-09,A,18559.63,1.02
2016-07-10,A,18560.66,1.02
2016-07-11,A,18561.68,1.02
2016-07-12,A,18562.7,1.02
2016-07-13,A,18563.72,1.02
2016-07-14,A,18564.74,1.02
2016-07-15,A,18565.77,1.02
2016-07-16,A,18566.79,1.02
2016-07-17,A,18567.81,1.02
2016-07-18,A,18568.83,1.02
2016-07-19,A,18569.86,1.02
2016-07-20,A,18570.88,1.02
2016-07-21,A,18571.9,1.02
2016-07-22,A,18572.92,1.02
2016-07-23,A,18573.95,1.02
2016-07-24,A,18574.97,1.02
2016-07-25,A,18575.99,1.02
2016-07-26,A,18577.02,1.02
2016-07-27,A,18578.04,1.02
2016-07-28,A,18579.06,1.02
2016-07-29,A,18580.09,1.02
2016-07-30,A,18581.11,1.02
2016-07-31,A,18582.13,1.02
2016-08-01,A,18583.16,1.02
2016-08-02,A,18584.18,1.02
2016-08-03,A,18585.2,1.02
2016-08-04,A,18586.23,1.02
2016-08-05,A,18587.25,1.02
2016-08-06,A,18588.27,1.02
2016-08-07,A,18589.3,1.02
2016-08-08,A,18590.32,1.02
2016-08-09,A,18591.34,1.02
2016-08-10,A,18592.37,1.02
2016-08-11,A,18593.39,1.02
2016-08-12,A,18594.42,1.02
2016-08-13,A,18595.44,1.02
2016-08-14,A,18596.46,1.02
2016-08-15,A,18597.49,1.02
2016-08-16,A,18598.51,1.02
2016-08-17,A,18599.54,1.02
2016-08-18,A,18600.56,1.02
2016-08-19,A,18601.58,1.02
2016-08-20,A,18602.61,1.02
2016-08-21,A,18603.63,1.02
2016-08-22,A,18604.66,1.02
2016-08-23,A,18605.68,1.02
2016-08-24,A,18606.71,1.02
2016-08-25,A,18607.73,1.02
2016-08-26,A,18608.76,1.02
2016-08-27,A,18609.78,1.02
2016-08-28,A,18610.81,1.02
2016-08-29,A,18611.83,1.02
2016-08-30,A,18612.86,1.02
2016-08-31,A,18613.88,1.02
2016-09-01,A,18614.91,1.02
2016-09-02,A,18615.93,1.02
2016-09-03,A,18616.96,1.02
2016-09-04,A,18617.98,1.02
2016-09-05,A,18619.01,1.02
2016-09-06,A,18620.03,1.02
2016-09-07,A,18621.06,1.02
2016-09-08,A,18622.08,1.02
2016-09-09,A,18623.11,1.02
2016-09-10,A,18624.13,1.02
2016-09-11,A,18625.16,1.02
2016-09-12,A,18626.18,1.02
2016-09-13,A,18627.21,1.02
2016-09-14,A,18628.24,1.02
2016-09-15,A,18629.26,1.02
2016-09-16,A,18630.29,1.02
2016-09-17,A,18631.31,1.02
2016-09-18,A,18632.34,1.02
2016-09-19,A,18633.37,1.02
2016-09-20,A,18634.39,1.02
2016-09-21,A,18635.42,1.02
2016-09-22,A,18636.44,1.02
2016-09-23,A,18637.47,1.02
2016-09-24,A,18638.5,1.02
2016-09-25,A,18639.52,1.02
2016-09-26,A,18640.55,1.02
2016-09-27,A,18641.58,1.02
2016-09-28,A,18642.6,1.02
2016-09-29,A,18643.63,1.02
2016-09-30,A,18644.66,1.02
2016-10-01,A,18645.68,1.02
2016-10-02,A,18646.71,1.02
2016-10-03,A,18647.74,1.02
2016-10-04,A,18648.76,1.02
2016-10-05,A,18649.79,1.02
2016-10-06,A,18650.82,1.02
2016-10-07,A,18651.84,1.02
2016-10-08,A,18652.87,1.02
2016-10-09,A,18653.9,1.02
2016-10-10,A,18654.93,1.02
2016-10-11,A,18655.95,1.02
2016-10-12,A,18656.98,1.02
2016-10-13,A,18658.01,1.02
2016-10-14,A,18659.04,1.02
2016-10-15,A,18660.06,1.02
2016-10-16,A,18661.09,1.02
2016-10-17,A,18662.12,1.02
2016-10-18,A,18663.15,1.02
2016-10-19,A,18664.17,1.02
2016-10-20,A,18665.2,1.02
2016-10-21,A,18666.23,1.02
2016-10-22,A,18667.26,1.02
2016-10-23,A,18668.29,1.02
2016-10-24,A,18669.31,1.02
2016-10-25,A,18670.34,1.02
2016-10-26,A,18671.37,1.02
2016-10-27,A,18672.4,1.02
2016-10-28,A,18673.43,1.02
2016-10-29,A,18674.45,1.02
2016-10-30,A,18675.48,1.02
2016-10-31,A,18676.51,1.02
2016-11-01,A,18677.54,1.02
2016-11-02,A,18678.57,1.02
2016-11-03,A,18679.6,1.02
2016-11-04,A,18680.63,1.02
2016-11-05,A,18681.65,1.02
2016-11-06,A,18682.68,1.02
2016-11-07,A,18683.71,1.02
2016-11-08,A,18684.74,1.02
2016-11-09,A,18685.77,1.02
2016-11-10,A,18686.8,1.02
2016-11-11,A,18687.83,1.02
2016-11-12,A,18688.86,1.02
2016-11-13,A,18689.89,1.02
2016-11-14,A,18690.91,1.02
2016-11-15,A,18691.94,1.02
2016-11-16,A,18692.97,1.02
2016-11-17,A,18694.0,1.02
2016-11-18,A,18695.03,1.02
2016-11-19,A,18696.06,1.02
2016-11-20,A,18697.09,1.02
2016-11-21,A,18698.12,1.02
2016-11-22,A,18699.15,1.02
2016-11-23,A,18700.18,1.02
2016-11-24,A,18701.21,1.02
2016-11-25,A,18702.24,1.02
2016-11-26,A,18703.27,1.02
2016-11-27,A,18704.3,1.02
2016-11-28,A,18705.33,1.02
2016-11-29,A,18706.36,1.02
2016-11-30,A,18707.39,1.03
2016-12-01,A,18708.42,1.03
2016-12-02,A,18709.45,1.03
2016-12-03,A,18710.48,1.03
2016-12-04,A,18711.51,1.03
2016-12-05,A,18712.54,1.03
2016-12-06,A,18713.57,1.03
2016-12-07,A,18714.6,1.03
2016-12-08,A,18715.63,1.03
2016-12-09,A,18716.66,1.03
2016-12-10,A,18717.69,1.03
2016-12-11,A,18718.73,1.03
2016-12-12,A,18719.76,1.03
2016-12-13,A,18720.79,1.03
2016-12-14,A,18721.82,1.03
2016-12-15,A,18722.85,1.03
2016-12-16,A,18723.88,1.03
2016-12-17,A,18724.91,1.03
2016-12-18,A,18725.94,1.03
2016-12-19,A,18726.97,1.03
2016-12-20,A,18728.0,1.03
2016-12-21,A,18729.04,1.03
2016-12-22,A,18730.07,1.03
2016-12-23,A,18731.1,1.03
2016-12-24,A,18732.13,1.03
2016-12-25,A,18733.16,1.03
2016-12-26,A,18734.19,1.03
2016-12-27,A,18735.23,1.03
2016-12-28,A,18736.26,1.03
2016-12-29,A,18737.29,1.03
2016-12-30,A,18738.32,1.03
2016-12-31,A,18739.35,1.03
2017-01-01,A,18740.38,1.03
2017-01-02,A,18741.42,1.03
2017-01-03,A,18742.45,1.03
2017-01-04,A,18743.48,1.03
2017-01-05,A,18744.51,1.03
2017-01-06,A,18745.54,1.03
2017-01-07,A,18746.58,1.03
2017-01-08,A,18747.61,1.03
2017-01-09,A,18748.64,1.03
2017-01-10,A,18749.67,1.03
2017-01-11,A,18750.71,1.03
2017-01-12,A,18751.74,1.03
2017-01-13,A,18752.77,1.03
2017-01-14,A,18753.8,1.03
2017-01-15,A,18754.84,1.03
2017-01-16,A,18755.87,1.03
2017-01-17,A,18756.9,1.03
2017-01-18,A,18757.94,1.03
2017-01-19,A,18758.97,1.03
2017-01-20,A,18760.0,1.03
2017-01-21,A,18761.04,1.03
2017-01-22,A,18762.07,1.03
2017-01-23,A,18763.1,1.03
2017-01-24,A,18764.13,1.03
2017-01-25,A,18765.17,1.03
2017-01-26,A,18766.2,1.03
2017-01-27,A,18767.23,1.03
2017-01-28,A,18768.27,1.03
2017-01-29,A,18769.3,1.03
2017-01-30,A,18770.34,1.03
2017-01-31,A,18771.37,1.03
2017-02-01,A,18772.4,1.03
2017-02-02,A,18773.44,1.03
2017-02-03,A,18774.47,1.03
2017-02-04,A,18775.5,1.03
2017-02-05,A,18776.54,1.03
2017-02-06,A,18777.57,1.03
2017-02-07,A,18778.61,1.03
2017-02-08,A,18779.64,1.03
2017-02-09,A,18780.67,1.03
2017-02-10,A,18781.71,1.03
2017-02-11,A,18782.74,1.03
2017-02-12,A,18783.78,1.03
2017-02-13,A,18784.81,1.03
2017-02-14,A,18785.85,1.03
2017-02-15,A,18786.88,1.03
2017-02-16,A,18787.92,1.03
2017-02-17,A,18788.95,1.03
2017-02-18,A,18789.98,1.03
2017-02-19,A,18791.02,1.03
2017-02-20,A,18792.05,1.03
2017-02-21,A,18793.09,1.03
2017-02-22,A,18794.12,1.03
2017-02-23,A,18795.16,1.03
2017-02-24,A,18796.19,1.03
2017-02-25,A,18797.23,1.03
2017-02-26,A,18798.26,1.03
2017-02-27,A,18799.3,1.03
2017-02-28,A,18800.33,1.03
2017-03-01,A,18801.37,1.03
2017-03-02,A,18802.41,1.03
2017-03-03,A,18803.44,1.03
2017-03-04,A,18804.48,1.03
2017-03-05,A,18805.51,1.03
2017-03-06,A,18806.55,1.03
2017-03-07,A,18807.58,1.03
2017-03-08,A,18808.62,1.03
2017-03-09,A,18809.65,1.03
2017-03-10,A,18810.69,1.03
2017-03-11,A,18811.73,1.03
2017-03-12,A,18812.76,1.03
2017-03-13,A,18813.8,1.03
2017-03-14,A,18814.83,1.03
2017-03-15,A,18815.87,1.03
2017-03-16,A,18816.91,1.03
2017-03-17,A,18817.94,1.03
2017-03-18,A,18818.98,1.03
2017-03-19,A,18820.02,1.03
2017-03-20,A,18821.05,1.03
2017-03-21,A,18822.09,1.03
2017-03-22,A,18823.12,1.03
2017-03-23,A,18824.16,1.03
2017-03-24,A,18825.2,1.03
2017-03-25,A,18826.23,1.03
2017-03-26,A,18827.27,1.03
2017-03-27,A,18828.31,1.03
2017-03-28,A,18829.34,1.03
2017-03-29,A,18830.38,1.03
2017-03-30,A,18831.42,1.03
2017-03-31,A,18832.46,1.03
2017-04-01,A,18833.49,1.03
2017-04-02,A,18834.53,1.03
2017-04-03,A,18835.57,1.03
2017-04-04,A,18836.6,1.03
2017-04-05,A,18837.64,1.03
2017-04-06,A,18838.68,1.03
2017-04-07,A,18839.72,1.03
2017-04-08,A,18840.75,1.03
2017-04-09,A,18841.79,1.03
2017-04-10,A,18842.83,1.03
2017-04-11,A,18843.87,1.03
2017-04-12,A,18844.9,1.03
2017-04-13,A,18845.94,1.03
2017-04-14,A,18846.98,1.03
2017-04-15,A,18848.02,1.03
2017-04-16,A,18849.06,1.03
2017-04-17,A,18850.09,1.03
2017-04-18,A,18851.13,1.03
2017-04-19,A,18852.17,1.03
2017-04-20,A,18853.21,1.03
2017-04-21,A,18854.25,1.03
2017-04-22,A,18855.28,1.03
2017-04-23,A,18856.32,1.03
2017-04-24,A,18857.36,1.03
2017-04-25,A,18858.4,1.03
2017-04-26,A,18859.44,1.03
2017-04-27,A,18860.48,1.03
2017-04-28,A,18861.52,1.03
2017-04-29,A,18862.55,1.03
2017-04-30,A,18863.59,1.03
2017-05-01,A,18864.63,1.03
2017-05-02,A,18865.67,1.03
2017-05-03,A,18866.71,1.03
2017-05-04,A,18867.75,1.03
2017-05-05,A,18868.79,1.03
2017-05-06,A,18869.83,1.03
2017-05-07,A,18870.87,1.03
2017-05-08,A,18871.9,1.03
2017-05-09,A,18872.94,1.03
2017-05-10,A,18873.98,1.03
2017-05-11,A,18875.02,1.03
2017-05-12,A,18876.06,1.03
2017-05-13,A,18877.1,1.03
2017-05-14,A,18878.14,1.03
2017-05-15,A,18879.18,1.03
2017-05-16,A,18880.22,1.03
2017-05-17,A,18881.26,1.03
2017-05-18,A,18882.3,1.03
2017-05-19,A,18883.34,1.03
2017-05-20,A,18884.38,1.03
2017-05-21,A,18885.42,1.03
2017-05-22,A,18886.46,1.03
2017-05-23,A,18887.5,1.03
2017-05-24,A,18888.54,1.03
2017-05-25,A,18889.58,1.03
2017-05-26,A,18890.62,1.04
2017-05-27,A,18891.66,1.04
2017-05-28,A,18892.7,1.04
2017-05-29,A,18893.74,1.04
2017-05-30,A,18894.78,1.04
2017-05-31,A,18895.82,1.04
2017-06-01,A,18896.86,1.04
2017-06-02,A,18897.9,1.04
2017-06-03,A,18898.94,1.04
2017-06-04,A,18899.98,1.04
2017-06-05,A,18901.03,1.04
2017-06-06,A,18902.07,1.04
2017-06-07,A,18903.11,1.04
2017-06-08,A,18904.15,1.04
2017-06-09,A,18905.19,1.04
2017-06-10,A,18906.23,1.04
2017-06-11,A,18907.27,1.04
2017-06-12,A,18908.31,1.04
2017-06-13,A,18909.35,1.04
2017-06-14,A,18910.39,1.04
2017-06-15,A,18911.44,1.04
2017-06-16,A,18912.48,1.04
2017-06-17,A,18913.52,1.04
2017-06-18,A,18914.56,1.04
2017-06-19,A,18915.6,1.04
2017-06-20,A,18916.64,1.04
2017-06-21,A,18917.69,1.04
2017-06-22,A,18918.73,1.04
2017-06-23,A,18919.77,1.04
2017-06-24,A,18920.81,1.04
2017-06-25,A,18921.85,1.04
2017-06-26,A,18922.9,1.04
2017-06-27,A,18923.94,1.04
2017-06-28,A,18924.98,1.04
2017-06-29,A,18926.02,1.04
2017-06-30,A,18927.06,1.04
2017-07-01,A,18928.11,1.04
2017-07-02,A,18929.15,1.04
2017-07-03,A,18930.19,1.04
2017-07-04,A,18931.23,1.04
2017-07-05,A,18932.28,1.04
2017-07-06,A,18933.32,1.04
2017-07-07,A,18934.36,1.04
2017-07-08,A,18935.4,1.04
2017-07-09,A,18936.45,1.04
2017-07-10,A,18937.49,1.04
2017-07-11,A,18938.53,1.04
2017-07-12,A,18939.57,1.04
2017-07-13,A,18940.62,1.04
2017-07-14,A,18941.66,1.04
2017-07-15,A,18942.7,1.04
2017-07-16,A,18943.75,1.04
2017-07-17,A,18944.79,1.04
2017-07-18,A,18945.83,1.04
2017-07-19,A,18946.88,1.04
2017-07-20,A,18947.92,1.04
2017-07-21,A,18948.96,1.04
2017-07-22,A,18950.01,1.04
2017-07-23,A,18951.05,1.04
2017-07-24,A,18952.09,1.04
2017-07-25,A,18953.14,1.04
2017-07-26,A,18954.18,1.04
2017-07-27,A,18955.23,1.04
2017-07-28,A,18956.27,1.04
2017-07-29,A,18957.31,1.04
2017-07-30,A,18958.36,1.04
2017-07-31,A,18959.4,1.04
2017-08-01,A,18960.45,1.04
2017-08-02,A,18961.49,1.04
2017-08-03,A,18962.53,1.04
2017-08-04,A,18963.58,1.04
2017-08-05,A,18964.62,1.04
2017-08-06,A,18965.67,1.04
2017-08-07,A,18966.71,1.04
2017-08-08,A,18967.76,1.04
2017-08-09,A,18968.8,1.04
2017-08-10,A,18969.84,1.04
2017-08-11,A,18970.89,1.04
2017-08-12,A,18971.93,1.04
2017-08-13,A,18972.98,1.04
2017-08-14,A,18974.02,1.04
2017-08-15,A,18975.07,1.04
2017-08-16,A,18976.11,1.04
2017-08-17,A,18977.16,1.04
2017-08-18,A,18978.2,1.04
2017-08-19,A,18979.25,1.04
2017-08-20,A,18980.29,1.04
2017-08-21,A,18981.34,1.04
2017-08-22,A,18982.38,1.04
2017-08-23,A,18983.43,1.04
2017-08-24,A,18984.47,1.04
2017-08-25,A,18985.52,1.04
2017-08-26,A,18986.57,1.04
2017-08-27,A,18987.61,1.04
2017-08-28,A,18988.66,1.04
2017-08-29,A,18989.7,1.04
2017-08-30,A,18990.75,1.04
2017-08-31,A,18991.79,1.04
2017-09-01,A,18992.84,1.04
2017-09-02,A,18993.89,1.04
2017-09-03,A,18994.93,1.04
2017-09-04,A,18995.98,1.04
2017-09-05,A,18997.02,1.04
2017-09-06,A,18998.07,1.04
2017-09-07,A,18999.12,1.04
2017-09-08,A,19000.16,1.04
2017-09-09,A,19001.21,1.04
2017-09-10,A,19002.26,1.04
2017-09-11,A,19003.3,1.04
2017-09-12,A,19004.35,1.04
2017-09-13,A,19005.39,1.04
2017-09-14,A,19006.44,1.04
2017-09-15,A,19007.49,1.04
2017-09-16,A,19008.53,1.04
2017-09-17,A,19009.58,1.04
2017-09-18,A,19010.63,1.04
2017-09-19,A,19011.68,1.04
2017-09-20,A,19012.72,1.04
2017-09-21,A,19013.77,1.04
2017-09-22,A,19014.82,1.04
2017-09-23,A,19015.86,1.04
2017-09-24,A,19016.91,1.04
2017-09-25,A,19017.96,1.04
2017-09-26,A,19019.0,1.04
2017-09-27,A,19020.05,1.04
2017-09-28,A,19021.1,1.04
2017-09-29,A,19022.15,1.04
2017-09-30,A,19023.19,1.04
2017-10-01,A,19024.24,1.04
2017-10-02,A,19025.29,1.04
2017-10-03,A,19026.34,1.04
2017-10-04,A,19027.39,1.04
2017-10-05,A,19028.43,1.04
2017-10-06,A,19029.48,1.04
2017-10-07,A,19030.53,1.04
2017-10-08,A,19031.58,1.04
2017-10-09,A,19032.62,1.04
2017-10-10,A,19033.67,1.04
2017-10-11,A,19034.72,1.04
2017-10-12,A,19035.77,1.04
2017-10-13,A,19036.82,1.04
2017-10-14,A,19037.87,1.04
2017-10-15,A,19038.91,1.04
2017-10-16,A,19039.96,1.04
2017-10-17,A,19041.01,1.04
2017-10-18,A,19042.06,1.04
2017-10-19,A,19043.11,1.04
2017-10-20,A,19044.16,1.04
2017-10-21,A,19045.21,1.04
2017-10-22,A,19046.25,1.04
2017-10-23,A,19047.3,1.04
2017-10-24,A,19048.35,1.04
2017-10-25,A,19049.4,1.04
2017-10-26,A,19050.45,1.04
2017-10-27,A,19051.5,1.04
2017-10-28,A,19052.55,1.04
2017-10-29,A,19053.6,1.04
2017-10-30,A,19054.65,1.04
2017-10-31,A,19055.7,1.04
2017-11-01,A,19056.75,1.04
2017-11-02,A,19057.8,1.04
2017-11-03,A,19058.84,1.04
2017-11-04,A,19059.89,1.04
2017-11-05,A,19060.94,1.04
2017-11-06,A,19061.99,1.04
2017-11-07,A,19063.04,1.04
2017-11-08,A,19064.09,1.04
2017-11-09,A,19065.14,1.04
2017-11-10,A,19066.19,1.04
2017-11-11,A,19067.24,1.04
2017-11-12,A,19068.29,1.04
2017-11-13,A,19069.34,1.04
2017-11-14,A,19070.39,1.04
2017-11-15,A,19071.44,1.04
2017-11-16,A,19072.49,1.05
2017-11-17,A,19073.54,1.05
2017-11-18,A,19074.59,1.05
2017-11-19,A,19075.64,1.05
2017-11-20,A,19076.69,1.05
2017-11-21,A,19077.75,1.05
2017-11-22,A,19078.8,1.05
2017-11-23,A,19079.85,1.05
2017-11-24,A,19080.9,1.05
2017-11-25,A,19081.95,1.05
2017-11-26,A,19083.0,1.05
2017-11-27,A,19084.05,1.05
2017-11-28,A,19085.1,1.05
2017-11-29,A,19086.15,1.05
2017-11-30,A,19087.2,1.05
2017-12-01,A,19088.25,1.05
2017-12-02,A,19089.3,1.05
2017-12-03,A,19090.36,1.05
2017-12-04,A,19091.41,1.05
2017-12-05,A,19092.46,1.05
2017-12-06,A,19093.51,1.05
2017-12-07,A,19094.56,1.05
2017-12-08,A,19095.61,1.05
2017-12-09,A,19096.66,1.05
2017-12-10,A,19097.72,1.05
2017-12-11,A,19098.77,1.05
2017-12-12,A,19099.82,1.05
2017-12-13,A,19100.87,1.05
2017-12-14,A,19101.92,1.05
2017-12-15,A,19102.98,1.05
2017-12-16,A,19104.03,1.05
2017-12-17,A,19105.08,1.05
2017-12-18,A,19106.13,1.05
2017-12-19,A,19107.18,1.05
2017-12-20,A,19108.24,1.05
2017-12-21,A,19109.29,1.05
2017-12-22,A,19110.34,1.05
2017-12-23,A,19111.39,1.05
2017-12-24,A,19112.45,1.05
2017-12-25,A,19113.5,1.05
2017-12-26,A,19114.55,1.05
2017-12-27,A,19115.6,1.05
2017-12-28,A,19116.66,1.05
2017-12-29,A,19117.71,1.05
2017-12-30,A,19118.76,1.05
2017-12-31,A,19119.81,1.05
2018-01-01,A,19120.87,1.05
2018-01-02,A,19121.92,1.05
2018-01-03,A,19122.97,1.05
2018-01-04,A,19124.03,1.05
2018-01-05,A,19125.08,1.05
2018-01-06,A,19126.13,1.05
2018-01-07,A,19127.19,1.05
2018-01-08,A,19128.24,1.05
2018-01-09,A,19129.29,1.05
2018-01-10,A,19130.35,1.05
2018-01-11,A,19131.4,1.05
2018-01-12,A,19132.45,1.05
2018-01-13,A,19133.51,1.05
2018-01-14,A,19134.56,1.05
2018-01-15,A,19135.61,1.05
2018-01-16,A,19136.67,1.05
2018-01-17,A,19137.72,1.05
2018-01-18,A,19138.77,1.05
2018-01-19,A,19139.83,1.05
2018-01-20,A,19140.88,1.05
2018-01-21,A,19141.94,1.05
2018-01-22,A,19142.99,1.05
2018-01-23,A,19144.05,1.05
2018-01-24,A,19145.1,1.05
2018-01-25,A,19146.15,1.05
2018-01-26,A,19147.21,1.05
2018-01-27,A,19148.26,1.05
2018-01-28,A,19149.32,1.05
2018-01-29,A,19150.37,1.05
2018-01-30,A,19151.43,1.05
2018-01-31,A,19152.48,1.05
2018-02-01,A,19153.54,1.05
2018-02-02,A,19154.59,1.05
2018-02-03,A,19155.64,1.05
2018-02-04,A,19156.7,1.05
2018-02-05,A,19157.75,1.05
2018-02-06,A,19158.81,1.05
2018-02-07,A,19159.86,1.05
2018-02-08,A,19160.92,1.05
2018-02-09,A,19161.97,1.05
2018-02-10,A,19163.03,1.05
2018-02-11,A,19164.09,1.05
2018-02-12,A,19165.14,1.05
2018-02-13,A,19166.2,1.05
2018-02-14,A,19167.25,1.05
2018-02-15,A,19168.31,1.05
2018-02-16,A,19169.36,1.05
2018-02-17,A,19170.42,1.05
2018-02-18,A,19171.47,1.05
2018-02-19,A,19172.53,1.05
2018-02-20,A,19173.59,1.05
2018-02-21,A,19174.64,1.05
2018-02-22,A,19175.7,1.05
2018-02-23,A,19176.75,1.05
2018-02-24,A,19177.81,1.05
2018-02-25,A,19178.87,1.05
2018-02-26,A,19179.92,1.05
2018-02-27,A,19180.98,1.05
2018-02-28,A,19182.03,1.05
2018-03-01,A,19183.09,1.05
2018-03-02,A,19184.15,1.05
2018-03-03,A,19185.2,1.05
2018-03-04,A,19186.26,1.05
2018-03-05,A,19187.32,1.05
2018-03-06,A,19188.37,1.05
2018-03-07,A,19189.43,1.05
2018-03-08,A,19190.49,1.05
2018-03-09,A,19191.54,1.05
2018-03-10,A,19192.6,1.05
2018-03-11,A,19193.66,1.05
2018-03-12,A,19194.71,1.05
2018-03-13,A,19195.77,1.05
2018-03-14,A,19196.83,1.05
2018-03-15,A,19197.89,1.05
2018-03-16,A,19198.94,1.05
2018-03-17,A,19200.0,1.05
2018-03-18,A,19201.06,1.05
2018-03-19,A,19202.11,1.05
2018-03-20,A,19203.17,1.05
2018-03-21,A,19204.23,1.05
2018-03-22,A,19205.29,1.05
2018-03-23,A,19206.34,1.05
2018-03-24,A,19207.4,1.05
2018-03-25,A,19208.46,1.05
2018-03-26,A,19209.52,1.05
2018-03-27,A,19210.58,1.05
2018-03-28,A,19211.63,1.05
2018-03-29,A,19212.69,1.05
2018-03-30,A,19213.75,1.05
2018-03-31,A,19214.81,1.05
2018-04-01,A,19215.87,1.05
2018-04-02,A,19216.92,1.05
2018-04-03,A,19217.98,1.05
2018-04-04,A,19219.04,1.05
2018-04-05,A,19220.1,1.05
2018-04-06,A,19221.16,1.05
2018-04-07,A,19222.22,1.05
2018-04-08,A,19223.27,1.05
2018-04-09,A,19224.33,1.05
2018-04-10,A,19225.39,1.05
2018-04-11,A,19226.45,1.05
2018-04-12,A,19227.51,1.05
2018-04-13,A,19228.57,1.05
2018-04-14,A,19229.63,1.05
2018-04-15,A,19230.69,1.05
2018-04-16,A,19231.74,1.05
2018-04-17,A,19232.8,1.05
2018-04-18,A,19233.86,1.05
2018-04-19,A,19234.92,1.05
2018-04-20,A,19235.98,1.05
2018-04-21,A,19237.04,1.05
2018-04-22,A,19238.1,1.05
2018-04-23,A,19239.16,1.05
2018-04-24,A,19240.22,1.05
2018-04-25,A,19241.28,1.05
2018-04-26,A,19242.34,1.05
2018-04-27,A,19243.4,1.05
2018-04-28,A,19244.46,1.05
2018-04-29,A,19245.52,1.05
2018-04-30,A,19246.58,1.05
2018-05-01,A,19247.64,1.05
2018-05-02,A,19248.7,1.05
2018-05-03,A,19249.76,1.05
2018-05-04,A,19250.82,1.05
2018-05-05,A,19251.88,1.05
2018-05-06,A,19252.94,1.05
2018-05-07,A,19254.0,1.05
2018-05-08,A,19255.06,1.06
2018-05-09,A,19256.12,1.06
2018-05-10,A,19257.18,1.06
2018-05-11,A,19258.24,1.06
2018-05-12,A,19259.3,1.06
2018-05-13,A,19260.36,1.06
2018-05-14,A,19261.42,1.06
2018-05-15,A,19262.48,1.06
2018-05-16,A,19263.54,1.06
2018-05-17,A,19264.6,1.06
2018-05-18,A,19265.66,1.06
2018-05-19,A,19266.72,1.06
2018-05-20,A,19267.79,1.06
2018-05-21,A,19268.85,1.06
2018-05-22,A,19269.91,1.06
2018-05-23,A,19270.97,1.06
2018-05-24,A,19272.03,1.06
2018-05-25,A,19273.09,1.06
2018-05-26,A,19274.15,1.06
2018-05-27,A,19275.21,1.06
2018-05-28,A,19276.28,1.06
2018-05-29,A,19277.34,1.06
2018-05-30,A,19278.4,1.06
2018-05-31,A,19279.46,1.06
2018-06-01,A,19280.52,1.06
2018-06-02,A,19281.58,1.06
2018-06-03,A,19282.65,1.06
2018-06-04,A,19283.71,1.06
2018-06-05,A,19284.77,1.06
2018-06-06,A,19285.83,1.06
2018-06-07,A,19286.89,1.06
2018-06-08,A,19287.96,1.06
2018-06-09,A,19289.02,1.06
2018-06-10,A,19290.08,1.06
2018-06-11,A,19291.14,1.06
2018-06-12,A,19292.2,1.06
2018-06-13,A,19293.27,1.06
2018-06-14,A,19294.33,1.06
2018-06-15,A,19295.39,1.06
2018-06-16,A,19296.45,1.06
2018-06-17,A,19297.52,1.06
2018-06-18,A,19298.58,1.06
2018-06-19,A,19299.64,1.06
2018-06-20,A,19300.7,1.06
2018-06-21,A,19301.77,1.06
2018-06-22,A,19302.83,1.06
2018-06-23,A,19303.89,1.06
2018-06-24,A,19304.96,1.06
2018-06-25,A,19306.02,1.06
2018-06-26,A,19307.08,1.06
2018-06-27,A,19308.15,1.06
2018-06-28,A,19309.21,1.06
2018-06-29,A,19310.27,1.06
2018-06-30,A,19311.34,1.06
2018-07-01,A,19312.4,1.06
2018-07-02,A,19313.46,1.06
2018-07-03,A,19314.53,1.06
2018-07-04,A,19315.59,1.06
2018-07-05,A,19316.65,1.06
2018-07-06,A,19317.72,1.06
2018-07-07,A,19318.78,1.06
2018-07-08,A,19319.85,1.06
2018-07-09,A,19320.91,1.06
2018-07-10,A,19321.97,1.06
2018-07-11,A,19323.04,1.06
2018-07-12,A,19324.1,1.06
2018-07-13,A,19325.17,1.06
2018-07-14,A,19326.23,1.06
2018-07-15,A,19327.29,1.06
2018-07-16,A,19328.36,1.06
2018-07-17,A,19329.42,1.06
2018-07-18,A,19330.49,1.06
2018-07-19,A,19331.55,1.06
2018-07-20,A,19332.62,1.06
2018-07-21,A,19333.68,1.06
2018-07-22,A,19334.75,1.06
2018-07-23,A,19335.81,1.06
2018-07-24,A,19336.88,1.06
2018-07-25,A,19337.94,1.06
2018-07-26,A,19339.0,1.06
2018-07-27,A,19340.07,1.06
2018-07-28,A,19341.13,1.06
2018-07-29,A,19342.2,1.06
2018-07-30,A,19343.27,1.06
2018-07-31,A,19344.33,1.06
2018-08-01,A,19345.4,1.06
2018-08-02,A,19346.46,1.06
2018-08-03,A,19347.53,1.06
2018-08-04,A,19348.59,1.06
2018-08-05,A,19349.66,1.06
2018-08-06,A,19350.72,1.06
2018-08-07,A,19351.79,1.06
2018-08-08,A,19352.85,1.06
2018-08-09,A,19353.92,1.06
2018-08-10,A,19354.99,1.06
2018-08-11,A,19356.05,1.06
2018-08-12,A,19357.12,1.06
2018-08-13,A,19358.18,1.06
2018-08-14,A,19359.25,1.06
2018-08-15,A,19360.32,1.06
2018-08-16,A,19361.38,1.06
2018-08-17,A,19362.45,1.06
2018-08-18,A,19363.51,1.06
2018-08-19,A,19364.58,1.06
2018-08-20,A,19365.65,1.06
2018-08-21,A,19366.71,1.06
2018-08-22,A,19367.78,1.06
2018-08-23,A,19368.85,1.06
2018-08-24,A,19369.91,1.06
2018-08-25,A,19370.98,1.06
2018-08-26,A,19372.05,1.06
2018-08-27,A,19373.11,1.06
2018-08-28,A,19374.18,1.06
2018-08-29,A,19375.25,1.06
2018-08-30,A,19376.31,1.06
2018-08-31,A,19377.38,1.06
2018-09-01,A,19378.45,1.06
2018-09-02,A,19379.51,1.06
2018-09-03,A,19380.58,1.06
2018-09-04,A,19381.65,1.06
2018-09-05,A,19382.72,1.06
2018-09-06,A,19383.78,1.06
2018-09-07,A,19384.85,1.06
2018-09-08,A,19385.92,1.06
2018-09-09,A,19386.99,1.06
2018-09-10,A,19388.05,1.06
2018-09-11,A,19389.12,1.06
2018-09-12,A,19390.19,1.06
2018-09-13,A,19391.26,1.06
2018-09-14,A,19392.33,1.06
2018-09-15,A,19393.39,1.06
2018-09-16,A,19394.46,1.06
2018-09-17,A,19395.53,1.06
2018-09-18,A,19396.6,1.06
2018-09-19,A,19397.67,1.06
2018-09-20,A,19398.73,1.06
2018-09-21,A,19399.8,1.06
2018-09-22,A,19400.87,1.06
2018-09-23,A,19401.94,1.06
2018-09-24,A,19403.01,1.06
2018-09-25,A,19404.08,1.06
2018-09-26,A,19405.14,1.06
2018-09-27,A,19406.21,1.06
2018-09-28,A,19407.28,1.06
2018-09-29,A,19408.35,1.06
2018-09-30,A,19409.42,1.06
2018-10-01,A,19410.49,1.06
2018-10-02,A,19411.56,1.06
2018-10-03,A,19412.63,1.06
2018-10-04,A,19413.69,1.06
2018-10-05,A,19414.76,1.06
2018-10-06,A,19415.83,1.06
2018-10-07,A,19416.9,1.06
2018-10-08,A,19417.97,1.06
2018-10-09,A,19419.04,1.06
2018-10-10,A,19420.11,1.06
2018-10-11,A,19421.18,1.06
2018-10-12,A,19422.25,1.06
2018-10-13,A,19423.32,1.06
2018-10-14,A,19424.39,1.06
2018-10-15,A,19425.46,1.06
2018-10-16,A,19426.53,1.06
2018-10-17,A,19427.6,1.06
2018-10-18,A,19428.67,1.06
2018-10-19,A,19429.74,1.06
2018-10-20,A,19430.81,1.06
2018-10-21,A,19431.88,1.06
2018-10-22,A,19432.95,1.06
2018-10-23,A,19434.02,1.06
2018-10-24,A,19435.09,1.06
2018-10-25,A,19436.16,1.06
2018-10-26,A,19437.23,1.06
2018-10-27,A,19438.3,1.07
2018-10-28,A,19439.37,1.07
2018-10-29,A,19440.44,1.07
2018-10-30,A,19441.51,1.07
2018-10-31,A,19442.58,1.07
2018-11-01,A,19443.65,1.07
2018-11-02,A,19444.72,1.07
2018-11-03,A,19445.79,1.07
2018-11-04,A,19446.86,1.07
2018-11-05,A,19447.93,1.07
2018-11-06,A,19449.01,1.07
2018-11-07,A,19450.08,1.07
2018-11-08,A,19451.15,1.07
2018-11-09,A,19452.22,1.07
2018-11-10,A,19453.29,1.07
2018-11-11,A,19454.36,1.07
2018-11-12,A,19455.43,1.07
2018-11-13,A,19456.5,1.07
2018-11-14,A,19457.58,1.07
2018-11-15,A,19458.65,1.07
2018-11-16,A,19459.72,1.07
2018-11-17,A,19460.79,1.07
2018-11-18,A,19461.86,1.07
2018-11-19,A,19462.93,1.07
2018-11-20,A,19464.01,1.07
2018-11-21,A,19465.08,1.07
2018-11-22,A,19466.15,1.07
2018-11-23,A,19467.22,1.07
2018-11-24,A,19468.29,1.07
2018-11-25,A,19469.36,1.07
2018-11-26,A,19470.44,1.07
2018-11-27,A,19471.51,1.07
2018-11-28,A,19472.58,1.07
2018-11-29,A,19473.65,1.07
2018-11-30,A,19474.73,1.07
2018-12-01,A,19475.8,1.07
2018-12-02,A,19476.87,1.07
2018-12-03,A,19477.94,1.07
2018-12-04,A,19479.02,1.07
2018-12-05,A,19480.09,1.07
2018-12-06,A,19481.16,1.07
2018-12-07,A,19482.23,1.07
2018-12-08,A,19483.31,1.07
2018-12-09,A,19484.38,1.07
2018-12-10,A,19485.45,1.07
2018-12-11,A,19486.53,1.07
2018-12-12,A,19487.6,1.07
2018-12-13,A,19488.67,1.07
2018-12-14,A,19489.75,1.07
2018-12-15,A,19490.82,1.07
2018-12-16,A,19491.89,1.07
2018-12-17,A,19492.97,1.07
2018-12-18,A,19494.04,1.07
2018-12-19,A,19495.11,1.07
2018-12-20,A,19496.19,1.07
2018-12-21,A,19497.26,1.07
2018-12-22,A,19498.33,1.07
2018-12-23,A,19499.41,1.07
2018-12-24,A,19500.48,1.07
2018-12-25,A,19501.56,1.07
2018-12-26,A,19502.63,1.07
2018-12-27,A,19503.7,1.07
2018-12-28,A,19504.78,1.07
2018-12-29,A,19505.85,1.07
2018-12-30,A,19506.93,1.07
2018-12-31,A,19508.0,1.07
2019-01-01,A,19509.07,1.07
2019-01-02,A,19510.15,1.07
2019-01-03,A,19511.22,1.07
2019-01-04,A,19512.3,1.07
2019-01-05,A,19513.37,1.07
2019-01-06,A,19514.45,1.07
2019-01-07,A,19515.52,1.07
2019-01-08,A,19516.6,1.07
2019-01-09,A,19517.67,1.07
2019-01-10,A,19518.74,1.07
2019-01-11,A,19519.82,1.07
2019-01-12,A,19520.89,1.07
2019-01-13,A,19521.97,1.07
2019-01-14,A,19523.04,1.07
2019-01-15,A,19524.12,1.07
2019-01-16,A,19525.2,1.07
2019-01-17,A,19526.27,1.07
2019-01-18,A,19527.35,1.07
2019-01-19,A,19528.42,1.07
2019-01-20,A,19529.5,1.07
2019-01-21,A,19530.57,1.07
2019-01-22,A,19531.65,1.07
2019-01-23,A,19532.72,1.07
2019-01-24,A,19533.8,1.07
2019-01-25,A,19534.87,1.07
2019-01-26,A,19535.95,1.07
2019-01-27,A,19537.03,1.07
2019-01-28,A,19538.1,1.07
2019-01-29,A,19539.18,1.07
2019-01-30,A,19540.25,1.07
2019-01-31,A,19541.33,1.07
2019-02-01,A,19542.41,1.07
2019-02-02,A,19543.48,1.07
2019-02-03,A,19544.56,1.07
2019-02-04,A,19545.63,1.07
2019-02-05,A,19546.71,1.07
2019-02-06,A,19547.79,1.07
2019-02-07,A,19548.86,1.07
2019-02-08,A,19549.94,1.07
2019-02-09,A,19551.02,1.07
2019-02-10,A,19552.09,1.07
2019-02-11,A,19553.17,1.07
2019-02-12,A,19554.25,1.07
2019-02-13,A,19555.32,1.07
2019-02-14,A,19556.4,1.07
2019-02-15,A,19557.48,1.07
2019-02-16,A,19558.55,1.07
2019-02-17,A,19559.63,1.07
2019-02-18,A,19560.71,1.07
2019-02-19,A,19561.79,1.07
2019-02-20,A,19562.86,1.07
2019-02-21,A,19563.94,1.07
2019-02-22,A,19565.02,1.07
2019-02-23,A,19566.1,1.07
2019-02-24,A,19567.17,1.07
2019-02-25,A,19568.25,1.07
2019-02-26,A,19569.33,1.07
2019-02-27,A,19570.41,1.07
2019-02-28,A,19571.48,1.07
2019-03-01,A,19572.56,1.07
2019-03-02,A,19573.64,1.07
2019-03-03,A,19574.72,1.07
2019-03-04,A,19575.79,1.07
2019-03-05,A,19576.87,1.07
2019-03-06,A,19577.95,1.07
2019-03-07,A,19579.03,1.07
2019-03-08,A,19580.11,1.07
2019-03-09,A,19581.19,1.07
2019-03-10,A,19582.26,1.07
2019-03-11,A,19583.34,1.07
2019-03-12,A,19584.42,1.07
2019-03-13,A,19585.5,1.07
2019-03-14,A,19586.58,1.07
2019-03-15,A,19587.66,1.07
2019-03-16,A,19588.73,1.07
2019-03-17,A,19589.81,1.07
2019-03-18,A,19590.89,1.07
2019-03-19,A,19591.97,1.07
2019-03-20,A,19593.05,1.07
2019-03-21,A,19594.13,1.07
2019-03-22,A,19595.21,1.07
2019-03-23,A,19596.29,1.07
2019-03-24,A,19597.37,1.07
2019-03-25,A,19598.45,1.07
2019-03-26,A,19599.52,1.07
2019-03-27,A,19600.6,1.07
2019-03-28,A,19601.68,1.07
2019-03-29,A,19602.76,1.07
2019-03-30,A,19603.84,1.07
2019-03-31,A,19604.92,1.07
2019-04-01,A,19606.0,1.07
2019-04-02,A,19607.08,1.07
2019-04-03,A,19608.16,1.07
2019-04-04,A,19609.24,1.07
2019-04-05,A,19610.32,1.07
2019-04-06,A,19611.4,1.07
2019-04-07,A,19612.48,1.07
2019-04-08,A,19613.56,1.07
2019-04-09,A,19614.64,1.07
2019-04-10,A,19615.72,1.07
2019-04-11,A,19616.8,1.07
2019-04-12,A,19617.88,1.07
2019-04-13,A,19618.96,1.07
2019-04-14,A,19620.04,1.08
2019-04-15,A,19621.12,1.08
2019-04-16,A,19622.2,1.08
2019-04-17,A,19623.28,1.08
2019-04-18,A,19624.36,1.08
2019-04-19,A,19625.44,1.08
2019-04-20,A,19626.53,1.08
2019-04-21,A,19627.61,1.08
2019-04-22,A,19628.69,1.08
2019-04-23,A,19629.77,1.08
2019-04-24,A,19630.85,1.08
2019-04-25,A,19631.93,1.08
2019-04-26,A,19633.01,1.08
2019-04-27,A,19634.09,1.08
2019-04-28,A,19635.17,1.08
2019-04-29,A,19636.25,1.08
2019-04-30,A,19637.34,1.08
2019-05-01,A,19638.42,1.08
2019-05-02,A,19639.5,1.08
2019-05-03,A,19640.58,1.08
2019-05-04,A,19641.66,1.08
2019-05-05,A,19642.74,1.08
2019-05-06,A,19643.83,1.08
2019-05-07,A,19644.91,1.08
2019-05-08,A,19645.99,1.08
2019-05-09,A,19647.07,1.08
2019-05-10,A,19648.15,1.08
2019-05-11,A,19649.23,1.08
2019-05-12,A,19650.32,1.08
2019-05-13,A,19651.4,1.08
2019-05-14,A,19652.48,1.08
2019-05-15,A,19653.56,1.08
2019-05-16,A,19654.65,1.08
2019-05-17,A,19655.73,1.08
2019-05-18,A,19656.81,1.08
2019-05-19,A,19657.89,1.08
2019-05-20,A,19658.98,1.08
2019-05-21,A,19660.06,1.08
2019-05-22,A,19661.14,1.08
2019-05-23,A,19662.22,1.08
2019-05-24,A,19663.31,1.08
2019-05-25,A,19664.39,1.08
2019-05-26,A,19665.47,1.08
2019-05-27,A,19666.55,1.08
2019-05-28,A,19667.64,1.08
2019-05-29,A,19668.72,1.08
2019-05-30,A,19669.8,1.08
2019-05-31,A,19670.89,1.08
2019-06-01,A,19671.97,1.08
2019-06-02,A,19673.05,1.08
2019-06-03,A,19674.14,1.08
2019-06-04,A,19675.22,1.08
2019-06-05,A,19676.3,1.08
2019-06-06,A,19677.39,1.08
2019-06-07,A,19678.47,1.08
2019-06-08,A,19679.55,1.08
2019-06-09,A,19680.64,1.08
2019-06-10,A,19681.72,1.08
2019-06-11,A,19682.81,1.08
2019-06-12,A,19683.89,1.08
2019-06-13,A,19684.97,1.08
2019-06-14,A,19686.06,1.08
2019-06-15,A,19687.14,1.08
2019-06-16,A,19688.23,1.08
2019-06-17,A,19689.31,1.08
2019-06-18,A,19690.39,1.08
2019-06-19,A,19691.48,1.08
2019-06-20,A,19692.56,1.08
2019-06-21,A,19693.65,1.08
2019-06-22,A,19694.73,1.08
2019-06-23,A,19695.82,1.08
2019-06-24,A,19696.9,1.08
2019-06-25,A,19697.99,1.08
2019-06-26,A,19699.07,1.08
2019-06-27,A,19700.16,1.08
2019-06-28,A,19701.24,1.08
2019-06-29,A,19702.33,1.08
2019-06-30,A,19703.41,1.08
2019-07-01,A,19704.5,1.08
2019-07-02,A,19705.58,1.08
2019-07-03,A,19706.67,1.08
2019-07-04,A,19707.75,1.08
2019-07-05,A,19708.84,1.08
2019-07-06,A,19709.92,1.08
2019-07-07,A,19711.01,1.08
2019-07-08,A,19712.09,1.08
2019-07-09,A,19713.18,1.08
2019-07-10,A,19714.26,1.08
2019-07-11,A,19715.35,1.08
2019-07-12,A,19716.43,1.08
2019-07-13,A,19717.52,1.08
2019-07-14,A,19718.61,1.08
2019-07-15,A,19719.69,1.08
2019-07-16,A,19720.78,1.08
2019-07-17,A,19721.86,1.08
2019-07-18,A,19722.95,1.08
2019-07-19,A,19724.04,1.08
2019-07-20,A,19725.12,1.08
2019-07-21,A,19726.21,1.08
2019-07-22,A,19727.29,1.08
2019-07-23,A,19728.38,1.08
2019-07-24,A,19729.47,1.08
2019-07-25,A,19730.55,1.08
2019-07-26,A,19731.64,1.08
2019-07-27,A,19732.73,1.08
2019-07-28,A,19733.81,1.08
2019-07-29,A,19734.9,1.08
2019-07-30,A,19735.99,1.08
2019-07-31,A,19737.07,1.08
2019-08-01,A,19738.16,1.08
2019-08-02,A,19739.25,1.08
2019-08-03,A,19740.34,1.08
2019-08-04,A,19741.42,1.08
2019-08-05,A,19742.51,1.08
2019-08-06,A,19743.6,1.08
2019-08-07,A,19744.68,1.08
2019-08-08,A,19745.77,1.08
2019-08-09,A,19746.86,1.08
2019-08-10,A,19747.95,1.08
2019-08-11,A,19749.03,1.08
2019-08-12,A,19750.12,1.08
2019-08-13,A,19751.21,1.08
2019-08-14,A,19752.3,1.08
2019-08-15,A,19753.38,1.08
2019-08-16,A,19754.47,1.08
2019-08-17,A,19755.56,1.08
2019-08-18,A,19756.65,1.08
2019-08-19,A,19757.74,1.08
2019-08-20,A,19758.82,1.08
2019-08-21,A,19759.91,1.08
2019-08-22,A,19761.0,1.08
2019-08-23,A,19762.09,1.08
2019-08-24,A,19763.18,1.08
2019-08-25,A,19764.26,1.08
2019-08-26,A,19765.35,1.08
2019-08-27,A,19766.44,1.08
2019-08-28,A,19767.53,1.08
2019-08-29,A,19768.62,1.08
2019-08-30,A,19769.71,1.08
2019-08-31,A,19770.8,1.08
2019-09-01,A,19771.88,1.08
2019-09-02,A,19772.97,1.08
2019-09-03,A,19774.06,1.08
2019-09-04,A,19775.15,1.08
2019-09-05,A,19776.24,1.08
2019-09-06,A,19777.33,1.08
2019-09-07,A,19778.42,1.08
2019-09-08,A,19779.51,1.08
2019-09-09,A,19780.6,1.08
2019-09-10,A,19781.69,1.08
2019-09-11,A,19782.78,1.08
2019-09-12,A,19783.86,1.08
2019-09-13,A,19784.95,1.08
2019-09-14,A,19786.04,1.08
2019-09-15,A,19787.13,1.08
2019-09-16,A,19788.22,1.08
2019-09-17,A,19789.31,1.08
2019-09-18,A,19790.4,1.08
2019-09-19,A,19791.49,1.08
2019-09-20,A,19792.58,1.08
2019-09-21,A,19793.67,1.08
2019-09-22,A,19794.76,1.08
2019-09-23,A,19795.85,1.08
2019-09-24,A,19796.94,1.08
2019-09-25,A,19798.03,1.08
2019-09-26,A,19799.12,1.08
2019-09-27,A,19800.21,1.08
2019-09-28,A,19801.3,1.08
2019-09-29,A,19802.39,1.09
2019-09-30,A,19803.48,1.09
2019-10-01,A,19804.57,1.09
2019-10-02,A,19805.67,1.09
2019-10-03,A,19806.76,1.09
2019-10-04,A,19807.85,1.09
2019-10-05,A,19808.94,1.09
2019-10-06,A,19810.03,1.09
2019-10-07,A,19811.12,1.09
2019-10-08,A,19812.21,1.09
2019-10-09,A,19813.3,1.09
2019-10-10,A,19814.39,1.09
2019-10-11,A,19815.48,1.09
2019-10-12,A,19816.57,1.09
2019-10-13,A,19817.67,1.09
2019-10-14,A,19818.76,1.09
2019-10-15,A,19819.85,1.09
2019-10-16,A,19820.94,1.09
2019-10-17,A,19822.03,1.09
2019-10-18,A,19823.12,1.09
2019-10-19,A,19824.22,1.09
2019-10-20,A,19825.31,1.09
2019-10-21,A,19826.4,1.09
2019-10-22,A,19827.49,1.09
2019-10-23,A,19828.58,1.09
2019-10-24,A,19829.67,1.09
2019-10-25,A,19830.77,1.09
2019-10-26,A,19831.86,1.09
2019-10-27,A,19832.95,1.09
2019-10-28,A,19834.04,1.09
2019-10-29,A,19835.13,1.09
2019-10-30,A,19836.23,1.09
2019-10-31,A,19837.32,1.09
2019-11-01,A,19838.41,1.09
2019-11-02,A,19839.5,1.09
2019-11-03,A,19840.6,1.09
2019-11-04,A,19841.69,1.09
2019-11-05,A,19842.78,1.09
2019-11-06,A,19843.87,1.09
2019-11-07,A,19844.97,1.09
2019-11-08,A,19846.06,1.09
2019-11-09,A,19847.15,1.09
2019-11-10,A,19848.25,1.09
2019-11-11,A,19849.34,1.09
2019-11-12,A,19850.43,1.09
2019-11-13,A,19851.53,1.09
2019-11-14,A,19852.62,1.09
2019-11-15,A,19853.71,1.09
2019-11-16,A,19854.81,1.09
2019-11-17,A,19855.9,1.09
2019-11-18,A,19856.99,1.09
2019-11-19,A,19858.09,1.09
2019-11-20,A,19859.18,1.09
2019-11-21,A,19860.27,1.09
2019-11-22,A,19861.37,1.09
2019-11-23,A,19862.46,1.09
2019-11-24,A,19863.55,1.09
2019-11-25,A,19864.65,1.09
2019-11-26,A,19865.74,1.09
2019-11-27,A,19866.84,1.09
2019-11-28,A,19867.93,1.09
2019-11-29,A,19869.02,1.09
2019-11-30,A,19870.12,1.09
2019-12-01,A,19871.21,1.09
2019-12-02,A,19872.31,1.09
2019-12-03,A,19873.4,1.09
2019-12-04,A,19874.5,1.09
2019-12-05,A,19875.59,1.09
2019-12-06,A,19876.68,1.09
2019-12-07,A,19877.78,1.09
2019-12-08,A,19878.87,1.09
2019-12-09,A,19879.97,1.09
2019-12-10,A,19881.06,1.09
2019-12-11,A,19882.16,1.09
2019-12-12,A,19883.25,1.09
2019-12-13,A,19884.35,1.09
2019-12-14,A,19885.44,1.09
2019-12-15,A,19886.54,1.09
2019-12-16,A,19887.63,1.09
2019-12-17,A,19888.73,1.09
2019-12-18,A,19889.82,1.09
2019-12-19,A,19890.92,1.09
2019-12-20,A,19892.01,1.09
2019-12-21,A,19893.11,1.09
2019-12-22,A,19894.2,1.09
2019-12-23,A,19895.3,1.09
2019-12-24,A,19896.4,1.09
2019-12-25,A,19897.49,1.09
2019-12-26,A,19898.59,1.09
2019-12-27,A,19899.68,1.09
2019-12-28,A,19900.78,1.09
2019-12-29,A,19901.87,1.09
2019-12-30,A,19902.97,1.09
2019-12-31,A,19904.07,1.09
2020-01-01,A,19902.98,-1.09
2020-01-02,A,19901.9,-1.09
2020-01-03,A,19900.81,-1.09
2020-01-04,A,19899.73,-1.09
2020-01-05,A,19898.64,-1.09
2020-01-06,A,19897.56,-1.09
2020-01-07,A,19896.47,-1.09
2020-01-08,A,19895.39,-1.09
2020-01-09,A,19894.3,-1.09
2020-01-10,A,19893.22,-1.09
2020-01-11,A,19892.13,-1.09
2020-01-12,A,19891.05,-1.09
2020-01-13,A,19889.96,-1.09
2020-01-14,A,19888.88,-1.09
2020-01-15,A,19887.8,-1.09
2020-01-16,A,19886.71,-1.09
2020-01-17,A,19885.63,-1.09
2020-01-18,A,19884.54,-1.09
2020-01-19,A,19883.46,-1.09
2020-01-20,A,19882.37,-1.09
2020-01-21,A,19881.29,-1.09
2020-01-22,A,19880.21,-1.09
2020-01-23,A,19879.12,-1.09
2020-01-24,A,19878.04,-1.09
2020-01-25,A,19876.95,-1.09
2020-01-26,A,19875.87,-1.09
2020-01-27,A,19874.79,-1.09
2020-01-28,A,19873.7,-1.09
2020-01-29,A,19872.62,-1.09
2020-01-30,A,19871.54,-1.09
2020-01-31,A,19870.45,-1.09
2020-02-01,A,19869.37,-1.09
2020-02-02,A,19868.29,-1.09
2020-02-03,A,19867.2,-1.09
2020-02-04,A,19866.12,-1.09
2020-02-05,A,19865.04,-1.09
2020-02-06,A,19863.95,-1.09
2020-02-07,A,19862.87,-1.09
2020-02-08,A,19861.79,-1.09
2020-02-09,A,19860.71,-1.09
2020-02-10,A,19859.62,-1.09
2020-02-11,A,19858.54,-1.09
2020-02-12,A,19857.46,-1.09
2020-02-13,A,19856.37,-1.09
2020-02-14,A,19855.29,-1.09
2020-02-15,A,19854.21,-1.09
2020-02-16,A,19853.13,-1.09
2020-02-17,A,19852.04,-1.09
2020-02-18,A,19850.96,-1.09
2020-02-19,A,19849.88,-1.09
2020-02-20,A,19848.8,-1.09
2020-02-21,A,19847.72,-1.09
2020-02-22,A,19846.63,-1.09
2020-02-23,A,19845.55,-1.09
2020-02-24,A,19844.47,-1.09
2020-02-25,A,19843.39,-1.09
2020-02-26,A,19842.31,-1.09
2020-02-27,A,19841.22,-1.09
2020-02-28,A,19840.14,-1.09
2020-02-29,A,19839.06,-1.09
2020-03-01,A,19837.98,-1.09
2020-03-02,A,19836.9,-1.09
2020-03-03,A,19835.82,-1.09
2020-03-04,A,19834.73,-1.09
2020-03-05,A,19833.65,-1.09
2020-03-06,A,19832.57,-1.09
2020-03-07,A,19831.49,-1.09
2020-03-08,A,19830.41,-1.09
2020-03-09,A,19829.33,-1.09
2020-03-10,A,19828.25,-1.09
2020-03-11,A,19827.17,-1.09
2020-03-12,A,19826.08,-1.09
2020-03-13,A,19825.0,-1.09
2020-03-14,A,19823.92,-1.09
2020-03-15,A,19822.84,-1.09
2020-03-16,A,19821.76,-1.09
2020-03-17,A,19820.68,-1.09
2020-03-18,A,19819.6,-1.09
2020-03-19,A,19818.52,-1.09
2020-03-20,A,19817.44,-1.09
2020-03-21,A,19816.36,-1.09
2020-03-22,A,19815.28,-1.09
2020-03-23,A,19814.2,-1.09
2020-03-24,A,19813.12,-1.09
2020-03-25,A,19812.04,-1.09
2020-03-26,A,19810.96,-1.09
2020-03-27,A,19809.88,-1.09
2020-03-28,A,19808.8,-1.09
2020-03-29,A,19807.72,-1.09
2020-03-30,A,19806.64,-1.09
2020-03-31,A,19805.56,-1.09
2020-04-01,A,19804.48,-1.09
2020-04-02,A,19803.4,-1.09
2020-04-03,A,19802.32,-1.09
2020-04-04,A,19801.24,-1.09
2020-04-05,A,19800.16,-1.08
2020-04-06,A,19799.08,-1.08
2020-04-07,A,19798.0,-1.08
2020-04-08,A,19796.92,-1.08
2020-04-09,A,19795.84,-1.08
2020-04-10,A,19794.76,-1.08
2020-04-11,A,19793.68,-1.08
2020-04-12,A,19792.6,-1.08
2020-04-13,A,19791.52,-1.08
2020-04-14,A,19790.44,-1.08
2020-04-15,A,19789.37,-1.08
2020-04-16,A,19788.29,-1.08
2020-04-17,A,19787.21,-1.08
2020-04-18,A,19786.13,-1.08
2020-04-19,A,19785.05,-1.08
2020-04-20,A,19783.97,-1.08
2020-04-21,A,19782.89,-1.08
2020-04-22,A,19781.81,-1.08
2020-04-23,A,19780.74,-1.08
2020-04-24,A,19779.66,-1.08
2020-04-25,A,19778.58,-1.08
2020-04-26,A,19777.5,-1.08
2020-04-27,A,19776.42,-1.08
2020-04-28,A,19775.34,-1.08
2020-04-29,A,19774.27,-1.08
2020-04-30,A,19773.19,-1.08
2020-05-01,A,19772.11,-1.08
2020-05-02,A,19771.03,-1.08
2020-05-03,A,19769.95,-1.08
2020-05-04,A,19768.88,-1.08
2020-05-05,A,19767.8,-1.08
2020-05-06,A,19766.72,-1.08
2020-05-07,A,19765.64,-1.08
2020-05-08,A,19764.57,-1.08
2020-05-09,A,19763.49,-1.08
2020-05-10,A,19762.41,-1.08
2020-05-11,A,19761.33,-1.08
2020-05-12,A,19760.26,-1.08
2020-05-13,A,19759.18,-1.08
2020-05-14,A,19758.1,-1.08
2020-05-15,A,19757.02,-1.08
2020-05-16,A,19755.95,-1.08
2020-05-17,A,19754.87,-1.08
2020-05-18,A,19753.79,-1.08
2020-05-19,A,19752.72,-1.08
2020-05-20,A,19751.64,-1.08
2020-05-21,A,19750.56,-1.08
2020-05-22,A,19749.48,-1.08
2020-05-23,A,19748.41,-1.08
2020-05-24,A,19747.33,-1.08
2020-05-25,A,19746.25,-1.08
2020-05-26,A,19745.18,-1.08
2020-05-27,A,19744.1,-1.08
2020-05-28,A,19743.03,-1.08
2020-05-29,A,19741.95,-1.08
2020-05-30,A,19740.87,-1.08
2020-05-31,A,19739.8,-1.08
2020-06-01,A,19738.72,-1.08
2020-06-02,A,19737.64,-1.08
2020-06-03,A,19736.57,-1.08
2020-06-04,A,19735.49,-1.08
2020-06-05,A,19734.42,-1.08
2020-06-06,A,19733.34,-1.08
2020-06-07,A,19732.26,-1.08
2020-06-08,A,19731.19,-1.08
2020-06-09,A,19730.11,-1.08
2020-06-10,A,19729.04,-1.08
2020-06-11,A,19727.96,-1.08
2020-06-12,A,19726.89,-1.08
2020-06-13,A,19725.81,-1.08
2020-06-14,A,19724.73,-1.08
2020-06-15,A,19723.66,-1.08
2020-06-16,A,19722.58,-1.08
2020-06-17,A,19721.51,-1.08
2020-06-18,A,19720.43,-1.08
2020-06-19,A,19719.36,-1.08
2020-06-20,A,19718.28,-1.08
2020-06-21,A,19717.21,-1.08
2020-06-22,A,19716.13,-1.08
2020-06-23,A,19715.06,-1.08
2020-06-24,A,19713.98,-1.08
2020-06-25,A,19712.91,-1.08
2020-06-26,A,19711.83,-1.08
2020-06-27,A,19710.76,-1.08
2020-06-28,A,19709.68,-1.08
2020-06-29,A,19708.61,-1.08
2020-06-30,A,19707.53,-1.08
2020-07-01,A,19706.46,-1.08
2020-07-02,A,19705.39,-1.08
2020-07-03,A,19704.31,-1.08
2020-07-04,A,19703.24,-1.08
2020-07-05,A,19702.16,-1.08
2020-07-06,A,19701.09,-1.08
2020-07-07,A,19700.01,-1.08
2020-07-08,A,19698.94,-1.08
2020-07-09,A,19697.87,-1.08
2020-07-10,A,19696.79,-1.08
2020-07-11,A,19695.72,-1.08
2020-07-12,A,19694.65,-1.08
2020-07-13,A,19693.57,-1.08
2020-07-14,A,19692.5,-1.08
2020-07-15,A,19691.42,-1.08
2020-07-16,A,19690.35,-1.08
2020-07-17,A,19689.28,-1.08
2020-07-18,A,19688.2,-1.08
2020-07-19,A,19687.13,-1.08
2020-07-20,A,19686.06,-1.08
2020-07-21,A,19684.98,-1.08
2020-07-22,A,19683.91,-1.08
2020-07-23,A,19682.84,-1.08
2020-07-24,A,19681.76,-1.08
2020-07-25,A,19680.69,-1.08
2020-07-26,A,19679.62,-1.08
2020-07-27,A,19678.54,-1.08
2020-07-28,A,19677.47,-1.08
2020-07-29,A,19676.4,-1.08
2020-07-30,A,19675.33,-1.08
2020-07-31,A,19674.25,-1.08
2020-08-01,A,19673.18,-1.08
2020-08-02,A,19672.11,-1.08
2020-08-03,A,19671.04,-1.08
2020-08-04,A,19669.96,-1.08
2020-08-05,A,19668.89,-1.08
2020-08-06,A,19667.82,-1.08
2020-08-07,A,19666.75,-1.08
2020-08-08,A,19665.67,-1.08
2020-08-09,A,19664.6,-1.08
2020-08-10,A,19663.53,-1.08
2020-08-11,A,19662.46,-1.08
2020-08-12,A,19661.39,-1.08
2020-08-13,A,19660.31,-1.08
2020-08-14,A,19659.24,-1.08
2020-08-15,A,19658.17,-1.08
2020-08-16,A,19657.1,-1.08
2020-08-17,A,19656.03,-1.08
2020-08-18,A,19654.95,-1.08
2020-08-19,A,19653.88,-1.08
2020-08-20,A,19652.81,-1.08
2020-08-21,A,19651.74,-1.08
2020-08-22,A,19650.67,-1.08
2020-08-23,A,19649.6,-1.08
2020-08-24,A,19648.53,-1.08
2020-08-25,A,19647.45,-1.08
2020-08-26,A,19646.38,-1.08
2020-08-27,A,19645.31,-1.08
2020-08-28,A,19644.24,-1.08
2020-08-29,A,19643.17,-1.08
2020-08-30,A,19642.1,-1.08
2020-08-31,A,19641.03,-1.08
2020-09-01,A,19639.96,-1.08
2020-09-02,A,19638.89,-1.08
2020-09-03,A,19637.82,-1.08
2020-09-04,A,19636.75,-1.08
2020-09-05,A,19635.68,-1.08
2020-09-06,A,19634.6,-1.08
2020-09-07,A,19633.53,-1.08
2020-09-08,A,19632.46,-1.08
2020-09-09,A,19631.39,-1.08
2020-09-10,A,19630.32,-1.08
2020-09-11,A,19629.25,-1.08
2020-09-12,A,19628.18,-1.08
2020-09-13,A,19627.11,-1.08
2020-09-14,A,19626.04,-1.08
2020-09-15,A,19624.97,-1.08
2020-09-16,A,19623.9,-1.08
2020-09-17,A,19622.83,-1.08
2020-09-18,A,19621.76,-1.08
2020-09-19,A,19620.69,-1.08
2020-09-20,A,19619.62,-1.08
2020-09-21,A,19618.55,-1.08
2020-09-22,A,19617.48,-1.07
2020-09-23,A,19616.41,-1.07
2020-09-24,A,19615.34,-1.07
2020-09-25,A,19614.28,-1.07
2020-09-26,A,19613.21,-1.07
2020-09-27,A,19612.14,-1.07
2020-09-28,A,19611.07,-1.07
2020-09-29,A,19610.0,-1.07
2020-09-30,A,19608.93,-1.07
2020-10-01,A,19607.86,-1.07
2020-10-02,A,19606.79,-1.07
2020-10-03,A,19605.72,-1.07
2020-10-04,A,19604.65,-1.07
2020-10-05,A,19603.58,-1.07
2020-10-06,A,19602.52,-1.07
2020-10-07,A,19601.45,-1.07
2020-10-08,A,19600.38,-1.07
2020-10-09,A,19599.31,-1.07
2020-10-10,A,19598.24,-1.07
2020-10-11,A,19597.17,-1.07
2020-10-12,A,19596.1,-1.07
2020-10-13,A,19595.04,-1.07
2020-10-14,A,19593.97,-1.07
2020-10-15,A,19592.9,-1.07
2020-10-16,A,19591.83,-1.07
2020-10-17,A,19590.76,-1.07
2020-10-18,A,19589.69,-1.07
2020-10-19,A,19588.63,-1.07
2020-10-20,A,19587.56,-1.07
2020-10-21,A,19586.49,-1.07
2020-10-22,A,19585.42,-1.07
2020-10-23,A,19584.35,-1.07
2020-10-24,A,19583.29,-1.07
2020-10-25,A,19582.22,-1.07
2020-10-26,A,19581.15,-1.07
2020-10-27,A,19580.08,-1.07
2020-10-28,A,19579.02,-1.07
2020-10-29,A,19577.95,-1.07
2020-10-30,A,19576.88,-1.07
2020-10-31,A,19575.81,-1.07
2020-11-01,A,19574.75,-1.07
2020-11-02,A,19573.68,-1.07
2020-11-03,A,19572.61,-1.07
2020-11-04,A,19571.55,-1.07
2020-11-05,A,19570.48,-1.07
2020-11-06,A,19569.41,-1.07
2020-11-07,A,19568.34,-1.07
2020-11-08,A,19567.28,-1.07
2020-11-09,A,19566.21,-1.07
2020-11-10,A,19565.14,-1.07
2020-11-11,A,19564.08,-1.07
2020-11-12,A,19563.01,-1.07
2020-11-13,A,19561.94,-1.07
2020-11-14,A,19560.88,-1.07
2020-11-15,A,19559.81,-1.07
2020-11-16,A,19558.74,-1.07
2020-11-17,A,19557.68,-1.07
2020-11-18,A,19556.61,-1.07
2020-11-19,A,19555.55,-1.07
2020-11-20,A,19554.48,-1.07
2020-11-21,A,19553.41,-1.07
2020-11-22,A,19552.35,-1.07
2020-11-23,A,19551.28,-1.07
2020-11-24,A,19550.22,-1.07
2020-11-25,A,19549.15,-1.07
2020-11-26,A,19548.08,-1.07
2020-11-27,A,19547.02,-1.07
2020-11-28,A,19545.95,-1.07
2020-11-29,A,19544.89,-1.07
2020-11-30,A,19543.82,-1.07
2020-12-01,A,19542.76,-1.07
2020-12-02,A,19541.69,-1.07
2020-12-03,A,19540.62,-1.07
2020-12-04,A,19539.56,-1.07
2020-12-05,A,19538.49,-1.07
2020-12-06,A,19537.43,-1.07
2020-12-07,A,19536.36,-1.07
2020-12-08,A,19535.3,-1.07
2020-12-09,A,19534.23,-1.07
2020-12-10,A,19533.17,-1.07
2020-12-11,A,19532.1,-1.07
2020-12-12,A,19531.04,-1.07
2020-12-13,A,19529.97,-1.07
2020-12-14,A,19528.91,-1.07
2020-12-15,A,19527.84,-1.07
2020-12-16,A,19526.78,-1.07
2020-12-17,A,19525.71,-1.07
2020-12-18,A,19524.65,-1.07
2020-12-19,A,19523.59,-1.07
2020-12-20,A,19522.52,-1.07
2020-12-21,A,19521.46,-1.07
2020-12-22,A,19520.39,-1.07
2020-12-23,A,19519.33,-1.07
2020-12-24,A,19518.26,-1.07
2020-12-25,A,19517.2,-1.07
2020-12-26,A,19516.14,-1.07
2020-12-27,A,19515.07,-1.07
2020-12-28,A,19514.01,-1.07
2020-12-29,A,19512.94,-1.07
2020-12-30,A,19511.88,-1.07
2020-12-31,A,19510.82,-1.07
2021-01-01,A,19509.75,-1.07
2021-01-02,A,19508.69,-1.07
2021-01-03,A,19507.63,-1.07
2021-01-04,A,19506.56,-1.07
2021-01-05,A,19505.5,-1.07
2021-01-06,A,19504.43,-1.07
2021-01-07,A,19503.37,-1.07
2021-01-08,A,19502.31,-1.07
2021-01-09,A,19501.24,-1.07
2021-01-10,A,19500.18,-1.07
2021-01-11,A,19499.12,-1.07
2021-01-12,A,19498.06,-1.07
2021-01-13,A,19496.99,-1.07
2021-01-14,A,19495.93,-1.07
2021-01-15,A,19494.87,-1.07
2021-01-16,A,19493.8,-1.07
2021-01-17,A,19492.74,-1.07
2021-01-18,A,19491.68,-1.07
2021-01-19,A,19490.61,-1.07
2021-01-20,A,19489.55,-1.07
2021-01-21,A,19488.49,-1.07
2021-01-22,A,19487.43,-1.07
2021-01-23,A,19486.36,-1.07
2021-01-24,A,19485.3,-1.07
2021-01-25,A,19484.24,-1.07
2021-01-26,A,19483.18,-1.07
2021-01-27,A,19482.12,-1.07
2021-01-28,A,19481.05,-1.07
2021-01-29,A,19479.99,-1.07
2021-01-30,A,19478.93,-1.07
2021-01-31,A,19477.87,-1.07
2021-02-01,A,19476.81,-1.07
2021-02-02,A,19475.74,-1.07
2021-02-03,A,19474.68,-1.07
2021-02-04,A,19473.62,-1.07
2021-02-05,A,19472.56,-1.07
2021-02-06,A,19471.5,-1.07
2021-02-07,A,19470.43,-1.07
2021-02-08,A,19469.37,-1.07
2021-02-09,A,19468.31,-1.07
2021-02-10,A,19467.25,-1.07
2021-02-11,A,19466.19,-1.07
2021-02-12,A,19465.13,-1.07
2021-02-13,A,19464.07,-1.07
2021-02-14,A,19463.01,-1.07
2021-02-15,A,19461.94,-1.07
2021-02-16,A,19460.88,-1.07
2021-02-17,A,19459.82,-1.07
2021-02-18,A,19458.76,-1.07
2021-02-19,A,19457.7,-1.07
2021-02-20,A,19456.64,-1.07
2021-02-21,A,19455.58,-1.07
2021-02-22,A,19454.52,-1.07
2021-02-23,A,19453.46,-1.07
2021-02-24,A,19452.4,-1.07
2021-02-25,A,19451.34,-1.07
2021-02-26,A,19450.28,-1.07
2021-02-27,A,19449.21,-1.07
2021-02-28,A,19448.15,-1.07
2021-03-01,A,19447.09,-1.07
2021-03-02,A,19446.03,-1.07
2021-03-03,A,19444.97,-1.07
2021-03-04,A,19443.91,-1.07
2021-03-05,A,19442.85,-1.07
2021-03-06,A,19441.79,-1.07
2021-03-07,A,19440.73,-1.07
2021-03-08,A,19439.67,-1.07
2021-03-09,A,19438.61,-1.07
2021-03-10,A,19437.55,-1.07
2021-03-11,A,19436.49,-1.07
2021-03-12,A,19435.43,-1.07
2021-03-13,A,19434.37,-1.06
2021-03-14,A,19433.32,-1.06
2021-03-15,A,19432.26,-1.06
2021-03-16,A,19431.2,-1.06
2021-03-17,A,19430.14,-1.06
2021-03-18,A,19429.08,-1.06
2021-03-19,A,19428.02,-1.06
2021-03-20,A,19426.96,-1.06
2021-03-21,A,19425.9,-1.06
2021-03-22,A,19424.84,-1.06
2021-03-23,A,19423.78,-1.06
2021-03-24,A,19422.72,-1.06
2021-03-25,A,19421.66,-1.06
2021-03-26,A,19420.6,-1.06
2021-03-27,A,19419.55,-1.06
2021-03-28,A,19418.49,-1.06
2021-03-29,A,19417.43,-1.06
2021-03-30,A,19416.37,-1.06
2021-03-31,A,19415.31,-1.06
2021-04-01,A,19414.25,-1.06
2021-04-02,A,19413.19,-1.06
2021-04-03,A,19412.14,-1.06
2021-04-04,A,19411.08,-1.06
2021-04-05,A,19410.02,-1.06
2021-04-06,A,19408.96,-1.06
2021-04-07,A,19407.9,-1.06
2021-04-08,A,19406.84,-1.06
2021-04-09,A,19405.79,-1.06
2021-04-10,A,19404.73,-1.06
2021-04-11,A,19403.67,-1.06
2021-04-12,A,19402.61,-1.06
2021-04-13,A,19401.55,-1.06
2021-04-14,A,19400.5,-1.06
2021-04-15,A,19399.44,-1.06
2021-04-16,A,19398.38,-1.06
2021-04-17,A,19397.32,-1.06
2021-04-18,A,19396.27,-1.06
2021-04-19,A,19395.21,-1.06
2021-04-20,A,19394.15,-1.06
2021-04-21,A,19393.09,-1.06
2021-04-22,A,19392.04,-1.06
2021-04-23,A,19390.98,-1.06
2021-04-24,A,19389.92,-1.06
2021-04-25,A,19388.87,-1.06
2021-04-26,A,19387.81,-1.06
2021-04-27,A,19386.75,-1.06
2021-04-28,A,19385.69,-1.06
2021-04-29,A,19384.64,-1.06
2021-04-30,A,19383.58,-1.06
2021-05-01,A,19382.52,-1.06
2021-05-02,A,19381.47,-1.06
2021-05-03,A,19380.41,-1.06
2021-05-04,A,19379.35,-1.06
2021-05-05,A,19378.3,-1.06
2021-05-06,A,19377.24,-1.06
2021-05-07,A,19376.18,-1.06
2021-05-08,A,19375.13,-1.06
2021-05-09,A,19374.07,-1.06
2021-05-10,A,19373.01,-1.06
2021-05-11,A,19371.96,-1.06
2021-05-12,A,19370.9,-1.06
2021-05-13,A,19369.85,-1.06
2021-05-14,A,19368.79,-1.06
2021-05-15,A,19367.73,-1.06
2021-05-16,A,19366.68,-1.06
2021-05-17,A,19365.62,-1.06
2021-05-18,A,19364.57,-1.06
2021-05-19,A,19363.51,-1.06
2021-05-20,A,19362.46,-1.06
2021-05-21,A,19361.4,-1.06
2021-05-22,A,19360.34,-1.06
2021-05-23,A,19359.29,-1.06
2021-05-24,A,19358.23,-1.06
2021-05-25,A,19357.18,-1.06
2021-05-26,A,19356.12,-1.06
2021-05-27,A,19355.07,-1.06
2021-05-28,A,19354.01,-1.06
2021-05-29,A,19352.96,-1.06
2021-05-30,A,19351.9,-1.06
2021-05-31,A,19350.85,-1.06
2021-06-01,A,19349.79,-1.06
2021-06-02,A,19348.74,-1.06
2021-06-03,A,19347.68,-1.06
2021-06-04,A,19346.63,-1.06
2021-06-05,A,19345.57,-1.06
2021-06-06,A,19344.52,-1.06
2021-06-07,A,19343.46,-1.06
2021-06-08,A,19342.41,-1.06
2021-06-09,A,19341.35,-1.06
2021-06-10,A,19340.3,-1.06
2021-06-11,A,19339.24,-1.06
2021-06-12,A,19338.19,-1.06
2021-06-13,A,19337.14,-1.06
2021-06-14,A,19336.08,-1.06
2021-06-15,A,19335.03,-1.06
2021-06-16,A,19333.97,-1.06
2021-06-17,A,19332.92,-1.06
2021-06-18,A,19331.86,-1.06
2021-06-19,A,19330.81,-1.06
2021-06-20,A,19329.76,-1.06
2021-06-21,A,19328.7,-1.06
2021-06-22,A,19327.65,-1.06
2021-06-23,A,19326.6,-1.06
2021-06-24,A,19325.54,-1.06
2021-06-25,A,19324.49,-1.06
2021-06-26,A,19323.43,-1.06
2021-06-27,A,19322.38,-1.06
2021-06-28,A,19321.33,-1.06
2021-06-29,A,19320.27,-1.06
2021-06-30,A,19319.22,-1.06
2021-07-01,A,19318.17,-1.06
2021-07-02,A,19317.11,-1.06
2021-07-03,A,19316.06,-1.06
2021-07-04,A,19315.01,-1.06
2021-07-05,A,19313.95,-1.06
2021-07-06,A,19312.9,-1.06
2021-07-07,A,19311.85,-1.06
2021-07-08,A,19310.8,-1.06
2021-07-09,A,19309.74,-1.06
2021-07-10,A,19308.69,-1.06
2021-07-11,A,19307.64,-1.06
2021-07-12,A,19306.58,-1.06
2021-07-13,A,19305.53,-1.06
2021-07-14,A,19304.48,-1.06
2021-07-15,A,19303.43,-1.06
2021-07-16,A,19302.37,-1.06
2021-07-17,A,19301.32,-1.06
2021-07-18,A,19300.27,-1.06
2021-07-19,A,19299.22,-1.06
2021-07-20,A,19298.17,-1.06
2021-07-21,A,19297.11,-1.06
2021-07-22,A,19296.06,-1.06
2021-07-23,A,19295.01,-1.06
2021-07-24,A,19293.96,-1.06
2021-07-25,A,19292.91,-1.06
2021-07-26,A,19291.85,-1.06
2021-07-27,A,19290.8,-1.06
2021-07-28,A,19289.75,-1.06
2021-07-29,A,19288.7,-1.06
2021-07-30,A,19287.65,-1.06
2021-07-31,A,19286.6,-1.06
2021-08-01,A,19285.54,-1.06
2021-08-02,A,19284.49,-1.06
2021-08-03,A,19283.44,-1.06
2021-08-04,A,19282.39,-1.06
2021-08-05,A,19281.34,-1.06
2021-08-06,A,19280.29,-1.06
2021-08-07,A,19279.24,-1.06
2021-08-08,A,19278.18,-1.06
2021-08-09,A,19277.13,-1.06
2021-08-10,A,19276.08,-1.06
2021-08-11,A,19275.03,-1.06
2021-08-12,A,19273.98,-1.06
2021-08-13,A,19272.93,-1.06
2021-08-14,A,19271.88,-1.06
2021-08-15,A,19270.83,-1.06
2021-08-16,A,19269.78,-1.06
2021-08-17,A,19268.73,-1.06
2021-08-18,A,19267.68,-1.06
2021-08-19,A,19266.63,-1.06
2021-08-20,A,19265.58,-1.06
2021-08-21,A,19264.53,-1.06
2021-08-22,A,19263.48,-1.06
2021-08-23,A,19262.42,-1.06
2021-08-24,A,19261.37,-1.06
2021-08-25,A,19260.32,-1.06
2021-08-26,A,19259.27,-1.06
2021-08-27,A,19258.22,-1.06
2021-08-28,A,19257.17,-1.06
2021-08-29,A,19256.12,-1.06
2021-08-30,A,19255.07,-1.06
2021-08-31,A,19254.02,-1.06
2021-09-01,A,19252.98,-1.06
2021-09-02,A,19251.93,-1.05
2021-09-03,A,19250.88,-1.05
2021-09-04,A,19249.83,-1.05
2021-09-05,A,19248.78,-1.05
2021-09-06,A,19247.73,-1.05
2021-09-07,A,19246.68,-1.05
2021-09-08,A,19245.63,-1.05
2021-09-09,A,19244.58,-1.05
2021-09-10,A,19243.53,-1.05
2021-09-11,A,19242.48,-1.05
2021-09-12,A,19241.43,-1.05
2021-09-13,A,19240.38,-1.05
2021-09-14,A,19239.33,-1.05
2021-09-15,A,19238.28,-1.05
2021-09-16,A,19237.24,-1.05
2021-09-17,A,19236.19,-1.05
2021-09-18,A,19235.14,-1.05
2021-09-19,A,19234.09,-1.05
2021-09-20,A,19233.04,-1.05
2021-09-21,A,19231.99,-1.05
2021-09-22,A,19230.94,-1.05
2021-09-23,A,19229.9,-1.05
2021-09-24,A,19228.85,-1.05
2021-09-25,A,19227.8,-1.05
2021-09-26,A,19226.75,-1.05
2021-09-27,A,19225.7,-1.05
2021-09-28,A,19224.65,-1.05
2021-09-29,A,19223.61,-1.05
2021-09-30,A,19222.56,-1.05
2021-10-01,A,19221.51,-1.05
2021-10-02,A,19220.46,-1.05
2021-10-03,A,19219.41,-1.05
2021-10-04,A,19218.37,-1.05
2021-10-05,A,19217.32,-1.05
2021-10-06,A,19216.27,-1.05
2021-10-07,A,19215.22,-1.05
2021-10-08,A,19214.17,-1.05
2021-10-09,A,19213.13,-1.05
2021-10-10,A,19212.08,-1.05
2021-10-11,A,19211.03,-1.05
2021-10-12,A,19209.99,-1.05
2021-10-13,A,19208.94,-1.05
2021-10-14,A,19207.89,-1.05
2021-10-15,A,19206.84,-1.05
2021-10-16,A,19205.8,-1.05
2021-10-17,A,19204.75,-1.05
2021-10-18,A,19203.7,-1.05
2021-10-19,A,19202.65,-1.05
2021-10-20,A,19201.61,-1.05
2021-10-21,A,19200.56,-1.05
2021-10-22,A,19199.51,-1.05
2021-10-23,A,19198.47,-1.05
2021-10-24,A,19197.42,-1.05
2021-10-25,A,19196.37,-1.05
2021-10-26,A,19195.33,-1.05
2021-10-27,A,19194.28,-1.05
2021-10-28,A,19193.23,-1.05
2021-10-29,A,19192.19,-1.05
2021-10-30,A,19191.14,-1.05
2021-10-31,A,19190.1,-1.05
2021-11-01,A,19189.05,-1.05
2021-11-02,A,19188.0,-1.05
2021-11-03,A,19186.96,-1.05
2021-11-04,A,19185.91,-1.05
2021-11-05,A,19184.86,-1.05
2021-11-06,A,19183.82,-1.05
2021-11-07,A,19182.77,-1.05
2021-11-08,A,19181.73,-1.05
2021-11-09,A,19180.68,-1.05
2021-11-10,A,19179.64,-1.05
2021-11-11,A,19178.59,-1.05
2021-11-12,A,19177.54,-1.05
2021-11-13,A,19176.5,-1.05
2021-11-14,A,19175.45,-1.05
2021-11-15,A,19174.41,-1.05
2021-11-16,A,19173.36,-1.05
2021-11-17,A,19172.32,-1.05
2021-11-18,A,19171.27,-1.05
2021-11-19,A,19170.23,-1.05
2021-11-20,A,19169.18,-1.05
2021-11-21,A,19168.14,-1.05
2021-11-22,A,19167.09,-1.05
2021-11-23,A,19166.05,-1.05
2021-11-24,A,19165.0,-1.05
2021-11-25,A,19163.96,-1.05
2021-11-26,A,19162.91,-1.05
2021-11-27,A,19161.87,-1.05
2021-11-28,A,19160.82,-1.05
2021-11-29,A,19159.78,-1.05
2021-11-30,A,19158.73,-1.05
2021-12-01,A,19157.69,-1.05
2021-12-02,A,19156.64,-1.05
2021-12-03,A,19155.6,-1.05
2021-12-04,A,19154.55,-1.05
2021-12-05,A,19153.51,-1.05
2021-12-06,A,19152.47,-1.05
2021-12-07,A,19151.42,-1.05
2021-12-08,A,19150.38,-1.05
2021-12-09,A,19149.33,-1.05
2021-12-10,A,19148.29,-1.05
2021-12-11,A,19147.25,-1.05
2021-12-12,A,19146.2,-1.05
2021-12-13,A,19145.16,-1.05
2021-12-14,A,19144.11,-1.05
2021-12-15,A,19143.07,-1.05
2021-12-16,A,19142.03,-1.05
2021-12-17,A,19140.98,-1.05
2021-12-18,A,19139.94,-1.05
2021-12-19,A,19138.9,-1.05
2021-12-20,A,19137.85,-1.05
2021-12-21,A,19136.81,-1.05
2021-12-22,A,19135.77,-1.05
2021-12-23,A,19134.72,-1.05
2021-12-24,A,19133.68,-1.05
2021-12-25,A,19132.64,-1.05
2021-12-26,A,19131.59,-1.05
2021-12-27,A,19130.55,-1.05
2021-12-28,A,19129.51,-1.05
2021-12-29,A,19128.46,-1.05
2021-12-30,A,19127.42,-1.05
2021-12-31,A,19126.38,-1.05
2022-01-01,A,19125.34,-1.05
2022-01-02,A,19124.29,-1.05
2022-01-03,A,19123.25,-1.05
2022-01-04,A,19122.21,-1.05
2022-01-05,A,19121.16,-1.05
2022-01-06,A,19120.12,-1.05
2022-01-07,A,19119.08,-1.05
2022-01-08,A,19118.04,-1.05
2022-01-09,A,19117.0,-1.05
2022-01-10,A,19115.95,-1.05
2022-01-11,A,19114.91,-1.05
2022-01-12,A,19113.87,-1.05
2022-01-13,A,19112.83,-1.05
2022-01-14,A,19111.78,-1.05
2022-01-15,A,19110.74,-1.05
2022-01-16,A,19109.7,-1.05
2022-01-17,A,19108.66,-1.05
2022-01-18,A,19107.62,-1.05
2022-01-19,A,19106.57,-1.05
2022-01-20,A,19105.53,-1.05
2022-01-21,A,19104.49,-1.05
2022-01-22,A,19103.45,-1.05
2022-01-23,A,19102.41,-1.05
2022-01-24,A,19101.37,-1.05
2022-01-25,A,19100.33,-1.05
2022-01-26,A,19099.28,-1.05
2022-01-27,A,19098.24,-1.05
2022-01-28,A,19097.2,-1.05
2022-01-29,A,19096.16,-1.05
2022-01-30,A,19095.12,-1.05
2022-01-31,A,19094.08,-1.05
2022-02-01,A,19093.04,-1.05
2022-02-02,A,19092.0,-1.05
2022-02-03,A,19090.96,-1.05
2022-02-04,A,19089.91,-1.05
2022-02-05,A,19088.87,-1.05
2022-02-06,A,19087.83,-1.05
2022-02-07,A,19086.79,-1.05
2022-02-08,A,19085.75,-1.05
2022-02-09,A,19084.71,-1.05
2022-02-10,A,19083.67,-1.05
2022-02-11,A,19082.63,-1.05
2022-02-12,A,19081.59,-1.05
2022-02-13,A,19080.55,-1.05
2022-02-14,A,19079.51,-1.05
2022-02-15,A,19078.47,-1.05
2022-02-16,A,19077.43,-1.05
2022-02-17,A,19076.39,-1.05
2022-02-18,A,19075.35,-1.05
2022-02-19,A,19074.31,-1.05
2022-02-20,A,19073.27,-1.05
2022-02-21,A,19072.23,-1.05
2022-02-22,A,19071.19,-1.05
2022-02-23,A,19070.15,-1.04
2022-02-24,A,19069.11,-1.04
2022-02-25,A,19068.07,-1.04
2022-02-26,A,19067.03,-1.04
2022-02-27,A,19065.99,-1.04
2022-02-28,A,19064.95,-1.04
2022-03-01,A,19063.91,-1.04
2022-03-02,A,19062.87,-1.04
2022-03-03,A,19061.83,-1.04
2022-03-04,A,19060.79,-1.04
2022-03-05,A,19059.75,-1.04
2022-03-06,A,19058.72,-1.04
2022-03-07,A,19057.68,-1.04
2022-03-08,A,19056.64,-1.04
2022-03-09,A,19055.6,-1.04
2022-03-10,A,19054.56,-1.04
2022-03-11,A,19053.52,-1.04
2022-03-12,A,19052.48,-1.04
2022-03-13,A,19051.44,-1.04
2022-03-14,A,19050.4,-1.04
2022-03-15,A,19049.37,-1.04
2022-03-16,A,19048.33,-1.04
2022-03-17,A,19047.29,-1.04
2022-03-18,A,19046.25,-1.04
2022-03-19,A,19045.21,-1.04
2022-03-20,A,19044.17,-1.04
2022-03-21,A,19043.13,-1.04
2022-03-22,A,19042.1,-1.04
2022-03-23,A,19041.06,-1.04
2022-03-24,A,19040.02,-1.04
2022-03-25,A,19038.98,-1.04
2022-03-26,A,19037.94,-1.04
2022-03-27,A,19036.91,-1.04
2022-03-28,A,19035.87,-1.04
2022-03-29,A,19034.83,-1.04
2022-03-30,A,19033.79,-1.04
2022-03-31,A,19032.76,-1.04
2022-04-01,A,19031.72,-1.04
2022-04-02,A,19030.68,-1.04
2022-04-03,A,19029.64,-1.04
2022-04-04,A,19028.6,-1.04
2022-04-05,A,19027.57,-1.04
2022-04-06,A,19026.53,-1.04
2022-04-07,A,19025.49,-1.04
2022-04-08,A,19024.46,-1.04
2022-04-09,A,19023.42,-1.04
2022-04-10,A,19022.38,-1.04
2022-04-11,A,19021.34,-1.04
2022-04-12,A,19020.31,-1.04
2022-04-13,A,19019.27,-1.04
2022-04-14,A,19018.23,-1.04
2022-04-15,A,19017.2,-1.04
2022-04-16,A,19016.16,-1.04
2022-04-17,A,19015.12,-1.04
2022-04-18,A,19014.09,-1.04
2022-04-19,A,19013.05,-1.04
2022-04-20,A,19012.01,-1.04
2022-04-21,A,19010.98,-1.04
2022-04-22,A,19009.94,-1.04
2022-04-23,A,19008.9,-1.04
2022-04-24,A,19007.87,-1.04
2022-04-25,A,19006.83,-1.04
2022-04-26,A,19005.79,-1.04
2022-04-27,A,19004.76,-1.04
2022-04-28,A,19003.72,-1.04
2022-04-29,A,19002.69,-1.04
2022-04-30,A,19001.65,-1.04
2022-05-01,A,19000.61,-1.04
2022-05-02,A,18999.58,-1.04
2022-05-03,A,18998.54,-1.04
2022-05-04,A,18997.51,-1.04
2022-05-05,A,18996.47,-1.04
2022-05-06,A,18995.43,-1.04
2022-05-07,A,18994.4,-1.04
2022-05-08,A,18993.36,-1.04
2022-05-09,A,18992.33,-1.04
2022-05-10,A,18991.29,-1.04
2022-05-11,A,18990.26,-1.04
2022-05-12,A,18989.22,-1.04
2022-05-13,A,18988.19,-1.04
2022-05-14,A,18987.15,-1.04
2022-05-15,A,18986.12,-1.04
2022-05-16,A,18985.08,-1.04
2022-05-17,A,18984.05,-1.04
2022-05-18,A,18983.01,-1.04
2022-05-19,A,18981.98,-1.04
2022-05-20,A,18980.94,-1.04
2022-05-21,A,18979.91,-1.04
2022-05-22,A,18978.87,-1.04
2022-05-23,A,18977.84,-1.04
2022-05-24,A,18976.8,-1.04
2022-05-25,A,18975.77,-1.04
2022-05-26,A,18974.73,-1.04
2022-05-27,A,18973.7,-1.04
2022-05-28,A,18972.66,-1.04
2022-05-29,A,18971.63,-1.04
2022-05-30,A,18970.59,-1.04
2022-05-31,A,18969.56,-1.04
2022-06-01,A,18968.53,-1.04
2022-06-02,A,18967.49,-1.04
2022-06-03,A,18966.46,-1.04
2022-06-04,A,18965.42,-1.04
2022-06-05,A,18964.39,-1.04
2022-06-06,A,18963.36,-1.04
2022-06-07,A,18962.32,-1.04
2022-06-08,A,18961.29,-1.04
2022-06-09,A,18960.25,-1.04
2022-06-10,A,18959.22,-1.04
2022-06-11,A,18958.19,-1.04
2022-06-12,A,18957.15,-1.04
2022-06-13,A,18956.12,-1.04
2022-06-14,A,18955.09,-1.04
2022-06-15,A,18954.05,-1.04
2022-06-16,A,18953.02,-1.04
2022-06-17,A,18951.99,-1.04
2022-06-18,A,18950.95,-1.04
2022-06-19,A,18949.92,-1.04
2022-06-20,A,18948.89,-1.04
2022-06-21,A,18947.85,-1.04
2022-06-22,A,18946.82,-1.04
2022-06-23,A,18945.79,-1.04
2022-06-24,A,18944.75,-1.04
2022-06-25,A,18943.72,-1.04
2022-06-26,A,18942.69,-1.04
2022-06-27,A,18941.66,-1.04
2022-06-28,A,18940.62,-1.04
2022-06-29,A,18939.59,-1.04
2022-06-30,A,18938.56,-1.04
2022-07-01,A,18937.53,-1.04
2022-07-02,A,18936.49,-1.04
2022-07-03,A,18935.46,-1.04
2022-07-04,A,18934.43,-1.04
2022-07-05,A,18933.4,-1.04
2022-07-06,A,18932.36,-1.04
2022-07-07,A,18931.33,-1.04
2022-07-08,A,18930.3,-1.04
2022-07-09,A,18929.27,-1.04
2022-07-10,A,18928.23,-1.04
2022-07-11,A,18927.2,-1.04
2022-07-12,A,18926.17,-1.04
2022-07-13,A,18925.14,-1.04
2022-07-14,A,18924.11,-1.04
2022-07-15,A,18923.08,-1.04
2022-07-16,A,18922.04,-1.04
2022-07-17,A,18921.01,-1.04
2022-07-18,A,18919.98,-1.04
2022-07-19,A,18918.95,-1.04
2022-07-20,A,18917.92,-1.04
2022-07-21,A,18916.89,-1.04
2022-07-22,A,18915.85,-1.04
2022-07-23,A,18914.82,-1.04
2022-07-24,A,18913.79,-1.04
2022-07-25,A,18912.76,-1.04
2022-07-26,A,18911.73,-1.04
2022-07-27,A,18910.7,-1.04
2022-07-28,A,18909.67,-1.04
2022-07-29,A,18908.64,-1.04
2022-07-30,A,18907.61,-1.04
2022-07-31,A,18906.58,-1.04
2022-08-01,A,18905.54,-1.04
2022-08-02,A,18904.51,-1.04
2022-08-03,A,18903.48,-1.04
2022-08-04,A,18902.45,-1.04
2022-08-05,A,18901.42,-1.04
2022-08-06,A,18900.39,-1.04
2022-08-07,A,18899.36,-1.04
2022-08-08,A,18898.33,-1.04
2022-08-09,A,18897.3,-1.04
2022-08-10,A,18896.27,-1.04
2022-08-11,A,18895.24,-1.04
2022-08-12,A,18894.21,-1.04
2022-08-13,A,18893.18,-1.04
2022-08-14,A,18892.15,-1.04
2022-08-15,A,18891.12,-1.04
2022-08-16,A,18890.09,-1.04
2022-08-17,A,18889.06,-1.04
2022-08-18,A,18888.03,-1.04
2022-08-19,A,18887.0,-1.03
2022-08-20,A,18885.97,-1.03
2022-08-21,A,18884.94,-1.03
2022-08-22,A,18883.91,-1.03
2022-08-23,A,18882.88,-1.03
2022-08-24,A,18881.85,-1.03
2022-08-25,A,18880.82,-1.03
2022-08-26,A,18879.79,-1.03
2022-08-27,A,18878.76,-1.03
2022-08-28,A,18877.73,-1.03
2022-08-29,A,18876.7,-1.03
2022-08-30,A,18875.68,-1.03
2022-08-31,A,18874.65,-1.03
2022-09-01,A,18873.62,-1.03
2022-09-02,A,18872.59,-1.03
2022-09-03,A,18871.56,-1.03
2022-09-04,A,18870.53,-1.03
2022-09-05,A,18869.5,-1.03
2022-09-06,A,18868.47,-1.03
2022-09-07,A,18867.44,-1.03
2022-09-08,A,18866.42,-1.03
2022-09-09,A,18865.39,-1.03
2022-09-10,A,18864.36,-1.03
2022-09-11,A,18863.33,-1.03
2022-09-12,A,18862.3,-1.03
2022-09-13,A,18861.27,-1.03
2022-09-14,A,18860.24,-1.03
2022-09-15,A,18859.22,-1.03
2022-09-16,A,18858.19,-1.03
2022-09-17,A,18857.16,-1.03
2022-09-18,A,18856.13,-1.03
2022-09-19,A,18855.1,-1.03
2022-09-20,A,18854.08,-1.03
2022-09-21,A,18853.05,-1.03
2022-09-22,A,18852.02,-1.03
2022-09-23,A,18850.99,-1.03
2022-09-24,A,18849.96,-1.03
2022-09-25,A,18848.94,-1.03
2022-09-26,A,18847.91,-1.03
2022-09-27,A,18846.88,-1.03
2022-09-28,A,18845.85,-1.03
2022-09-29,A,18844.83,-1.03
2022-09-30,A,18843.8,-1.03
2022-10-01,A,18842.77,-1.03
2022-10-02,A,18841.74,-1.03
2022-10-03,A,18840.72,-1.03
2022-10-04,A,18839.69,-1.03
2022-10-05,A,18838.66,-1.03
2022-10-06,A,18837.64,-1.03
2022-10-07,A,18836.61,-1.03
2022-10-08,A,18835.58,-1.03
2022-10-09,A,18834.55,-1.03
2022-10-10,A,18833.53,-1.03
2022-10-11,A,18832.5,-1.03
2022-10-12,A,18831.47,-1.03
2022-10-13,A,18830.45,-1.03
2022-10-14,A,18829.42,-1.03
2022-10-15,A,18828.39,-1.03
2022-10-16,A,18827.37,-1.03
2022-10-17,A,18826.34,-1.03
2022-10-18,A,18825.32,-1.03
2022-10-19,A,18824.29,-1.03
2022-10-20,A,18823.26,-1.03
2022-10-21,A,18822.24,-1.03
2022-10-22,A,18821.21,-1.03
2022-10-23,A,18820.18,-1.03
2022-10-24,A,18819.16,-1.03
2022-10-25,A,18818.13,-1.03
2022-10-26,A,18817.11,-1.03
2022-10-27,A,18816.08,-1.03
2022-10-28,A,18815.05,-1.03
2022-10-29,A,18814.03,-1.03
2022-10-30,A,18813.0,-1.03
2022-10-31,A,18811.98,-1.03
2022-11-01,A,18810.95,-1.03
2022-11-02,A,18809.93,-1.03
2022-11-03,A,18808.9,-1.03
2022-11-04,A,18807.87,-1.03
2022-11-05,A,18806.85,-1.03
2022-11-06,A,18805.82,-1.03
2022-11-07,A,18804.8,-1.03
2022-11-08,A,18803.77,-1.03
2022-11-09,A,18802.75,-1.03
2022-11-10,A,18801.72,-1.03
2022-11-11,A,18800.7,-1.03
2022-11-12,A,18799.67,-1.03
2022-11-13,A,18798.65,-1.03
2022-11-14,A,18797.62,-1.03
2022-11-15,A,18796.6,-1.03
2022-11-16,A,18795.57,-1.03
2022-11-17,A,18794.55,-1.03
2022-11-18,A,18793.52,-1.03
2022-11-19,A,18792.5,-1.03
2022-11-20,A,18791.47,-1.03
2022-11-21,A,18790.45,-1.03
2022-11-22,A,18789.43,-1.03
2022-11-23,A,18788.4,-1.03
2022-11-24,A,18787.38,-1.03
2022-11-25,A,18786.35,-1.03
2022-11-26,A,18785.33,-1.03
2022-11-27,A,18784.3,-1.03
2022-11-28,A,18783.28,-1.03
2022-11-29,A,18782.26,-1.03
2022-11-30,A,18781.23,-1.03
2022-12-01,A,18780.21,-1.03
2022-12-02,A,18779.18,-1.03
2022-12-03,A,18778.16,-1.03
2022-12-04,A,18777.14,-1.03
2022-12-05,A,18776.11,-1.03
2022-12-06,A,18775.09,-1.03
2022-12-07,A,18774.07,-1.03
2022-12-08,A,18773.04,-1.03
2022-12-09,A,18772.02,-1.03
2022-12-10,A,18770.99,-1.03
2022-12-11,A,18769.97,-1.03
2022-12-12,A,18768.95,-1.03
2022-12-13,A,18767.92,-1.03
2022-12-14,A,18766.9,-1.03
2022-12-15,A,18765.88,-1.03
2022-12-16,A,18764.86,-1.03
2022-12-17,A,18763.83,-1.03
2022-12-18,A,18762.81,-1.03
2022-12-19,A,18761.79,-1.03
2022-12-20,A,18760.76,-1.03
2022-12-21,A,18759.74,-1.03
2022-12-22,A,18758.72,-1.03
2022-12-23,A,18757.69,-1.03
2022-12-24,A,18756.67,-1.03
2022-12-25,A,18755.65,-1.03
2022-12-26,A,18754.63,-1.03
2022-12-27,A,18753.6,-1.03
2022-12-28,A,18752.58,-1.03
2022-12-29,A,18751.56,-1.03
2022-12-30,A,18750.54,-1.03
2022-12-31,A,18749.51,-1.03
2023-01-01,A,18749.52,0.0
2023-01-02,A,18749.53,0.0
2023-01-03,A,18749.53,0.0
2023-01-04,A,18749.54,0.0
2023-01-05,A,18749.54,0.0
2023-01-06,A,18749.55,0.0
2023-01-07,A,18749.55,0.0
2023-01-08,A,18749.56,0.0
2023-01-09,A,18749.56,0.0
2023-01-10,A,18749.57,0.0
2023-01-11,A,18749.57,0.0
2023-01-12,A,18749.58,0.0
2023-01-13,A,18749.58,0.0
2023-01-14,A,18749.59,0.0
2023-01-15,A,18749.59,0.0
2023-01-16,A,18749.6,0.0
2023-01-17,A,18749.6,0.0
2023-01-18,A,18749.61,0.0
2023-01-19,A,18749.61,0.0
2023-01-20,A,18749.62,0.0
2023-01-21,A,18749.62,0.0
2023-01-22,A,18749.63,0.0
2023-01-23,A,18749.63,0.0
2023-01-24,A,18749.64,0.0
2023-01-25,A,18749.64,0.0
2023-01-26,A,18749.65,0.0
2023-01-27,A,18749.65,0.0
2023-01-28,A,18749.66,0.0
2023-01-29,A,18749.66,0.0
2023-01-30,A,18749.67,0.0
2023-01-31,A,18749.67,0.0
2023-02-01,A,18749.68,0.0
2023-02-02,A,18749.68,0.0
2023-02-03,A,18749.69,0.0
2023-02-04,A,18749.69,0.0
2023-02-05,A,18749.7,0.0
2023-02-06,A,18749.7,0.0
2023-02-07,A,18749.71,0.0
2023-02-08,A,18749.72,0.0
2023-02-09,A,18749.72,0.0
2023-02-10,A,18749.73,0.0
2023-02-11,A,18749.73,0.0
2023-02-12,A,18749.74,0.0
2023-02-13,A,18749.74,0.0
2023-02-14,A,18749.75,0.0
2023-02-15,A,18749.75,0.0
2023-02-16,A,18749.76,0.0
2023-02-17,A,18749.76,0.0
2023-02-18,A,18749.77,0.0
2023-02-19,A,18749.77,0.0
2023-02-20,A,18749.78,0.0
2023-02-21,A,18749.78,0.0
2023-02-22,A,18749.79,0.0
2023-02-23,A,18749.79,0.0
2023-02-24,A,18749.8,0.0
2023-02-25,A,18749.8,0.0
2023-02-26,A,18749.81,0.0
2023-02-27,A,18749.81,0.0
2023-02-28,A,18749.82,0.0
2023-03-01,A,18749.82,0.0
2023-03-02,A,18749.83,0.0
2023-03-03,A,18749.83,0.0
2023-03-04,A,18749.84,0.0
2023-03-05,A,18749.84,0.0
2023-03-06,A,18749.85,0.0
2023-03-07,A,18749.85,0.0
2023-03-08,A,18749.86,0.0
2023-03-09,A,18749.86,0.0
2023-03-10,A,18749.87,0.0
2023-03-11,A,18749.87,0.0
2023-03-12,A,18749.88,0.0
2023-03-13,A,18749.88,0.0
2023-03-14,A,18749.89,0.0
2023-03-15,A,18749.89,0.0
2023-03-16,A,18749.9,0.0
2023-03-17,A,18749.91,0.0
2023-03-18,A,18749.91,0.0
2023-03-19,A,18749.92,0.0
2023-03-20,A,18749.92,0.0
2023-03-21,A,18749.93,0.0
2023-03-22,A,18749.93,0.0
2023-03-23,A,18749.94,0.0
2023-03-24,A,18749.94,0.0
2023-03-25,A,18749.95,0.0
2023-03-26,A,18749.95,0.0
2023-03-27,A,18749.96,0.0
2023-03-28,A,18749.96,0.0
2023-03-29,A,18749.97,0.0
2023-03-30,A,18749.97,0.0
2023-03-31,A,18749.98,0.0
2023-04-01,A,18749.98,0.0
2023-04-02,A,18749.99,0.0
2023-04-03,A,18749.99,0.0
2023-04-04,A,18750.0,0.0
2023-04-05,A,18750.0,0.0
2023-04-06,A,18750.01,0.0
2023-04-07,A,18750.01,0.0
2023-04-08,A,18750.02,0.0
2023-04-09,A,18750.02,0.0
2023-04-10,A,18750.03,0.0
2023-04-11,A,18750.03,0.0
2023-04-12,A,18750.04,0.0
2023-04-13,A,18750.04,0.0
2023-04-14,A,18750.05,0.0
2023-04-15,A,18750.05,0.0
2023-04-16,A,18750.06,0.0
2023-04-17,A,18750.06,0.0
2023-04-18,A,18750.07,0.0
2023-04-19,A,18750.07,0.0
2023-04-20,A,18750.08,0.0
2023-04-21,A,18750.09,0.0
2023-04-22,A,18750.09,0.0
2023-04-23,A,18750.1,0.0
2023-04-24,A,18750.1,0.0
2023-04-25,A,18750.11,0.0
2023-04-26,A,18750.11,0.0
2023-04-27,A,18750.12,0.0
2023-04-28,A,18750.12,0.0
2023-04-29,A,18750.13,0.0
2023-04-30,A,18750.13,0.0
2023-05-01,A,18750.14,0.0
2023-05-02,A,18750.14,0.0
2023-05-03,A,18750.15,0.0
2023-05-04,A,18750.15,0.0
2023-05-05,A,18750.16,0.0
2023-05-06,A,18750.16,0.0
2023-05-07,A,18750.17,0.0
2023-05-08,A,18750.17,0.0
2023-05-09,A,18750.18,0.0
2023-05-10,A,18750.18,0.0
2023-05-11,A,18750.19,0.0
2023-05-12,A,18750.19,0.0
2023-05-13,A,18750.2,0.0
2023-05-14,A,18750.2,0.0
2023-05-15,A,18750.21,0.0
2023-05-16,A,18750.21,0.0
2023-05-17,A,18750.22,0.0
2023-05-18,A,18750.22,0.0
2023-05-19,A,18750.23,0.0
2023-05-20,A,18750.23,0.0
2023-05-21,A,18750.24,0.0
2023-05-22,A,18750.24,0.0
2023-05-23,A,18750.25,0.0
2023-05-24,A,18750.25,0.0
2023-05-25,A,18750.26,0.0
2023-05-26,A,18750.26,0.0
2023-05-27,A,18750.27,0.0
2023-05-28,A,18750.28,0.0
2023-05-29,A,18750.28,0.0
2023-05-30,A,18750.29,0.0
2023-05-31,A,18750.29,0.0
2023-06-01,A,18750.3,0.0
2023-06-02,A,18750.3,0.0
2023-06-03,A,18750.31,0.0
2023-06-04,A,18750.31,0.0
2023-06-05,A,18750.32,0.0
2023-06-06,A,18750.32,0.0
2023-06-07,A,18750.33,0.0
2023-06-08,A,18750.33,0.0
2023-06-09,A,18750.34,0.0
2023-06-10,A,18750.34,0.0
2023-06-11,A,18750.35,0.0
2023-06-12,A,18750.35,0.0
2023-06-13,A,18750.36,0.0
2023-06-14,A,18750.36,0.0
2023-06-15,A,18750.37,0.0
2023-06-16,A,18750.37,0.0
2023-06-17,A,18750.38,0.0
2023-06-18,A,18750.38,0.0
2023-06-19,A,18750.39,0.0
2023-06-20,A,18750.39,0.0
2023-06-21,A,18750.4,0.0
2023-06-22,A,18750.4,0.0
2023-06-23,A,18750.41,0.0
2023-06-24,A,18750.41,0.0
2023-06-25,A,18750.42,0.0
2023-06-26,A,18750.42,0.0
2023-06-27,A,18750.43,0.0
2023-06-28,A,18750.43,0.0
2023-06-29,A,18750.44,0.0
2023-06-30,A,18750.44,0.0
2023-07-01,A,18750.45,0.0
2023-07-02,A,18750.45,0.0
2023-07-03,A,18750.46,0.0
2023-07-04,A,18750.47,0.0
2023-07-05,A,18750.47,0.0
2023-07-06,A,18750.48,0.0
2023-07-07,A,18750.48,0.0
2023-07-08,A,18750.49,0.0
2023-07-09,A,18750.49,0.0
2023-07-10,A,18750.5,0.0
2023-07-11,A,18750.5,0.0
2023-07-12,A,18750.51,0.0
2023-07-13,A,18750.51,0.0
2023-07-14,A,18750.52,0.0
2023-07-15,A,18750.52,0.0
2023-07-16,A,18750.53,0.0
2023-07-17,A,18750.53,0.0
2023-07-18,A,18750.54,0.0
2023-07-19,A,18750.54,0.0
2023-07-20,A,18750.55,0.0
2023-07-21,A,18750.55,0.0
2023-07-22,A,18750.56,0.0
2023-07-23,A,18750.56,0.0
2023-07-24,A,18750.57,0.0
2023-07-25,A,18750.57,0.0
2023-07-26,A,18750.58,0.0
2023-07-27,A,18750.58,0.0
2023-07-28,A,18750.59,0.0
2023-07-29,A,18750.59,0.0
2023-07-30,A,18750.6,0.0
2023-07-31,A,18750.6,0.0
2023-08-01,A,18750.61,0.0
2023-08-02,A,18750.61,0.0
2023-08-03,A,18750.62,0.0
2023-08-04,A,18750.62,0.0
2023-08-05,A,18750.63,0.0
2023-08-06,A,18750.63,0.0
2023-08-07,A,18750.64,0.0
2023-08-08,A,18750.64,0.0
2023-08-09,A,18750.65,0.0
2023-08-10,A,18750.66,0.0
2023-08-11,A,18750.66,0.0
2023-08-12,A,18750.67,0.0
2023-08-13,A,18750.67,0.0
2023-08-14,A,18750.68,0.0
2023-08-15,A,18750.68,0.0
2023-08-16,A,18750.69,0.0
2023-08-17,A,18750.69,0.0
2023-08-18,A,18750.7,0.0
2023-08-19,A,18750.7,0.0
2023-08-20,A,18750.71,0.0
2023-08-21,A,18750.71,0.0
2023-08-22,A,18750.72,0.0
2023-08-23,A,18750.72,0.0
2023-08-24,A,18750.73,0.0
2023-08-25,A,18750.73,0.0
2023-08-26,A,18750.74,0.0
2023-08-27,A,18750.74,0.0
2023-08-28,A,18750.75,0.0
2023-08-29,A,18750.75,0.0
2023-08-30,A,18750.76,0.0
2023-08-31,A,18750.76,0.0
2023-09-01,A,18750.77,0.0
2023-09-02,A,18750.77,0.0
2023-09-03,A,18750.78,0.0
2023-09-04,A,18750.78,0.0
2023-09-05,A,18750.79,0.0
2023-09-06,A,18750.79,0.0
2023-09-07,A,18750.8,0.0
2023-09-08,A,18750.8,0.0
2023-09-09,A,18750.81,0.0
2023-09-10,A,18750.81,0.0
2023-09-11,A,18750.82,0.0
2023-09-12,A,18750.82,0.0
2023-09-13,A,18750.83,0.0
2023-09-14,A,18750.84,0.0
2023-09-15,A,18750.84,0.0
2023-09-16,A,18750.85,0.0
2023-09-17,A,18750.85,0.0
2023-09-18,A,18750.86,0.0
2023-09-19,A,18750.86,0.0
2023-09-20,A,18750.87,0.0
2023-09-21,A,18750.87,0.0
2023-09-22,A,18750.88,0.0
2023-09-23,A,18750.88,0.0
2023-09-24,A,18750.89,0.0
2023-09-25,A,18750.89,0.0
2023-09-26,A,18750.9,0.0
2023-09-27,A,18750.9,0.0
2023-09-28,A,18750.91,0.0
2023-09-29,A,18750.91,0.0
2023-09-30,A,18750.92,0.0
2023-10-01,A,18750.92,0.0
2023-10-02,A,18750.93,0.0
2023-10-03,A,18750.93,0.0
2023-10-04,A,18750.94,0.0
2023-10-05,A,18750.94,0.0
2023-10-06,A,18750.95,0.0
2023-10-07,A,18750.95,0.0
2023-10-08,A,18750.96,0.0
2023-10-09,A,18750.96,0.0
2023-10-10,A,18750.97,0.0
2023-10-11,A,18750.97,0.0
2023-10-12,A,18750.98,0.0
2023-10-13,A,18750.98,0.0
2023-10-14,A,18750.99,0.0
2023-10-15,A,18750.99,0.0
2023-10-16,A,18751.0,0.0
2023-10-17,A,18751.0,0.0
2023-10-18,A,18751.01,0.0
2023-10-19,A,18751.01,0.0
2023-10-20,A,18751.02,0.0
2023-10-21,A,18751.03,0.0
2023-10-22,A,18751.03,0.0
2023-10-23,A,18751.04,0.0
2023-10-24,A,18751.04,0.0
2023-10-25,A,18751.05,0.0
2023-10-26,A,18751.05,0.0
2023-10-27,A,18751.06,0.0
2023-10-28,A,18751.06,0.0
2023-10-29,A,18751.07,0.0
2023-10-30,A,18751.07,0.0
2023-10-31,A,18751.08,0.0
2023-11-01,A,18751.08,0.0
2023-11-02,A,18751.09,0.0
2023-11-03,A,18751.09,0.0
2023-11-04,A,18751.1,0.0
2023-11-05,A,18751.1,0.0
2023-11-06,A,18751.11,0.0
2023-11-07,A,18751.11,0.0
2023-11-08,A,18751.12,0.0
2023-11-09,A,18751.12,0.0
2023-11-10,A,18751.13,0.0
2023-11-11,A,18751.13,0.0
2023-11-12,A,18751.14,0.0
2023-11-13,A,18751.14,0.0
2023-11-14,A,18751.15,0.0
2023-11-15,A,18751.15,0.0
2023-11-16,A,18751.16,0.0
2023-11-17,A,18751.16,0.0
2023-11-18,A,18751.17,0.0
2023-11-19,A,18751.17,0.0
2023-11-20,A,18751.18,0.0
2023-11-21,A,18751.18,0.0
2023-11-22,A,18751.19,0.0
2023-11-23,A,18751.19,0.0
2023-11-24,A,18751.2,0.0
2023-11-25,A,18751.2,0.0
2023-11-26,A,18751.21,0.0
2023-11-27,A,18751.22,0.0
2023-11-28,A,18751.22,0.0
2023-11-29,A,18751.23,0.0
2023-11-30,A,18751.23,0.0
2023-12-01,A,18751.24,0.0
2023-12-02,A,18751.24,0.0
2023-12-03,A,18751.25,0.0
2023-12-04,A,18751.25,0.0
2023-12-05,A,18751.26,0.0
2023-12-06,A,18751.26,0.0
2023-12-07,A,18751.27,0.0
2023-12-08,A,18751.27,0.0
2023-12-09,A,18751.28,0.0
2023-12-10,A,18751.28,0.0
2023-12-11,A,18751.29,0.0
2023-12-12,A,18751.29,0.0
2023-12-13,A,18751.3,0.0
2023-12-14,A,18751.3,0.0
2023-12-15,A,18751.31,0.0
2023-12-16,A,18751.31,0.0
2023-12-17,A,18751.32,0.0
2023-12-18,A,18751.32,0.0
2023-12-19,A,18751.33,0.0
2023-12-20,A,18751.33,0.0
2023-12-21,A,18751.34,0.0
2023-12-22,A,18751.34,0.0
2023-12-23,A,18751.35,0.0
2023-12-24,A,18751.35,0.0
2023-12-25,A,18751.36,0.0
2023-12-26,A,18751.36,0.0
2023-12-27,A,18751.37,0.0
2023-12-28,A,18751.37,0.0
2023-12-29,A,18751.38,0.0
2023-12-30,A,18751.38,0.0
2023-12-31,A,18751.39,0.0
2024-01-01,A,18751.39,0.0
2024-01-02,A,18751.4,0.0
2024-01-03,A,18751.41,0.0
2024-01-04,A,18751.41,0.0
2024-01-05,A,18751.42,0.0
2024-01-06,A,18751.42,0.0
2024-01-07,A,18751.43,0.0
2024-01-08,A,18751.43,0.0
2024-01-09,A,18751.44,0.0
2024-01-10,A,18751.44,0.0
2024-01-11,A,18751.45,0.0
2024-01-12,A,18751.45,0.0
2024-01-13,A,18751.46,0.0
2024-01-14,A,18751.46,0.0
2024-01-15,A,18751.47,0.0
2024-01-16,A,18751.47,0.0
2024-01-17,A,18751.48,0.0
2024-01-18,A,18751.48,0.0
2024-01-19,A,18751.49,0.0
2024-01-20,A,18751.49,0.0
2024-01-21,A,18751.5,0.0
2024-01-22,A,18751.5,0.0
2024-01-23,A,18751.51,0.0
2024-01-24,A,18751.51,0.0
2024-01-25,A,18751.52,0.0
2024-01-26,A,18751.52,0.0
2024-01-27,A,18751.53,0.0
2024-01-28,A,18751.53,0.0
2024-01-29,A,18751.54,0.0
2024-01-30,A,18751.54,0.0
2024-01-31,A,18751.55,0.0
2024-02-01,A,18751.55,0.0
2024-02-02,A,18751.56,0.0
2024-02-03,A,18751.56,0.0
2024-02-04,A,18751.57,0.0
2024-02-05,A,18751.57,0.0
2024-02-06,A,18751.58,0.0
2024-02-07,A,18751.59,0.0
2024-02-08,A,18751.59,0.0
2024-02-09,A,18751.6,0.0
2024-02-10,A,18751.6,0.0
2024-02-11,A,18751.61,0.0
2024-02-12,A,18751.61,0.0
2024-02-13,A,18751.62,0.0
2024-02-14,A,18751.62,0.0
2024-02-15,A,18751.63,0.0
2024-02-16,A,18751.63,0.0
2024-02-17,A,18751.64,0.0
2024-02-18,A,18751.64,0.0
2024-02-19,A,18751.65,0.0
2024-02-20,A,18751.65,0.0
2024-02-21,A,18751.66,0.0
2024-02-22,A,18751.66,0.0
2024-02-23,A,18751.67,0.0
2024-02-24,A,18751.67,0.0
2024-02-25,A,18751.68,0.0
2024-02-26,A,18751.68,0.0
2024-02-27,A,18751.69,0.0
2024-02-28,A,18751.69,0.0
2024-02-29,A,18751.7,0.0
2024-03-01,A,18751.7,0.0
2024-03-02,A,18751.71,0.0
2024-03-03,A,18751.71,0.0
2024-03-04,A,18751.72,0.0
2024-03-05,A,18751.72,0.0
2024-03-06,A,18751.73,0.0
2024-03-07,A,18751.73,0.0
2024-03-08,A,18751.74,0.0
2024-03-09,A,18751.74,0.0
2024-03-10,A,18751.75,0.0
2024-03-11,A,18751.75,0.0
2024-03-12,A,18751.76,0.0
2024-03-13,A,18751.76,0.0
2024-03-14,A,18751.77,0.0
2024-03-15,A,18751.78,0.0
2024-03-16,A,18751.78,0.0
2024-03-17,A,18751.79,0.0
2024-03-18,A,18751.79,0.0
2024-03-19,A,18751.8,0.0
2024-03-20,A,18751.8,0.0
2024-03-21,A,18751.81,0.0
2024-03-22,A,18751.81,0.0
2024-03-23,A,18751.82,0.0
2024-03-24,A,18751.82,0.0
2024-03-25,A,18751.83,0.0
2024-03-26,A,18751.83,0.0
2024-03-27,A,18751.84,0.0
2024-03-28,A,18751.84,0.0
2024-03-29,A,18751.85,0.0
2024-03-30,A,18751.85,0.0
2024-03-31,A,18751.86,0.0
2024-04-01,A,18751.86,0.0
2024-04-02,A,18751.87,0.0
2024-04-03,A,18751.87,0.0
2024-04-04,A,18751.88,0.0
2024-04-05,A,18751.88,0.0
2024-04-06,A,18751.89,0.0
2024-04-07,A,18751.89,0.0
2024-04-08,A,18751.9,0.0
2024-04-09,A,18751.9,0.0
2024-04-10,A,18751.91,0.0
2024-04-11,A,18751.91,0.0
2024-04-12,A,18751.92,0.0
2024-04-13,A,18751.92,0.0
2024-04-14,A,18751.93,0.0
2024-04-15,A,18751.93,0.0
2024-04-16,A,18751.94,0.0
2024-04-17,A,18751.94,0.0
2024-04-18,A,18751.95,0.0
2024-04-19,A,18751.95,0.0
2024-04-20,A,18751.96,0.0
2024-04-21,A,18751.97,0.0
2024-04-22,A,18751.97,0.0
2024-04-23,A,18751.98,0.0
2024-04-24,A,18751.98,0.0
2024-04-25,A,18751.99,0.0
2024-04-26,A,18751.99,0.0
2024-04-27,A,18752.0,0.0
2024-04-28,A,18752.0,0.0
2024-04-29,A,18752.01,0.0
2024-04-30,A,18752.01,0.0
2024-05-01,A,18752.02,0.0
2024-05-02,A,18752.02,0.0
2024-05-03,A,18752.03,0.0
2024-05-04,A,18752.03,0.0
2024-05-05,A,18752.04,0.0
2024-05-06,A,18752.04,0.0
2024-05-07,A,18752.05,0.0
2024-05-08,A,18752.05,0.0
2024-05-09,A,18752.06,0.0
2024-05-10,A,18752.06,0.0
2024-05-11,A,18752.07,0.0
2024-05-12,A,18752.07,0.0
2024-05-13,A,18752.08,0.0
2024-05-14,A,18752.08,0.0
2024-05-15,A,18752.09,0.0
2024-05-16,A,18752.09,0.0
2024-05-17,A,18752.1,0.0
2024-05-18,A,18752.1,0.0
2024-05-19,A,18752.11,0.0
2024-05-20,A,18752.11,0.0
2024-05-21,A,18752.12,0.0
2024-05-22,A,18752.12,0.0
2024-05-23,A,18752.13,0.0
2024-05-24,A,18752.13,0.0
2024-05-25,A,18752.14,0.0
2024-05-26,A,18752.15,0.0
2024-05-27,A,18752.15,0.0
2024-05-28,A,18752.16,0.0
2024-05-29,A,18752.16,0.0
2024-05-30,A,18752.17,0.0
2024-05-31,A,18752.17,0.0
2024-06-01,A,18752.18,0.0
2024-06-02,A,18752.18,0.0
2024-06-03,A,18752.19,0.0
2024-06-04,A,18752.19,0.0
2024-06-05,A,18752.2,0.0
2024-06-06,A,18752.2,0.0
2024-06-07,A,18752.21,0.0
2024-06-08,A,18752.21,0.0
2024-06-09,A,18752.22,0.0
2024-06-10,A,18752.22,0.0
2024-06-11,A,18752.23,0.0
2024-06-12,A,18752.23,0.0
2024-06-13,A,18752.24,0.0
2024-06-14,A,18752.24,0.0
2024-06-15,A,18752.25,0.0
2024-06-16,A,18752.25,0.0
2024-06-17,A,18752.26,0.0
2024-06-18,A,18752.26,0.0
2024-06-19,A,18752.27,0.0
2024-06-20,A,18752.27,0.0
2024-06-21,A,18752.28,0.0
2024-06-22,A,18752.28,0.0
2024-06-23,A,18752.29,0.0
2024-06-24,A,18752.29,0.0
2024-06-25,A,18752.3,0.0
2024-06-26,A,18752.3,0.0
2024-06-27,A,18752.31,0.0
2024-06-28,A,18752.31,0.0
2024-06-29,A,18752.32,0.0
2024-06-30,A,18752.32,0.0
2024-07-01,A,18752.33,0.0
2024-07-02,A,18752.34,0.0
2024-07-03,A,18752.34,0.0
2024-07-04,A,18752.35,0.0
2024-07-05,A,18752.35,0.0
2024-07-06,A,18752.36,0.0
2024-07-07,A,18752.36,0.0
2024-07-08,A,18752.37,0.0
2024-07-09,A,18752.37,0.0
2024-07-10,A,18752.38,0.0
2024-07-11,A,18752.38,0.0
2024-07-12,A,18752.39,0.0
2024-07-13,A,18752.39,0.0
2024-07-14,A,18752.4,0.0
2024-07-15,A,18752.4,0.0
2024-07-16,A,18752.41,0.0
2024-07-17,A,18752.41,0.0
2024-07-18,A,18752.42,0.0
2024-07-19,A,18752.42,0.0
2024-07-20,A,18752.43,0.0
2024-07-21,A,18752.43,0.0
2024-07-22,A,18752.44,0.0
2024-07-23,A,18752.44,0.0
2024-07-24,A,18752.45,0.0
2024-07-25,A,18752.45,0.0
2024-07-26,A,18752.46,0.0
2024-07-27,A,18752.46,0.0
2024-07-28,A,18752.47,0.0
2024-07-29,A,18752.47,0.0
2024-07-30,A,18752.48,0.0
2024-07-31,A,18752.48,0.0
2024-08-01,A,18752.49,0.0
2024-08-02,A,18752.49,0.0
2024-08-03,A,18752.5,0.0
2024-08-04,A,18752.5,0.0
2024-08-05,A,18752.51,0.0
2024-08-06,A,18752.51,0.0
2024-08-07,A,18752.52,0.0
2024-08-08,A,18752.53,0.0
2024-08-09,A,18752.53,0.0
2024-08-10,A,18752.54,0.0
2024-08-11,A,18752.54,0.0
2024-08-12,A,18752.55,0.0
2024-08-13,A,18752.55,0.0
2024-08-14,A,18752.56,0.0
2024-08-15,A,18752.56,0.0
2024-08-16,A,18752.57,0.0
2024-08-17,A,18752.57,0.0
2024-08-18,A,18752.58,0.0
2024-08-19,A,18752.58,0.0
2024-08-20,A,18752.59,0.0
2024-08-21,A,18752.59,0.0
2024-08-22,A,18752.6,0.0
2024-08-23,A,18752.6,0.0
2024-08-24,A,18752.61,0.0
2024-08-25,A,18752.61,0.0
2024-08-26,A,18752.62,0.0
2024-08-27,A,18752.62,0.0
2024-08-28,A,18752.63,0.0
2024-08-29,A,18752.63,0.0
2024-08-30,A,18752.64,0.0
2024-08-31,A,18752.64,0.0
2024-09-01,A,18752.65,0.0
2024-09-02,A,18752.65,0.0
2024-09-03,A,18752.66,0.0
2024-09-04,A,18752.66,0.0
2024-09-05,A,18752.67,0.0
2024-09-06,A,18752.67,0.0
2024-09-07,A,18752.68,0.0
2024-09-08,A,18752.68,0.0
2024-09-09,A,18752.69,0.0
2024-09-10,A,18752.69,0.0
2024-09-11,A,18752.7,0.0
2024-09-12,A,18752.7,0.0
2024-09-13,A,18752.71,0.0
2024-09-14,A,18752.72,0.0
2024-09-15,A,18752.72,0.0
2024-09-16,A,18752.73,0.0
2024-09-17,A,18752.73,0.0
2024-09-18,A,18752.74,0.0
2024-09-19,A,18752.74,0.0
2024-09-20,A,18752.75,0.0
2024-09-21,A,18752.75,0.0
2024-09-22,A,18752.76,0.0
2024-09-23,A,18752.76,0.0
2024-09-24,A,18752.77,0.0
2024-09-25,A,18752.77,0.0
2024-09-26,A,18752.78,0.0
2024-09-27,A,18752.78,0.0
2024-09-28,A,18752.79,0.0
2024-09-29,A,18752.79,0.0
2024-09-30,A,18752.8,0.0
2024-10-01,A,18752.8,0.0
2024-10-02,A,18752.81,0.0
2024-10-03,A,18752.81,0.0
2024-10-04,A,18752.82,0.0
2024-10-05,A,18752.82,0.0
2024-10-06,A,18752.83,0.0
2024-10-07,A,18752.83,0.0
2024-10-08,A,18752.84,0.0
2024-10-09,A,18752.84,0.0
2024-10-10,A,18752.85,0.0
2024-10-11,A,18752.85,0.0
2024-10-12,A,18752.86,0.0
2024-10-13,A,18752.86,0.0
2024-10-14,A,18752.87,0.0
2024-10-15,A,18752.87,0.0
2024-10-16,A,18752.88,0.0
2024-10-17,A,18752.88,0.0
2024-10-18,A,18752.89,0.0
2024-10-19,A,18752.9,0.0
2024-10-20,A,18752.9,0.0
2024-10-21,A,18752.91,0.0
2024-10-22,A,18752.91,0.0
2024-10-23,A,18752.92,0.0
2024-10-24,A,18752.92,0.0
2024-10-25,A,18752.93,0.0
2024-10-26,A,18752.93,0.0
2024-10-27,A,18752.94,0.0
2024-10-28,A,18752.94,0.0
2024-10-29,A,18752.95,0.0
2024-10-30,A,18752.95,0.0
2024-10-31,A,18752.96,0.0
2024-11-01,A,18752.96,0.0
2024-11-02,A,18752.97,0.0
2024-11-03,A,18752.97,0.0
2024-11-04,A,18752.98,0.0
2024-11-05,A,18752.98,0.0
2024-11-06,A,18752.99,0.0
2024-11-07,A,18752.99,0.0
2024-11-08,A,18753.0,0.0
2024-11-09,A,18753.0,0.0
2024-11-10,A,18753.01,0.0
2024-11-11,A,18753.01,0.0
2024-11-12,A,18753.02,0.0
2024-11-13,A,18753.02,0.0
2024-11-14,A,18753.03,0.0
2024-11-15,A,18753.03,0.0
2024-11-16,A,18753.04,0.0
2024-11-17,A,18753.04,0.0
2024-11-18,A,18753.05,0.0
2024-11-19,A,18753.05,0.0
2024-11-20,A,18753.06,0.0
2024-11-21,A,18753.06,0.0
2024-11-22,A,18753.07,0.0
2024-11-23,A,18753.07,0.0
2024-11-24,A,18753.08,0.0
2024-11-25,A,18753.09,0.0
2024-11-26,A,18753.09,0.0
2024-11-27,A,18753.1,0.0
2024-11-28,A,18753.1,0.0
2024-11-29,A,18753.11,0.0
2024-11-30,A,18753.11,0.0
2024-12-01,A,18753.12,0.0
2024-12-02,A,18753.12,0.0
2024-12-03,A,18753.13,0.0
2024-12-04,A,18753.13,0.0
2024-12-05,A,18753.14,0.0
2024-12-06,A,18753.14,0.0
2024-12-07,A,18753.15,0.0
2024-12-08,A,18753.15,0.0
2024-12-09,A,18753.16,0.0
2024-12-10,A,18753.16,0.0
2024-12-11,A,18753.17,0.0
2024-12-12,A,18753.17,0.0
2024-12-13,A,18753.18,0.0
2024-12-14,A,18753.18,0.0
2024-12-15,A,18753.19,0.0
2024-12-16,A,18753.19,0.0
2024-12-17,A,18753.2,0.0
2024-12-18,A,18753.2,0.0
2024-12-19,A,18753.21,0.0
2024-12-20,A,18753.21,0.0
2024-12-21,A,18753.22,0.0
2024-12-22,A,18753.22,0.0
2024-12-23,A,18753.23,0.0
2024-12-24,A,18753.23,0.0
2024-12-25,A,18753.24,0.0
2024-12-26,A,18753.24,0.0
2024-12-27,A,18753.25,0.0
2024-12-28,A,18753.25,0.0
2024-12-29,A,18753.26,0.0
2024-12-30,A,18753.26,0.0
2024-12-31,A,18753.27,0.0
2025-01-01,A,18753.28,0.0
2025-01-02,A,18753.28,0.0
2025-01-03,A,18753.29,0.0
2025-01-04,A,18753.29,0.0
2025-01-05,A,18753.3,0.0
2025-01-06,A,18753.3,0.0
2025-01-07,A,18753.31,0.0
2025-01-08,A,18753.31,0.0
2025-01-09,A,18753.32,0.0
2025-01-10,A,18753.32,0.0
2025-01-11,A,18753.33,0.0
2025-01-12,A,18753.33,0.0
2025-01-13,A,18753.34,0.0
2025-01-14,A,18753.34,0.0
2025-01-15,A,18753.35,0.0
2025-01-16,A,18753.35,0.0
2025-01-17,A,18753.36,0.0
2025-01-18,A,18753.36,0.0
2025-01-19,A,18753.37,0.0
2025-01-20,A,18753.37,0.0
2025-01-21,A,18753.38,0.0
2025-01-22,A,18753.38,0.0
2025-01-23,A,18753.39,0.0
2025-01-24,A,18753.39,0.0
2025-01-25,A,18753.4,0.0
2025-01-26,A,18753.4,0.0
2025-01-27,A,18753.41,0.0
2025-01-28,A,18753.41,0.0
2025-01-29,A,18753.42,0.0
2025-01-30,A,18753.42,0.0
2025-01-31,A,18753.43,0.0
2025-02-01,A,18753.43,0.0
2025-02-02,A,18753.44,0.0
2025-02-03,A,18753.44,0.0
2025-02-04,A,18753.45,0.0
2025-02-05,A,18753.46,0.0
2025-02-06,A,18753.46,0.0
2025-02-07,A,18753.47,0.0
2025-02-08,A,18753.47,0.0
2025-02-09,A,18753.48,0.0
2025-02-10,A,18753.48,0.0
2025-02-11,A,18753.49,0.0
2025-02-12,A,18753.49,0.0
2025-02-13,A,18753.5,0.0
2025-02-14,A,18753.5,0.0
2025-02-15,A,18753.51,0.0
2025-02-16,A,18753.51,0.0
2025-02-17,A,18753.52,0.0
2025-02-18,A,18753.52,0.0
2025-02-19,A,18753.53,0.0
2025-02-20,A,18753.53,0.0
2025-02-21,A,18753.54,0.0
2025-02-22,A,18753.54,0.0
2025-02-23,A,18753.55,0.0
2025-02-24,A,18753.55,0.0
2025-02-25,A,18753.56,0.0
2025-02-26,A,18753.56,0.0
2025-02-27,A,18753.57,0.0
2025-02-28,A,18753.57,0.0
2025-03-01,A,18753.58,0.0
2025-03-02,A,18753.58,0.0
2025-03-03,A,18753.59,0.0
2025-03-04,A,18753.59,0.0
2025-03-05,A,18753.6,0.0
2025-03-06,A,18753.6,0.0
2025-03-07,A,18753.61,0.0
2025-03-08,A,18753.61,0.0
2025-03-09,A,18753.62,0.0
2025-03-10,A,18753.62,0.0
2025-03-11,A,18753.63,0.0
2025-03-12,A,18753.63,0.0
2025-03-13,A,18753.64,0.0
2025-03-14,A,18753.65,0.0
2025-03-15,A,18753.65,0.0
2025-03-16,A,18753.66,0.0
2025-03-17,A,18753.66,0.0
2025-03-18,A,18753.67,0.0
2025-03-19,A,18753.67,0.0
2025-03-20,A,18753.68,0.0
2025-03-21,A,18753.68,0.0
2025-03-22,A,18753.69,0.0
2025-03-23,A,18753.69,0.0
2025-03-24,A,18753.7,0.0
2025-03-25,A,18753.7,0.0
2025-03-26,A,18753.71,0.0
2025-03-27,A,18753.71,0.0
2025-03-28,A,18753.72,0.0
2025-03-29,A,18753.72,0.0
2025-03-30,A,18753.73,0.0
2025-03-31,A,18753.73,0.0
2025-04-01,A,18753.74,0.0
2025-04-02,A,18753.74,0.0
2025-04-03,A,18753.75,0.0
2025-04-04,A,18753.75,0.0
2025-04-05,A,18753.76,0.0
2025-04-06,A,18753.76,0.0
2025-04-07,A,18753.77,0.0
2025-04-08,A,18753.77,0.0
2025-04-09,A,18753.78,0.0
2025-04-10,A,18753.78,0.0
2025-04-11,A,18753.79,0.0
2025-04-12,A,18753.79,0.0
2025-04-13,A,18753.8,0.0
2025-04-14,A,18753.8,0.0
2025-04-15,A,18753.81,0.0
2025-04-16,A,18753.81,0.0
2025-04-17,A,18753.82,0.0
2025-04-18,A,18753.82,0.0
2025-04-19,A,18753.83,0.0
2025-04-20,A,18753.84,0.0
2025-04-21,A,18753.84,0.0
2025-04-22,A,18753.85,0.0
2025-04-23,A,18753.85,0.0
2025-04-24,A,18753.86,0.0
2025-04-25,A,18753.86,0.0
2025-04-26,A,18753.87,0.0
2025-04-27,A,18753.87,0.0
2025-04-28,A,18753.88,0.0
2025-04-29,A,18753.88,0.0
2025-04-30,A,18753.89,0.0
2025-05-01,A,18753.89,0.0
2025-05-02,A,18753.9,0.0
2025-05-03,A,18753.9,0.0
2025-05-04,A,18753.91,0.0
2025-05-05,A,18753.91,0.0
2025-05-06,A,18753.92,0.0
2025-05-07,A,18753.92,0.0
2025-05-08,A,18753.93,0.0
2025-05-09,A,18753.93,0.0
2025-05-10,A,18753.94,0.0
2025-05-11,A,18753.94,0.0
2025-05-12,A,18753.95,0.0
2025-05-13,A,18753.95,0.0
2025-05-14,A,18753.96,0.0
2025-05-15,A,18753.96,0.0
2025-05-16,A,18753.97,0.0
2025-05-17,A,18753.97,0.0
2025-05-18,A,18753.98,0.0
2025-05-19,A,18753.98,0.0
2025-05-20,A,18753.99,0.0
2025-05-21,A,18753.99,0.0
2025-05-22,A,18754.0,0.0
2025-05-23,A,18754.0,0.0
2025-05-24,A,18754.01,0.0
2025-05-25,A,18754.02,0.0
2025-05-26,A,18754.02,0.0
2025-05-27,A,18754.03,0.0
2025-05-28,A,18754.03,0.0
2025-05-29,A,18754.04,0.0
2025-05-30,A,18754.04,0.0
2025-05-31,A,18754.05,0.0
2025-06-01,A,18754.05,0.0
2025-06-02,A,18754.06,0.0
2025-06-03,A,18754.06,0.0
2025-06-04,A,18754.07,0.0
2025-06-05,A,18754.07,0.0
2025-06-06,A,18754.08,0.0
2025-06-07,A,18754.08,0.0
2025-06-08,A,18754.09,0.0
2025-06-09,A,18754.09,0.0
2025-06-10,A,18754.1,0.0
2025-06-11,A,18754.1,0.0
2025-06-12,A,18754.11,0.0
2025-06-13,A,18754.11,0.0
2025-06-14,A,18754.12,0.0
2025-06-15,A,18754.12,0.0
2025-06-16,A,18754.13,0.0
2025-06-17,A,18754.13,0.0
2025-06-18,A,18754.14,0.0
2025-06-19,A,18754.14,0.0
2025-06-20,A,18754.15,0.0
2025-06-21,A,18754.15,0.0
2025-06-22,A,18754.16,0.0
2025-06-23,A,18754.16,0.0
2025-06-24,A,18754.17,0.0
2025-06-25,A,18754.17,0.0
2025-06-26,A,18754.18,0.0
2025-06-27,A,18754.18,0.0
2025-06-28,A,18754.19,0.0
2025-06-29,A,18754.19,0.0
2025-06-30,A,18754.2,0.0
2025-07-01,A,18754.21,0.0
2025-07-02,A,18754.21,0.0
2025-07-03,A,18754.22,0.0
2025-07-04,A,18754.22,0.0
2025-07-05,A,18754.23,0.0
2025-07-06,A,18754.23,0.0
2025-07-07,A,18754.24,0.0
2025-07-08,A,18754.24,0.0
2025-07-09,A,18754.25,0.0
2025-07-10,A,18754.25,0.0
2025-07-11,A,18754.26,0.0
2025-07-12,A,18754.26,0.0
2025-07-13,A,18754.27,0.0
2025-07-14,A,18754.27,0.0
2025-07-15,A,18754.28,0.0
2025-07-16,A,18754.28,0.0
2025-07-17,A,18754.29,0.0
2025-07-18,A,18754.29,0.0
2025-07-19,A,18754.3,0.0
2025-07-20,A,18754.3,0.0
2025-07-21,A,18754.31,0.0
2025-07-22,A,18754.31,0.0
2025-07-23,A,18754.32,0.0
2025-07-24,A,18754.32,0.0
2025-07-25,A,18754.33,0.0
2025-07-26,A,18754.33,0.0
2025-07-27,A,18754.34,0.0
2025-07-28,A,18754.34,0.0
2025-07-29,A,18754.35,0.0
2025-07-30,A,18754.35,0.0
2025-07-31,A,18754.36,0.0
2025-08-01,A,18754.36,0.0
2025-08-02,A,18754.37,0.0
2025-08-03,A,18754.37,0.0
2025-08-04,A,18754.38,0.0
2025-08-05,A,18754.39,0.0
2025-08-06,A,18754.39,0.0
2025-08-07,A,18754.4,0.0
2025-08-08,A,18754.4,0.0
2025-08-09,A,18754.41,0.0
2025-08-10,A,18754.41,0.0
2025-08-11,A,18754.42,0.0
2025-08-12,A,18754.42,0.0
2025-08-13,A,18754.43,0.0
2025-08-14,A,18754.43,0.0
2025-08-15,A,18754.44,0.0
2025-08-16,A,18754.44,0.0
2025-08-17,A,18754.45,0.0
2025-08-18,A,18754.45,0.0
2025-08-19,A,18754.46,0.0
2025-08-20,A,18754.46,0.0
2025-08-21,A,18754.47,0.0
2025-08-22,A,18754.47,0.0
2025-08-23,A,18754.48,0.0
2025-08-24,A,18754.48,0.0
2025-08-25,A,18754.49,0.0
2025-08-26,A,18754.49,0.0
2025-08-27,A,18754.5,0.0
2025-08-28,A,18754.5,0.0
2025-08-29,A,18754.51,0.0
2025-08-30,A,18754.51,0.0
2025-08-31,A,18754.52,0.0
2025-09-01,A,18754.52,0.0
2025-09-02,A,18754.53,0.0
2025-09-03,A,18754.53,0.0
2025-09-04,A,18754.54,0.0
2025-09-05,A,18754.54,0.0
2025-09-06,A,18754.55,0.0
2025-09-07,A,18754.55,0.0
2025-09-08,A,18754.56,0.0
2025-09-09,A,18754.56,0.0
2025-09-10,A,18754.57,0.0
2025-09-11,A,18754.58,0.0
2025-09-12,A,18754.58,0.0
2025-09-13,A,18754.59,0.0
2025-09-14,A,18754.59,0.0
2025-09-15,A,18754.6,0.0
2025-09-16,A,18754.6,0.0
2025-09-17,A,18754.61,0.0
2025-09-18,A,18754.61,0.0
2025-09-19,A,18754.62,0.0
2025-09-20,A,18754.62,0.0
2025-09-21,A,18754.63,0.0
2025-09-22,A,18754.63,0.0
2025-09-23,A,18754.64,0.0
2025-09-24,A,18754.64,0.0
2025-09-25,A,18754.65,0.0
2025-09-26,A,18754.65,0.0
2025-09-27,A,18754.66,0.0
2025-09-28,A,18754.66,0.0
2025-09-29,A,18754.67,0.0
2025-09-30,A,18754.67,0.0
2025-10-01,A,18754.68,0.0
2025-10-02,A,18754.68,0.0
2025-10-03,A,18754.69,0.0
2025-10-04,A,18754.69,0.0
2025-10-05,A,18754.7,0.0
2025-10-06,A,18754.7,0.0
2025-10-07,A,18754.71,0.0
2025-10-08,A,18754.71,0.0
2025-10-09,A,18754.72,0.0
2025-10-10,A,18754.72,0.0
2025-10-11,A,18754.73,0.0
2025-10-12,A,18754.73,0.0
2025-10-13,A,18754.74,0.0
2025-10-14,A,18754.74,0.0
2025-10-15,A,18754.75,0.0
2025-10-16,A,18754.75,0.0
2025-10-17,A,18754.76,0.0
2025-10-18,A,18754.77,0.0
2025-10-19,A,18754.77,0.0
2025-10-20,A,18754.78,0.0
2025-10-21,A,18754.78,0.0
2025-10-22,A,18754.79,0.0
2025-10-23,A,18754.79,0.0
2025-10-24,A,18754.8,0.0
2025-10-25,A,18754.8,0.0
2025-10-26,A,18754.81,0.0
2025-10-27,A,18754.81,0.0
2025-10-28,A,18754.82,0.0
2025-10-29,A,18754.82,0.0
2025-10-30,A,18754.83,0.0
2025-10-31,A,18754.83,0.0
2025-11-01,A,18754.84,0.0
2025-11-02,A,18754.84,0.0
2025-11-03,A,18754.85,0.0
2025-11-04,A,18754.85,0.0
2025-11-05,A,18754.86,0.0
2025-11-06,A,18754.86,0.0
2025-11-07,A,18754.87,0.0
2025-11-08,A,18754.87,0.0
2025-11-09,A,18754.88,0.0
2025-11-10,A,18754.88,0.0
2025-11-11,A,18754.89,0.0
2025-11-12,A,18754.89,0.0
2025-11-13,A,18754.9,0.0
2025-11-14,A,18754.9,0.0
2025-11-15,A,18754.91,0.0
2025-11-16,A,18754.91,0.0
2025-11-17,A,18754.92,0.0
2025-11-18,A,18754.92,0.0
2025-11-19,A,18754.93,0.0
2025-11-20,A,18754.93,0.0
2025-11-21,A,18754.94,0.0
2025-11-22,A,18754.95,0.0
2025-11-23,A,18754.95,0.0
2025-11-24,A,18754.96,0.0
2025-11-25,A,18754.96,0.0
2025-11-26,A,18754.97,0.0
2025-11-27,A,18754.97,0.0
2025-11-28,A,18754.98,0.0
2025-11-29,A,18754.98,0.0
2025-11-30,A,18754.99,0.0
2025-12-01,A,18754.99,0.0
2025-12-02,A,18755.0,0.0
2025-12-03,A,18755.0,0.0
2025-12-04,A,18755.01,0.0
2025-12-05,A,18755.01,0.0
2025-12-06,A,18755.02,0.0
2025-12-07,A,18755.02,0.0
2025-12-08,A,18755.03,0.0
2025-12-09,A,18755.03,0.0
2025-12-10,A,18755.04,0.0
2025-12-11,A,18755.04,0.0
2025-12-12,A,18755.05,0.0
2025-12-13,A,18755.05,0.0
2025-12-14,A,18755.06,0.0
2025-12-15,A,18755.06,0.0
2025-12-16,A,18755.07,0.0
2025-12-17,A,18755.07,0.0
2025-12-18,A,18755.08,0.0
2025-12-19,A,18755.08,0.0
2025-12-20,A,18755.09,0.0
2025-12-21,A,18755.09,0.0
2025-12-22,A,18755.1,0.0
2025-12-23,A,18755.1,0.0
2025-12-24,A,18755.11,0.0
2025-12-25,A,18755.11,0.0
2025-12-26,A,18755.12,0.0
2025-12-27,A,18755.12,0.0
2025-12-28,A,18755.13,0.0
2025-12-29,A,18755.14,0.0
2025-12-30,A,18755.14,0.0
2025-12-31,A,18755.15,0.0
