Date,FTSE SmallCap,FTSE AllShare,FTSE 100,Open_NASDAQ,High_NASDAQ,Low_NASDAQ,NASDAQ_Close/Last,Open_NIFTY,High_NIFTY,Low_NIFTY,NIFTY_Close_x
05-05-2015,4655.603034,3744.864385,6927.577143,4464.21,4472.23,4407.27,4409.39,8338.4,8355.65,8280.6,8324.8
06-05-2015,4666.584641,3746.500378,6933.73816,4420.3,4429.96,4349.93,4379.75,8316.6,8331.95,8083,8097
07-05-2015,4629.01234,3726.246393,6886.949673,4377.81,4413.73,4373.29,4401.55,8077,8122.6,7997.15,8057.3
08-05-2015,4695.349833,3814.448611,7046.823511,4445,4466.17,4441.73,4458.65,8131.5,8224.95,8123.45,8191.5
11-05-2015,4720.11568,3805.483209,7029.849401,4457.62,4468.75,4437.53,4438.64,8243.2,8332.75,8224.65,8325.25
12-05-2015,4686.892908,3756.45254,6933.798385,4412.82,4441.4,4380.52,4420.65,8326.15,8326.65,8115.3,8126.95
13-05-2015,4705.05688,3769.694128,6949.629183,4436.08,4460.54,4421.75,4426.56,8181.55,8254.95,8089.8,8235.45
14-05-2015,4714.849827,3782.486715,6973.036018,4461.07,4496.25,4448.38,4495.04,8232.45,8236.25,8137.3,8224.2
15-05-2015,4710.134635,3779.957282,6960.486524,4505.39,4509.13,4482.55,4494.29,8240.3,8279.2,8212.2,8262.35
18-05-2015,4734.352612,3784.334572,6968.871705,4487.14,4521.01,4483.76,4512.95,8284.95,8384.6,8271.95,8373.65
19-05-2015,4752.545893,3801.504781,6995.099553,4514.66,4521.85,4498.53,4503.72,8356.2,8427.8,8335,8365.65
20-05-2015,4764.807005,3805.773519,7007.263938,4505.59,4533.92,4484.52,4505.3,8392.65,8440.35,8391.45,8423.25
21-05-2015,4762.955317,3809.08274,7013.474251,4499.42,4537.28,4495.39,4529.47,8434.5,8446.35,8382.5,8421
22-05-2015,4781.184116,3818.840532,7031.721175,4522.86,4542.46,4522.61,4527.16,8432.5,8489.55,8420.6,8458.95
26-05-2015,4773.603452,3779.299351,6948.992171,4516.63,4521.85,4456.76,4472.96,8377.1,8378.9,8320.05,8339.35
27-05-2015,4783.679161,3821.130047,7033.328567,4488.05,4551.53,4479.74,4546.06,8302.75,8342.85,8277.95,8334.6
28-05-2015,4792.409895,3824.667084,7040.923737,4537.48,4548.24,4523.55,4535.66,8345.7,8364.5,8270.15,8319
29-05-2015,4790.475113,3797.117932,6984.426965,4532.15,4539.57,4499.65,4508.25,8327.1,8443.9,8305.7,8433.65
01-06-2015,4808.98871,3786.372197,6953.582296,4530.03,4535.43,4488.17,4521.85,8417.25,8467.15,8405.4,8433.4
02-06-2015,4816.526351,3775.516452,6928.268328,4503.76,4531.08,4486.19,4508.89,8442.8,8445.35,8226.05,8236.45
03-06-2015,4822.609974,3786.843386,6950.460465,4531.04,4539.36,4512.44,4519.86,8232.45,8236.7,8094.15,8135.1
04-06-2015,4796.236468,3740.393952,6859.23771,4501.73,4526.21,4475.05,4487.03,8155.15,8160.05,8056.75,8130.65
05-06-2015,4796.257148,3711.104577,6804.596692,4483.43,4493.43,4452.32,4477.19,8119.15,8191,8100.15,8114.7
08-06-2015,4786.549771,3702.68763,6790.041487,4476.69,4477.83,4423.8,4431.51,8124.35,8131,8030.55,8044.15
09-06-2015,4768.903992,3685.063545,6753.796258,4421.02,4441.62,4392.45,4427.61,8026.5,8057.15,8005.15,8022.4
10-06-2015,4770.019872,3724.999461,6830.273334,4440.54,4497.51,4435.29,4485.46,8024.15,8152.25,8023.8,8124.45
11-06-2015,4775.370693,3734.358634,6846.744097,4498.49,4511.32,4483.84,4488.47,8157.3,8163.05,7958.25,7965.35
12-06-2015,4754.694411,3702.010522,6784.915474,4467.38,4476.21,4449.21,4453.79,7959.85,7995.6,7940.3,7982.9
15-06-2015,4713.700932,3660.912375,6710.52243,4416.14,4437.97,4396.13,4432.92,7986.6,8057.7,7944.85,8013.9
16-06-2015,4708.433677,3660.841009,6710.096351,4428.3,4463.2,4426.19,4455.9,8004.2,8061.85,7952.35,8047.3
17-06-2015,4735.86,3647.626746,6680.549448,4465.17,4482.27,4441.34,4468.98,8084.2,8136.85,8048.95,8091.55
18-06-2015,4731.352403,3658.528863,6707.881842,4483.61,4540.69,4483.61,4531.85,8113.7,8186.9,8101.8,8174.6
19-06-2015,4713.164309,3660.058201,6710.447739,4538.71,4539.49,4511.21,4513.42,8201.15,8250.8,8195.65,8224.95
22-06-2015,4750.743147,3718.177195,6825.668582,4541.85,4557.98,4534.76,4544.04,8259.3,8369.45,8257.4,8353.1
23-06-2015,4756.895115,3725.477603,6834.870459,4549.52,4551.77,4529.99,4548.74,8377.45,8398.45,8334.95,8381.55
24-06-2015,4766.810223,3727.592398,6844.798073,4542.07,4561.64,4523.9,4524.6,8399.4,8421.35,8338.9,8360.85
25-06-2015,4747.513041,3711.629969,6807.821666,4540.4,4546.15,4508.66,4514.01,8336.25,8423.15,8329.5,8398
26-06-2015,4746.467538,3683.836671,6753.699744,4514.37,4523.97,4469.23,4484.28,8393.95,8408.55,8339.7,8381.1
29-06-2015,4684.191241,3614.2313,6620.478494,4433.11,4460.08,4377.23,4379.86,8247.05,8329.45,8195.65,8318.4
30-06-2015,4677.049774,3570.58025,6520.975827,4414.86,4420.5,4381.94,4396.76,8316.35,8378,8298.95,8368.5
01-07-2015,4700.341729,3615.73635,6608.586143,4433.79,4445.9,4409.42,4429.23,8376.25,8481.6,8370.15,8453.05
02-07-2015,4710.903479,3624.501622,6630.467017,4440.17,4445.83,4417.48,4433.39,8471.95,8479.25,8433.2,8444.9
03-07-2015,4708.011035,3602.467114,6585.77628,0,0,0,4433.39,8440.1,8497.75,8424.15,8484.9
06-07-2015,4677.753381,3573.97908,6535.676113,4394.44,4444.41,4394.44,4418.66,8386.15,8533.15,8386.15,8522.15
07-07-2015,4636.763443,3519.884397,6432.213771,4422.75,4434.91,4344.15,4429.06,8525.5,8561.35,8483.85,8510.8
08-07-2015,4629.364285,3541.743131,6490.696851,4392.51,4403.13,4346.42,4351.58,8439.2,8457.5,8341.4,8363.05
09-07-2015,4649.815541,3588.19488,6581.630783,4410.27,4414.43,4351.51,4352.03,8364.85,8400.3,8323,8328.55
10-07-2015,4681.162669,3635.548442,6673.380176,4405.99,4434.11,4394.01,4420.15,8365.7,8377.1,8315.4,8360.55
13-07-2015,4699.43392,3671.801175,6737.950343,4457.76,4498.74,4456.54,4494.47,8397.25,8471.65,8355.4,8459.65
14-07-2015,4703.054098,3676.511752,6753.746023,4503.2,4537.21,4500.66,4523.47,8470.6,8480.25,8424.1,8454.1
15-07-2015,4707.627401,3676.459152,6753.751156,4531.32,4547.18,4517.4,4528.36,8463.4,8531.4,8462.95,8523.8
16-07-2015,4727.813151,3700.009408,6796.447356,4567.06,4595.02,4558.32,4594.9,8546.15,8616.1,8542.9,8608.05
17-07-2015,4735.219177,3690.58204,6775.08301,4635.48,4661.6,4624.68,4661.6,8623.65,8642.95,8593.15,8609.85
20-07-2015,4738.318495,3697.470137,6788.691808,4670.23,4694.13,4657.98,4679.68,8623.9,8624.1,8559,8603.45
21-07-2015,4734.273771,3687.935829,6769.071823,4679.54,4686.36,4661.76,4674.41,8601.5,8646.75,8517.9,8529.45
22-07-2015,4722.689432,3639.517879,6667.344288,4604.97,4643.83,4604.53,4623.24,8512.25,8643.9,8498.65,8633.5
23-07-2015,4728.56752,3633.396833,6655.005435,4627.56,4641.58,4592.49,4602.83,8643.95,8654.75,8573.8,8589.8
24-07-2015,4706.147491,3595.905738,6579.809586,4630.95,4632.06,4552.4,4557.37,8588.15,8589.15,8513.5,8521.55
27-07-2015,4671.209974,3554.479021,6505.125209,4530.37,4551.99,4511.92,4519.09,8492.1,8492.2,8351.55,8361
28-07-2015,4656.453991,3580.036175,6555.27975,4539.47,4568.79,4506.19,4560.23,8371.1,8397.4,8321.75,8337
29-07-2015,4697.746821,3618.446403,6630.996018,4570.5,4586.78,4552.76,4581.6,8365.6,8381.5,8338.45,8375.05
30-07-2015,4699.532325,3635.278024,6668.871036,4570.77,4606.65,4540.98,4598.59,8417,8458.9,8408.3,8421.8
31-07-2015,4707.722573,3652.78982,6696.278395,4616.48,4616.48,4584.22,4588.91,8456.1,8548.95,8448,8532.85
03-08-2015,4705.530581,3649.144642,6688.623849,4595.26,4607.52,4549.6,4580.46,8510.65,8563.95,8508.1,8543.05
04-08-2015,4716.357689,3650.747678,6686.567743,4573.25,4584.45,4551.9,4567.47,8564.1,8565.15,8448.25,8516.9
05-08-2015,4730.293224,3681.205984,6752.408877,4592.81,4634.7,4590.19,4602.24,8547.45,8591.85,8545.85,8567.95
06-08-2015,4725.923158,3677.766485,6747.087657,4608.69,4612.62,4508.3,4528.51,8585.8,8606.3,8551.5,8588.65
07-08-2015,4722.575496,3662.137669,6718.488443,4519.36,4532.46,4485.5,4520.08,8580.8,8595.95,8552.7,8564.6
10-08-2015,4735.241392,3673.805795,6736.216747,4558.68,4583.63,4554.63,4573.11,8577,8621.55,8497.8,8525.6
11-08-2015,4719.859948,3638.942677,6664.535077,4548.75,4567.69,4491.06,4513.99,8548.45,8556.25,8441.3,8462.35
12-08-2015,4679.884892,3589.341826,6571.193049,4475.91,4539.18,4436.54,4528.19,8445.7,8446.95,8337.95,8349.45
13-08-2015,4695.74066,3593.898336,6568.329543,4536.96,4556.14,4514.45,4519.32,8384.45,8429.5,8339.75,8355.85
14-08-2015,4698.429949,3587.169569,6550.735764,4512.88,4536.2,4503.83,4530.74,8402.35,8530.1,8381.2,8518.55
17-08-2015,4701.763521,3586.66178,6550.303737,4516.88,4568.59,4507.98,4566.37,8530.5,8530.6,8428.05,8477.3
18-08-2015,4696.601728,3576.320327,6526.29155,4556.23,4562.15,4536.05,4542.07,8505.85,8525.75,8433.6,8466.55
19-08-2015,4659.596871,3514.271645,6403.448056,4525.32,4550.67,4486.11,4510.9,8468.05,8520.45,8425.95,8495.15
20-08-2015,4634.198148,3492.636703,6367.891091,4467.79,4484.36,4385.13,4385.13,8471.05,8501.35,8359.75,8372.75
21-08-2015,4571.90965,3399.934728,6187.652202,4313.19,4361.32,4197.27,4197.27,8305.4,8322.2,8225.05,8299.95
24-08-2015,4375.163652,3245.98559,5898.867995,3847.12,4199.79,3787.23,4038.6,8055.95,8060.05,7769.4,7809
25-08-2015,4497.484146,3346.23521,6081.34459,4187.28,4207.38,4015.91,4016.32,7895.4,7925.4,7667.25,7880.7
26-08-2015,4488.45878,3297.328025,5979.19686,4141.24,4227.86,4052.54,4219.6,7865.25,7930.05,7777.1,7791.85
27-08-2015,4559.361622,3403.046111,6192.026466,4281.63,4328.99,4231.14,4324.82,7921.6,7963.6,7862.3,7948.95
28-08-2015,4593.372138,3434.658365,6247.943229,4307.05,4340.7,4295.56,4329.12,8053.7,8091.8,7961.65,8001.95
01-09-2015,4552.054299,3341.833726,6058.541851,4177.94,4229.31,4121.83,4142.63,7907.95,7929.1,7746.5,7785.85
02-09-2015,4569.468899,3354.663205,6083.311687,4207.68,4256.23,4166.08,4256.23,7856.65,7862.55,7699.25,7717
03-09-2015,4605.107821,3410.839691,6194.098319,4267.34,4300.3,4222.38,4234.65,7774.45,7845.6,7754.05,7823
04-09-2015,4568.436236,3334.365657,6042.922668,4175.62,4210.81,4160.43,4184.72,7803.4,7804.9,7626.85,7655.05
07-09-2015,4566.448815,3349.270285,6074.516914,0,0,0,4184.72,7685.85,7705.05,7545.9,7558.8
08-09-2015,4588.718428,3386.487459,6146.101685,4267.4,4306.5,4247.14,4303.53,7587.7,7720.9,7539.5,7688.25
09-09-2015,4618.561115,3428.689691,6229.01051,4346.36,4352.96,4242.47,4253.45,7805.85,7846.05,7764.55,7818.6
10-09-2015,4579.268377,3391.139529,6155.812172,4248.48,4326.77,4243.69,4296.3,7729.05,7819.85,7678.5,7788.1
11-09-2015,4581.951179,3372.850443,6117.757141,4273.62,4323.23,4268.1,4323.23,7833.8,7864.85,7759.9,7789.3
14-09-2015,4569.054322,3356.572659,6084.591001,4334.86,4334.94,4293.77,4308.76,7811.1,7879.95,7761.85,7872.25
15-09-2015,4568.815711,3380.921159,6137.595444,4322.41,4373.19,4303.89,4360.28,7867.35,7880,7799.75,7829.1
16-09-2015,4577.406142,3424.537122,6229.210957,4357.36,4388.32,4346.47,4383.67,7886.85,7913.9,7853.3,7899.15
18-09-2015,4559.465096,3365.680493,6104.113451,4325.29,4374.92,4317.09,4323.86,7967.45,8055,7955.85,7981.9
21-09-2015,4551.503795,3365.511909,6108.705568,4343.77,4372.42,4299.94,4336.13,7911.5,7987.9,7908.35,7977.1
22-09-2015,4500.033765,3276.297516,5935.840792,4273.3,4286.6,4233.9,4274.1,8014.8,8021.6,7787.75,7812
23-09-2015,4517.051215,3323.254498,6032.244977,4280.01,4294.73,4255.06,4273.53,7737.35,7882.9,7723.25,7845.95
24-09-2015,4476.477786,3286.319266,5961.49118,4239.85,4275.64,4198.11,4261.1,7838.4,7894.5,7804.1,7868.5
28-09-2015,4478.531251,3288.621164,5958.864028,4206.68,4207.03,4092.29,4103.47,7892.8,7893.95,7787.95,7795.7
29-09-2015,4454.429412,3260.460812,5909.236787,4110.26,4155.31,4053.12,4083.37,7725.7,7926.55,7691.2,7843.3
30-09-2015,4482.844255,3335.918716,6061.605245,4137.18,4181.06,4125.2,4181.06,7924.25,7957.7,7874.5,7948.9
01-10-2015,4509.581958,3344.137518,6072.470911,4185.28,4194.18,4128.34,4192.96,7992.05,8008.25,7930.65,7950.9
05-10-2015,4576.851731,3456.600581,6298.924937,4296.54,4339.23,4290.25,4331.43,8005.1,8128.9,8005.1,8119.3
06-10-2015,4597.665465,3469.820576,6326.157134,4315.32,4332.03,4273.7,4306.7,8180.45,8180.95,8096.5,8152.9
07-10-2015,4613.88225,3471.251903,6336.352249,4331.87,4342.59,4279.21,4333.46,8146.2,8188.9,8132.9,8177.4
08-10-2015,4615.442404,3487.15571,6374.824358,4316.18,4358.09,4275.59,4350.15,8196.75,8196.75,8105.85,8129.35
09-10-2015,4637.436789,3508.595057,6416.163475,4355.24,4378.26,4341.51,4370.01,8186.35,8232.2,8139.65,8189.7
12-10-2015,4640.087372,3485.658489,6371.178414,4378.64,4389.77,4363.96,4382.56,8231.5,8244.5,8128.2,8143.6
13-10-2015,4621.906073,3469.520869,6342.280195,4354.06,4399.93,4349.18,4352.94,8121.95,8150.25,8088.6,8131.7
14-10-2015,4601.999305,3434.31572,6269.608429,4356.82,4373.71,4328.96,4346.92,8102.4,8139.3,8096.35,8107.9
15-10-2015,4619.044159,3469.624778,6338.670998,4361.98,4418.25,4357.22,4418.22,8134.35,8190.55,8129.8,8179.5
16-10-2015,4612.373007,3484.686223,6378.036199,4419.95,4438.75,4405.88,4438.62,8193.65,8246.4,8147.65,8238.15
19-10-2015,4603.263539,3474.06039,6352.32824,4428.06,4464.78,4420.8,4462.07,8262.55,8283.05,8239.2,8275.05
20-10-2015,4596.250072,3473.006978,6345.133459,4454.62,4463.11,4424.34,4438.18,8280.3,8294.05,8229.2,8261.65
21-10-2015,4587.143216,3475.993517,6348.424432,4462.22,4464.73,4409.9,4413.52,8258.35,8294.4,8217.15,8251.7
23-10-2015,4636.036046,3526.021552,6444.077396,4623.72,4645.96,4598.74,4624.09,8308.25,8328.1,8280.75,8295.45
26-10-2015,4637.754669,3512.143761,6417.018789,4621.14,4638.75,4606.66,4630.85,8333.65,8336.3,8252.05,8260.55
27-10-2015,4606.573489,3484.161158,6365.273671,4617.6,4645.94,4617.44,4639.23,8230.35,8241.95,8217.05,8232.9
28-10-2015,4618.596365,3519.521956,6437.803197,4649.1,4678.58,4609.93,4678.58,8188.9,8209.1,8131.8,8171.2
29-10-2015,4606.77281,3499.857549,6395.802963,4657.78,4678.2,4653,4670.76,8175.45,8179.6,8098,8111.75
30-10-2015,4599.281449,3484.595706,6361.094532,4676.3,4681.23,4648.83,4648.83,8123.55,8146.1,8044.4,8065.8
02-11-2015,4614.013181,3487.009276,6361.798583,4658.79,4707.77,4652.45,4703.91,8054.55,8060.7,7995.6,8050.8
03-11-2015,4623.381708,3497.519629,6383.609119,4692.03,4735.31,4685.98,4719.05,8086.35,8100.35,8031.75,8060.7
04-11-2015,4627.251501,3510.183455,6412.878735,4729.07,4737.11,4698.84,4717.55,8104.9,8116.1,8027.3,8040.2
05-11-2015,4613.623877,3486.641475,6364.903518,4718.51,4731.56,4678.79,4702.9,8030.35,8031.2,7944.1,7955.45
06-11-2015,4614.953491,3483.504089,6353.826205,4695.88,4710.47,4665.41,4707.23,7956.55,8002.65,7926.15,7954.3
09-11-2015,4606.674721,3455.850565,6295.15615,4687.35,4694.27,4627.12,4655.52,7788.25,7937.75,7771.7,7915.2
10-11-2015,4592.651912,3444.311088,6275.27656,4628.83,4647.32,4616.71,4641.73,7877.6,7885.1,7772.85,7783.35
11-11-2015,4584.470452,3455.773724,6297.201789,4657.19,4677.78,4631.06,4636.94,7838.8,7847.95,7819.1,7825
13-11-2015,4533.965089,3365.180823,6118.275647,4566.12,4575.8,4499.14,4502.14,7762.45,7775.1,7730.9,7762.25
16-11-2015,4526.408228,3379.590397,6146.381834,4494.56,4566.03,4486.09,4565.47,7732.95,7838.85,7714.15,7806.6
17-11-2015,4554.441276,3441.967338,6268.761089,4571.54,4598.27,4554.89,4565.82,7848.75,7860.45,7793,7837.55
18-11-2015,4555.668605,3446.606169,6278.973286,4586.24,4657.63,4580.72,4653.44,7823.15,7843.4,7725.05,7731.8
19-11-2015,4566.43174,3471.041973,6329.928539,4657.61,4678.02,4648.94,4655.35,7788.5,7854.9,7765.45,7842.75
20-11-2015,4582.549582,3475.042018,6334.630309,4680.51,4691.59,4674.61,4686.36,7841.9,7906.95,7817.8,7856.55
23-11-2015,4552.208337,3458.700347,6305.488437,4689.98,4706.62,4655.6,4674.79,7869.5,7877.5,7825.2,7849.25
24-11-2015,4553.122762,3441.040063,6277.229535,4645.52,4682.13,4621.63,4669.41,7837,7870.35,7812.65,7831.6
26-11-2015,4577.03983,3501.379415,6393.126017,0,0,0,4672.88,7837.15,7897.1,7832,7883.8
27-11-2015,4566.081613,3494.885158,6375.14682,4680.44,4689.58,4665.92,4680.47,7910.6,7959.3,7879.45,7942.7
30-11-2015,4576.676441,3492.130106,6356.088005,4692.57,4695.06,4654.53,4664.51,7936.25,7966,7922.8,7935.25
01-12-2015,4595.553061,3513.188799,6395.652075,4685.74,4716.16,4682.4,4716.16,7958.15,7972.15,7934.15,7954.9
02-12-2015,4607.372925,3525.812533,6420.926579,4720.27,4739.75,4680.06,4686.22,7976.7,7979.3,7910.8,7931.35
03-12-2015,4590.818135,3456.094081,6274.995639,4704.2,4705.78,4579.91,4606.75,7902.3,7912.3,7853.3,7864.15
04-12-2015,4572.492218,3438.715286,6238.286159,4621.48,4722.39,4612.11,4716.12,7817.6,7821.4,7775.7,7781.9
07-12-2015,4564.68965,3431.684552,6223.518243,4718.55,4720.82,4671.86,4693.62,7816.55,7825.4,7746.05,7765.4
08-12-2015,4544.329512,3386.976597,6135.224238,4646.43,4708.47,4643.65,4694.77,7738.5,7771.25,7685.45,7701.7
09-12-2015,4547.781358,3381.5677,6126.683341,4674.8,4698.25,4595.01,4622.14,7695.5,7702.85,7606.9,7612.5
10-12-2015,4532.848861,3362.259363,6088.048024,4627.77,4674,4619.97,4643.05,7643.3,7691.95,7610,7683.3
11-12-2015,4488.482035,3295.066121,5952.784208,4583.08,4600.91,4534.05,4537.56,7699.6,7703.05,7575.3,7610.45
14-12-2015,4467.097121,3256.5347,5874.062993,4535.56,4571.57,4478.25,4570.16,7558.2,7663.95,7551.05,7650.05
15-12-2015,4491.581239,3327.711508,6017.791954,4607.2,4636.77,4592.72,4597.33,7659.15,7705,7625.1,7700.9
16-12-2015,4512.313989,3349.826757,6061.190154,4633.85,4673.54,4582.87,4664.56,7725.25,7776.6,7715.75,7750.9
17-12-2015,4527.891466,3371.759801,6102.544164,4680.63,4681.13,4597.65,4598.14,7783.05,7852.9,7737.55,7844.35
18-12-2015,4553.035088,3348.099019,6052.42171,4578.69,4593.4,4513.23,4514.83,7828.9,7836.15,7753.35,7761.95
21-12-2015,4557.890853,3339.559116,6034.835064,4547.92,4560.71,4519.82,4560.55,7745.65,7840.75,7733.45,7834.45
22-12-2015,4581.991464,3364.33115,6083.100462,4580.61,4596.08,4560.54,4589.26,7829.4,7846.3,7776.85,7786.1
23-12-2015,4590.443517,3441.213884,6240.981782,4612.16,4626.16,4605.36,4624.59,7830.45,7871.45,7826.1,7865.95
24-12-2015,4612.387517,3448.559252,6254.644201,4626.32,4635.59,4620.8,4622.77,7888.75,7888.75,7835.5,7861.05
29-12-2015,4628.773348,3480.43425,6314.570161,4645.08,4702.74,4644.32,4691.08,7929.2,7942.15,7902.75,7928.95
30-12-2015,4627.85084,3461.005656,6274.051433,4687.16,4688.66,4651.73,4652.01,7938.6,7944.75,7889.85,7896.25
31-12-2015,4634.663709,3444.264017,6242.320781,4634.16,4642.55,4592.88,4593.27,7897.8,7955.55,7891.15,7946.35
04-01-2016,4585.670191,3367.420006,6093.433541,4485.06,4497.86,4439.13,4497.86,7924.55,7937.55,7781.1,7791.3
05-01-2016,4586.698861,3389.414648,6137.243776,4512.04,4522.12,4466.05,4484.18,7828.4,7831.2,7763.25,7784.65
06-01-2016,4566.560912,3355.997597,6073.376457,4409.78,4467.55,4409.49,4443.99,7788.05,7800.95,7721.2,7741
07-01-2016,4510.654233,3293.297561,5954.081244,4349.14,4403.61,4303.66,4305.72,7673.35,7674.95,7556.6,7568.3
08-01-2016,4493.287473,3272.607682,5912.438646,4336.12,4362.46,4264.81,4270.78,7611.65,7634.1,7581.05,7601.35
11-01-2016,4470.425863,3251.722998,5871.833398,4300.96,4311.14,4217.63,4283.55,7527.45,7605.1,7494.35,7563.85
12-01-2016,4470.964678,3277.838676,5929.241313,4322.77,4353.19,4273.02,4333.72,7587.2,7588.3,7487.8,7510.3
13-01-2016,4494.382934,3292.599092,5960.968597,4352.64,4359.5,4177.3,4183.12,7557.9,7590.95,7425.8,7562.4
14-01-2016,4429.978597,3262.607634,5918.234825,4201.23,4308.25,4133.32,4272.97,7467.4,7604.8,7443.8,7536.8
15-01-2016,4362.793691,3202.326652,5804.09539,4123.87,4184.69,4085.79,4141.08,7561.65,7566.5,7427.3,7437.8
19-01-2016,4322.330213,3231.52731,5876.800829,4199.56,4202.04,4101.05,4147.07,7381.8,7462.75,7364.15,7435.1
20-01-2016,4203.778513,3123.427117,5673.580779,4078.23,4178.64,3992.91,4136.28,7357,7470.9,7241.5,7309.3
21-01-2016,4223.810665,3174.331145,5773.788121,4146.44,4200.36,4099.3,4142.6,7376.65,7398.7,7250,7276.8
22-01-2016,4298.052771,3241.497787,5900.00587,4226.44,4260.55,4209.24,4259.77,7355.7,7433.4,7327.6,7422.45
25-01-2016,4317.714157,3232.5881,5876.998578,4245.47,4268.11,4193.32,4196.53,7468.75,7487.15,7421.2,7436.15
27-01-2016,4311.177303,3286.573103,5990.371851,4214.94,4226.09,4111.93,4128.86,7469.6,7477.9,7419.7,7437.75
28-01-2016,4319.362338,3258.271306,5931.775337,4197.2,4197.48,4116.5,4186.06,7426.5,7468.85,7409.6,7424.65
29-01-2016,4364.760843,3335.896317,6083.789563,4186.35,4279.17,4184.31,4279.17,7413.35,7575.65,7402.8,7563.55
01-02-2016,4364.650047,3325.541021,6060.101656,4254.41,4301.63,4238.2,4286.56,7589.5,7600.45,7541.25,7555.95
02-02-2016,4329.96515,3257.66264,5922.009939,4262.45,4265.04,4180.57,4193.1,7566.65,7576.3,7428.05,7455.55
03-02-2016,4290.236619,3209.105384,5837.141353,4213.67,4218.15,4099.24,4171.97,7392.45,7419.4,7350.3,7361.8
04-02-2016,4320.12208,3240.063195,5898.759172,4158.05,4200.99,4120.58,4167.77,7411.45,7457.05,7365.95,7404
05-02-2016,4324.424362,3215.113596,5848.059158,4150.35,4152.73,4008.45,4024.47,7418.25,7503.15,7406.65,7489.1
08-02-2016,4262.790737,3126.952312,5689.355477,3947.99,3979.09,3888.78,3960.67,7489.7,7512.55,7363.2,7387.25
09-02-2016,4181.188284,3093.665698,5632.192575,3903.93,4008.06,3902.74,3947.8,7303.95,7323.45,7275.15,7298.2
10-02-2016,4209.027359,3118.565829,5672.296568,3996.76,4045.48,3962.7,3966.28,7264.3,7271.85,7177.75,7215.7
11-02-2016,4152.193774,3046.531143,5536.971555,3910.57,3988.71,3902.86,3962.22,7203.6,7208.65,6959.95,6976.35
12-02-2016,4145.588748,3129.632263,5707.595869,3996.64,4022.12,3965.74,4019.19,7023.65,7034.8,6869,6980.95
16-02-2016,4213.879709,3208.27791,5862.174206,4077.33,4104.33,4049.88,4104.33,7201.25,7204.65,7037.7,7048.25
17-02-2016,4252.334484,3298.27797,6030.318941,4138.43,4204.62,4125.83,4199.1,7058.85,7123.7,6960.65,7108.45
18-02-2016,4281.257932,3274.169486,5971.948881,4212.22,4212.58,4146.1,4151.49,7177.4,7215.1,7127.85,7191.75
19-02-2016,4276.70265,3263.909467,5950.230401,4129.75,4175.08,4121.59,4164.09,7170.55,7226.85,7145.95,7210.75
22-02-2016,4328.521184,3307.994454,6037.725844,4203.6,4235.12,4199.93,4231.27,7208.85,7252.4,7200.7,7234.55
23-02-2016,4318.062305,3272.684365,5962.306425,4209.32,4217.99,4158.56,4162.54,7240.3,7241.7,7090.7,7109.55
24-02-2016,4288.466179,3226.48361,5867.177831,4116.02,4205.98,4088.12,4200.66,7075,7090.8,7009.75,7018.7
25-02-2016,4319.77749,3300.598368,6012.806166,4212.48,4241.25,4173.25,4241.06,7029.85,7034.2,6961.4,6970.6
26-02-2016,4368.433739,3343.986341,6096.013524,4273.59,4275.83,4227.29,4235.62,7039.3,7052.9,6985.1,7029.75
29-02-2016,4374.723604,3345.843677,6097.093493,4228.57,4263.31,4200.15,4201.12,7050.45,7094.6,6825.8,6987.05
01-03-2016,4397.692866,3377.181078,6152.879952,4238.08,4333.61,4225.93,4333.61,7038.25,7235.5,7035.1,7222.3
02-03-2016,4430.157368,3373.42724,6147.055285,4328.72,4335.43,4301.09,4334.39,7321.7,7380.35,7308.15,7368.85
03-03-2016,4472.317394,3367.826212,6130.462904,4330.4,4331.49,4296.32,4325.86,7429.55,7483.95,7406.05,7475.6
04-03-2016,4509.274554,3405.270073,6199.431174,4334.03,4356.34,4301.35,4329,7505.4,7505.9,7444.1,7485.35
08-03-2016,4482.323717,3362.783096,6125.436102,4272.72,4308.84,4258.82,4265.51,7486.4,7527.15,7442.15,7485.3
09-03-2016,4486.804246,3369.928764,6146.320014,4281.1,4293.23,4258.08,4293.23,7436.1,7539,7424.3,7531.8
10-03-2016,4458.230232,3314.196917,6036.700062,4307.87,4335.33,4232.08,4286.97,7545.35,7547.1,7447.4,7486.15
11-03-2016,4499.275029,3367.516608,6139.786501,4337.12,4361.83,4320.55,4361.83,7484.85,7543.95,7460.6,7510.2
14-03-2016,4498.801298,3386.046552,6174.567958,4347.94,4378.35,4347.55,4367.33,7542.6,7583.7,7515.05,7538.75
15-03-2016,4486.778584,3368.609924,6139.971017,4354.38,4371.29,4339.86,4367.08,7535.85,7545.2,7452.8,7460.6
16-03-2016,4505.968749,3388.658348,6175.488024,4359.67,4416.11,4357.74,4404.2,7457.05,7508,7405.15,7498.75
17-03-2016,4518.579831,3403.467159,6201.118384,4390.06,4413.08,4376.87,4400.26,7557.4,7585.3,7479.4,7512.55
18-03-2016,4545.440804,3400.911653,6189.636169,4408.82,4420.88,4387.8,4410.83,7534.65,7613.6,7517.9,7604.35
21-03-2016,4527.902459,3396.945789,6184.577449,4403.09,4430.44,4400.35,4426.98,7619.2,7713.55,7617.7,7704.25
22-03-2016,4541.002227,3402.242027,6192.735421,4403.47,4450.76,4401.26,4437.62,7695.55,7728.2,7643.8,7714.9
23-03-2016,4535.272994,3403.585854,6199.111701,4431.82,4434.76,4394.96,4402.56,7717.45,7726.85,7670.6,7716.5
29-03-2016,4513.488524,3358.466554,6105.899697,4391.19,4471.77,4384.27,4467.72,7606.55,7652.9,7582.25,7597
30-03-2016,4530.152033,3408.900662,6203.171886,4494.7,4518.17,4481.84,4490.88,7651.1,7741.95,7643.45,7735.2
31-03-2016,4542.817273,3395.193676,6174.895136,4491.01,4504.24,4478.13,4483.66,7727.65,7777.6,7702,7738.4
01-04-2016,4526.706452,3379.356885,6146.049867,4461.77,4534.32,4452.11,4532.08,7718.05,7740.15,7666.1,7713.05
04-04-2016,4523.245747,3387.534055,6164.724383,4526.39,4533.43,4503.65,4511.7,7733.15,7764.45,7704.4,7758.8
05-04-2016,4501.423447,3350.683375,6091.233685,4479.11,4494.71,4465.04,4470.75,7736.3,7736.3,7588.65,7603.2
06-04-2016,4540.243632,3387.305726,6161.634014,4476.35,4544.59,4476.35,4543.78,7636.05,7638.65,7591.75,7614.35
07-04-2016,4524.999874,3370.983106,6136.890216,4519.02,4525.69,4459.72,4475.29,7630.4,7630.75,7535.85,7546.45
08-04-2016,4558.699112,3405.374244,6204.414518,4506.97,4515.91,4459.56,4474.93,7542.35,7569.35,7526.7,7555.2
11-04-2016,4565.431862,3401.970976,6200.116641,4496.26,4516.1,4458.47,4458.71,7577.8,7678.8,7516.85,7671.4
12-04-2016,4581.205518,3421.506544,6242.394868,4464.07,4503.89,4435.05,4496.04,7669.25,7717.4,7663.35,7708.95
13-04-2016,4623.993409,3483.965918,6362.886663,4526.92,4560.11,4524.26,4554.72,7777.15,7864.8,7772.2,7850.45
18-04-2016,4610.335292,3474.231392,6353.522178,4535.21,4570.58,4531.11,4569.32,7908.15,7920.6,7842.75,7914.7
20-04-2016,4638.549221,3504.164014,6410.261394,4539.19,4562.34,4523.9,4540.44,7950.05,7950.4,7877.55,7914.75
21-04-2016,4653.901461,3490.627274,6381.438719,4540.71,4558.67,4522.85,4540.8,7953.65,7978.45,7884.1,7912.05
22-04-2016,4641.032528,3455.509934,6310.436568,4478.44,4502.39,4440.14,4474.19,7891.8,7923.35,7873.35,7899.3
25-04-2016,4618.836106,3436.304686,6260.918531,4459.67,4474.77,4452.87,4474.13,7894.8,7911,7827,7855.05
26-04-2016,4606.321486,3445.670759,6284.523641,4480.6,4490.06,4439.38,4452.97,7828.15,7974.5,7822.55,7962.65
27-04-2016,4618.919544,3466.143626,6319.912467,4412.82,4426.28,4381.17,4416.63,7942,7991,7940.55,7979.9
28-04-2016,4609.171063,3466.404035,6322.398951,4419.12,4447.2,4355.3,4363.99,7967.4,7992,7834.45,7847.25
29-04-2016,4589.05458,3421.701786,6241.894777,4367.59,4372.97,4307.1,4341.3,7844.25,7889.05,7788.7,7849.8
03-05-2016,4565.258574,3393.970248,6185.591608,4349.08,4368.76,4329.76,4341.39,7824.8,7890.25,7735.15,7747
04-05-2016,4541.641428,3358.686967,6112.017403,4314.49,4328.22,4301.07,4312.01,7724.15,7749,7697.25,7706.55
05-05-2016,4540.878545,3361.040068,6117.250941,4326.91,4333.12,4299.61,4309.48,7731,7777.55,7706.85,7735.5
06-05-2016,4537.846154,3364.236876,6125.69522,4290.36,4330.24,4282,4330.17,7717.65,7738.9,7678.35,7733.45
09-05-2016,4541.115433,3360.821243,6114.812002,4331.66,4361.87,4329.9,4341.23,7755.25,7873.65,7753.55,7866.05
10-05-2016,4555.534668,3380.81798,6156.648946,4360.73,4404.09,4351.16,4402.04,7873.55,7896.9,7837.7,7887.8
11-05-2016,4570.079602,3383.640473,6162.486117,4395.88,4407.93,4360.73,4361.03,7804.65,7893.1,7780.9,7848.85
12-05-2016,4550.579189,3355.49967,6104.186661,4376.09,4377.86,4312.88,4342.81,7871.45,7916.05,7849.65,7900.4
13-05-2016,4553.750182,3370.328361,6138.496729,4337.83,4364.24,4318.7,4326.53,7881,7881,7784.2,7814.9
16-05-2016,4561.327282,3377.828235,6151.402479,4335.33,4395.7,4329.89,4380.48,7831.2,7873.9,7772.15,7860.75
17-05-2016,4577.556979,3390.294168,6167.774024,4376.55,4385.06,4311.18,4322.56,7896.85,7940.1,7879.7,7890.75
18-05-2016,4560.274115,3390.180771,6165.802521,4314.34,4360.91,4305.73,4338.23,7846.75,7882.05,7810.75,7870.15
19-05-2016,4524.133934,3334.786117,6053.34684,4319.86,4331.58,4284.37,4315.58,7875.5,7876.2,7766.8,7783.4
20-05-2016,4554.404958,3387.21765,6156.319256,4330.07,4379.98,4329.57,4362.9,7792.2,7812.4,7735.75,7749.7
23-05-2016,4555.089736,3382.148175,6136.434381,4364.73,4382.4,4353.36,4355.1,7813.95,7820.6,7722.2,7731.05
24-05-2016,4552.148733,3421.928014,6219.25593,4381.34,4449.21,4380.46,4444.3,7738.05,7761.55,7715.8,7748.85
25-05-2016,4571.229497,3444.808768,6262.848913,4459.26,4488.52,4453.05,4476.43,7811.8,7941.2,7809.3,7934.9
26-05-2016,4573.694974,3444.779244,6265.65077,4478.57,4494.03,4469.76,4487.96,7974.45,8083,7948.5,8069.65
27-05-2016,4577.561664,3448.451427,6270.791381,4490.95,4512.54,4489.16,4512.54,8081.95,8164.2,8077.05,8156.65
31-05-2016,4596.010727,3429.770454,6230.78584,4513.85,4526.84,4497.65,4523.89,8209.85,8213.6,8134.3,8160.1
01-06-2016,4569.779476,3407.909772,6191.930788,4507.18,4530.39,4502.78,4520.07,8179.2,8215.35,8171.05,8179.95
02-06-2016,4586.100649,3406.049945,6185.606467,4510.81,4531.35,4488.08,4531.35,8156.9,8229.5,8154.75,8218.95
03-06-2016,4576.623023,3416.097301,6209.62564,4520.98,4523.36,4480.8,4509.79,8246.2,8262,8209.85,8220.8
06-06-2016,4599.704387,3448.526284,6273.399159,4517.88,4536.55,4510.33,4523.63,8228.75,8234.7,8186.05,8201.05
07-06-2016,4608.033057,3454.09047,6284.529224,4527.86,4532.3,4511.42,4513.09,8235.55,8294.95,8216.4,8266.45
08-06-2016,4633.90837,3461.655684,6301.520148,4521.1,4529.09,4505.39,4520.63,8285.5,8288.9,8252.05,8273.05
09-06-2016,4616.108927,3428.36052,6231.887546,4501.14,4518.5,4494.76,4512.69,8273.35,8273.35,8184.6,8203.6
10-06-2016,4579.869431,3366.906917,6115.760142,4473.08,4480.48,4447.33,4461.05,8180.25,8265.6,8162.85,8170.05
13-06-2016,4525.189116,3325.953508,6044.969824,4436.12,4461.26,4419.73,4422.76,8102.25,8125.25,8063.9,8110.6
14-06-2016,4469.214049,3259.736047,5923.527764,4413.71,4439.73,4392.43,4424.91,8134.4,8134.95,8069.5,8108.85
15-06-2016,4486.313909,3281.409773,5966.804656,4433.68,4439.61,4404.58,4409.51,8139.4,8213.2,8123.15,8206.6
16-06-2016,4409.75496,3263.425562,5950.476692,4387.9,4428.27,4362.16,4424.23,8180.65,8180.65,8074.45,8140.75
17-06-2016,4485.905163,3309.390744,6021.094367,4409.75,4409.75,4363.63,4374.38,8176.65,8195.25,8135.8,8170.2
20-06-2016,4538.864676,3409.01449,6203.99934,4424.11,4444.06,4397.36,4400.16,8115.75,8244.15,8107.35,8238.5
21-06-2016,4529.535382,3419.353884,6226.546797,4408.03,4422.67,4398.64,4413.4,8255.4,8257.25,8202.15,8219.9
22-06-2016,4545.899034,3437.086288,6261.18609,4415.46,4442.02,4400.88,4404.73,8213.65,8238.35,8153.25,8203.7
23-06-2016,4590.452771,3481.737207,6338.100079,4437.61,4467.48,4420.16,4467.48,8201.15,8285.6,8188.3,8270.45
24-06-2016,4448.830555,3348.580824,6138.690917,4294.8,4373.15,4274.54,4285.7,8029.1,8100.7,7927.05,8088.6
27-06-2016,4272.07002,3237.536343,5982.205,4247.71,4249,4179.74,4201.05,8039.35,8120.65,8039.35,8094.7
28-06-2016,4325.145187,3326.277465,6140.390597,4245.32,4291.43,4245.29,4290.47,8096.05,8146.35,8086.85,8127.85
29-06-2016,4411.719777,3441.61992,6360.057988,4323.33,4373.96,4322.36,4364.74,8173.1,8212.4,8157.65,8204
30-06-2016,4471.545517,3515.453764,6504.325286,4378.75,4417.96,4359.57,4417.7,8260.25,8308.15,8242.1,8287.75
01-07-2016,4518.9271,3555.451829,6577.83088,4411.77,4453.86,4411.76,4437.44,8313.05,8356.75,8308.65,8328.35
05-07-2016,4431.784364,3514.464232,6545.371511,4414.35,4418.04,4386.56,4410.75,8379.3,8381.45,8319.95,8335.95
07-07-2016,4441.141804,3515.121611,6533.790097,4451.15,4468.31,4438.8,4459.58,8342,8361.95,8317.7,8337.9
08-07-2016,4470.603786,3550.167959,6590.635975,4484.92,4529.72,4476.5,4528.36,8350,8353.3,8287.55,8323.2
11-07-2016,4573.531944,3611.019331,6682.857896,4544.33,4569.97,4544.33,4554.71,8413.35,8475.25,8407.05,8467.9
12-07-2016,4581.834463,3613.656051,6680.69184,4579.85,4588.24,4570.56,4577.61,8502.6,8526.6,8479.2,8521.05
13-07-2016,4595.036208,3607.614026,6670.403999,4589.13,4589.95,4565.7,4565.77,8540.45,8550.25,8493.55,8519.5
14-07-2016,4611.083125,3602.284119,6654.471174,4597.19,4604.76,4585.7,4596.49,8515.75,8571.4,8500.7,8565
15-07-2016,4610.487412,3606.715756,6669.242323,4602,4607.17,4579.83,4589.83,8565.45,8594.8,8510.05,8541.4
18-07-2016,4622.998903,3623.227513,6695.422677,4595.06,4627.57,4591.83,4619.68,8564.05,8587.1,8494.35,8508.7
19-07-2016,4645.334894,3625.960787,6697.371844,4601.68,4617.47,4595.38,4603.28,8514.3,8540.05,8476.7,8528.55
20-07-2016,4662.299079,3644.047334,6728.991255,4630.85,4665.67,4623.93,4657.2,8515.45,8569.9,8512.55,8565.85
21-07-2016,4696.048116,3633.120114,6699.885837,4662.95,4669.53,4634.07,4647.02,8582.7,8585.25,8503.45,8510.1
22-07-2016,4672.953172,3643.80497,6730.48328,4650.98,4670.54,4635.22,4666.07,8519.65,8548.95,8489.8,8541.2
25-07-2016,4693.678791,3639.011189,6710.128271,4662.9,4667.09,4650.5,4665.93,8519.95,8641.15,8517.2,8635.65
26-07-2016,4698.372346,3644.502394,6724.031401,4664.1,4687.9,4648.92,4672.11,8633.75,8644.9,8577.15,8590.65
27-07-2016,4747.331948,3663.948715,6750.425703,4711.11,4716.07,4685.11,4702.88,8599.4,8665,8572.05,8615.8
28-07-2016,4767.567842,3651.133723,6721.055963,4710.23,4725.78,4696.08,4721.41,8636.95,8674.7,8625.25,8666.3
29-07-2016,4774.876562,3653.826779,6724.428422,4734.7,4743.25,4715.77,4730.23,8668.3,8670.35,8631.15,8638.5
01-08-2016,4769.617651,3635.504387,6693.94818,4734.44,4767.24,4728.73,4756.04,8654.3,8711.3,8590.5,8636.55
02-08-2016,4742.255138,3610.93356,6645.396018,4748.42,4752.29,4689.55,4719.21,8647.45,8687.2,8611.4,8622.9
03-08-2016,4744.362347,3603.956598,6634.397238,4716.58,4734.33,4712.1,4734.33,8635.2,8635.45,8529.6,8544.85
04-08-2016,4762.75097,3659.124962,6740.15868,4731.54,4749.09,4719.01,4743.81,8599.95,8601.4,8518.15,8551.1
05-08-2016,4796.998285,3690.810114,6793.469583,4769.17,4799.86,4763.58,4791.21,8600.2,8689.4,8590.15,8683.15
08-08-2016,4801.26773,3700.885228,6809.12776,4791.1,4794.14,4770.22,4784.74,8712.85,8723.5,8697.6,8711.35
09-08-2016,4843.612844,3724.841625,6851.301493,4787.92,4811.01,4786.38,4795.75,8727.8,8728.35,8638.2,8678.25
10-08-2016,4862.539685,3732.383502,6866.41609,4799.83,4799.88,4771.98,4783.39,8686.7,8690.1,8564.6,8575.3
11-08-2016,4868.29332,3757.321523,6914.705171,4800.59,4813.36,4790.65,4803.31,8572.8,8601.15,8540.05,8592.15
12-08-2016,4880.601628,3762.029834,6916.015694,4794.35,4807.53,4790.49,4807.08,8605.45,8684.3,8604.45,8672.15
16-08-2016,4891.546023,3748.856048,6893.919174,4814.21,4814.96,4796.92,4797.19,8670.25,8682.35,8600.45,8642.55
17-08-2016,4886.694681,3731.812747,6859.148082,4799.03,4807.05,4772.43,4805.45,8639.8,8667.1,8603.6,8624.05
18-08-2016,4901.733627,3740.271596,6868.956685,4802.33,4814.54,4794.29,4808.68,8648.85,8690.7,8645.05,8673.25
19-08-2016,4898.6502,3735.903576,6858.949911,4800.2,4816,4786.27,4806.14,8694.3,8696.6,8647.1,8666.9
22-08-2016,4906.517802,3722.711399,6828.542671,4797.95,4817.36,4791.06,4808.56,8667,8684.85,8614,8629.15
23-08-2016,4891.068858,3743.518848,6868.510099,4828.79,4836.45,4816.76,4818.48,8628.35,8642.15,8580,8632.6
24-08-2016,4913.553418,3730.838428,6835.776215,4812.49,4821.3,4770.73,4783.49,8648.5,8661.05,8620.9,8650.3
25-08-2016,4889.908089,3717.522994,6816.898379,4773.68,4792.47,4768,4775.43,8668.85,8683.05,8583.65,8592.2
26-08-2016,4901.612924,3728.711034,6838.045337,4782.46,4815.58,4758.1,4783.69,8614.35,8622.95,8547.55,8572.55
30-08-2016,4900.038773,3718.306872,6820.785866,4787.77,4797.62,4760.28,4775.99,8646.75,8750.6,8642.25,8744.35
31-08-2016,4897.61813,3697.193036,6781.513557,4770.23,4775.19,4751.69,4771.05,8754.05,8819.2,8754.05,8786.2
01-09-2016,4902.607699,3685.631227,6745.973539,4774.81,4787.94,4750.24,4783.94,8793.6,8813.25,8759.95,8774.65
02-09-2016,4901.581393,3756.395404,6894.604819,4806.14,4816.7,4781.61,4798.74,8796.35,8824.1,8768.2,8809.65
06-09-2016,4926.402582,3726.473812,6826.046776,4806.66,4829.51,4797.34,4829.51,8852.7,8950.85,8848.45,8943
07-09-2016,4944.84003,3737.863658,6846.579717,4829.91,4839.59,4813.99,4831.86,8968.7,8968.7,8913.35,8917.95
08-09-2016,4961.633733,3748.061458,6858.701102,4816.48,4816.48,4791.22,4804,8915.5,8960.35,8896,8952.5
09-09-2016,4931.580692,3701.380233,6776.945177,4763.04,4773.77,4681.53,4681.53,8934.3,8939.15,8858.7,8866.7
12-09-2016,4889.370161,3661.411749,6700.896846,4656.59,4772.44,4656.51,4764.65,8732.95,8746.95,8699.4,8715.6
14-09-2016,4882.74996,3645.802967,6673.306841,4726.75,4770.39,4726.75,4746.06,8710.65,8739.85,8688.9,8726.6
15-09-2016,4884.926576,3674.944707,6730.298367,4749.71,4826.02,4748.67,4819.9,8743.85,8751.95,8704.35,8742.55
16-09-2016,4938.959551,3670.856469,6710.280401,4811.79,4821.85,4794.2,4818.05,8780.85,8847.65,8750.5,8779.85
19-09-2016,4946.381692,3717.606359,6813.548057,4833.84,4843.76,4787.44,4796.07,8788.45,8824.3,8774.2,8808.4
20-09-2016,4951.28775,3725.645404,6830.790817,4813.78,4824.21,4797.78,4805.22,8816.1,8816.45,8759.3,8775.9
21-09-2016,4976.202988,3729.165096,6834.773603,4826.58,4858.57,4797.9,4853.75,8790.3,8826.85,8757.3,8777.15
22-09-2016,4997.99682,3765.141157,6911.401255,4879.28,4895.5,4876.37,4891.36,8873.35,8893.35,8837.8,8867.45
23-09-2016,4988.570835,3761.853622,6909.428649,4881.45,4882.42,4853.41,4858.91,8880.75,8885.2,8820.3,8831.55
26-09-2016,4960.894819,3714.319413,6818.041325,4830.17,4837.34,4812.32,4817.17,8807.9,8809.55,8715.1,8723.05
27-09-2016,4969.782744,3706.827087,6807.670047,4813.89,4868.38,4811.28,4866.71,8748.9,8768.5,8690.5,8706.4
28-09-2016,4970.639677,3730.654843,6849.381173,4871.84,4877.3,4850.04,4875.27,8711.2,8767.05,8703.15,8745.15
29-09-2016,4986.900535,3764.229013,6919.4187,4868.46,4875.52,4819.02,4838.3,8792.7,8800.65,8558.25,8591.25
30-09-2016,4974.858248,3755.335542,6899.333019,4856.1,4889.23,4846.9,4875.7,8581.5,8637.15,8555.2,8611.15
03-10-2016,5045.411457,3804.581411,6983.516265,4864.63,4872.14,4848.21,4866.63,8666.15,8745.2,8635,8738.1
04-10-2016,5019.481892,3849.096056,7074.339757,4880.57,4891.5,4841.72,4859.47,8770,8783.65,8736.1,8769.15
05-10-2016,5028.329554,3826.527928,7033.249864,4872.98,4891.35,4870.81,4877.75,8806.35,8806.95,8731.4,8743.95
06-10-2016,5009.212322,3808.588838,6999.960403,4871.95,4883.97,4851.53,4873.92,8768.7,8781.15,8684.65,8709.55
07-10-2016,5041.637031,3824.759615,7044.386402,4883.94,4884.7,4840.93,4864.52,8721.7,8723.7,8663.8,8697.6
10-10-2016,5051.487318,3847.705348,7097.503773,4887.73,4904.72,4885.59,4893.77,8735.35,8745.8,8703.95,8708.8
13-10-2016,4977.437775,3789.921045,6977.738354,4785.59,4816.33,4760.07,4803.1,8671.5,8681.55,8541.35,8573.35
14-10-2016,5009.062437,3809.91261,7013.547634,4828.9,4845.99,4806.73,4808.49,8594,8604.45,8549.8,8583.4
17-10-2016,4981.813019,3773.94137,6947.551558,4808.47,4814.88,4790.45,4796.17,8612.95,8615.4,8506.15,8520.4
18-10-2016,4999.202614,3804.238389,7000.056229,4849.91,4860.68,4837.31,4839.72,8556.05,8685.1,8555.9,8677.9
19-10-2016,4993.176885,3815.225991,7021.92341,4833.81,4845.07,4830.68,4836.61,8697.5,8698.75,8636.7,8659.1
20-10-2016,4999.770658,3814.326127,7026.902565,4831.31,4842.32,4805.84,4832.71,8693.35,8727,8678.3,8699.4
21-10-2016,5001.808062,3811.192772,7020.466203,4836.54,4853.61,4822.78,4851.86,8708.6,8709.1,8652.05,8693.05
24-10-2016,5005.625244,3793.868958,6986.396082,4884.16,4911.59,4880.77,4909.97,8709.85,8736.95,8684.15,8708.95
25-10-2016,5014.044065,3805.758432,7017.643317,4908.18,4911.76,4885.9,4891.45,8721.7,8722.65,8663.45,8691.3
26-10-2016,4983.172461,3774.380485,6958.087754,4863.52,4886.32,4846.44,4860.59,8657.3,8657.3,8596.6,8615.25
27-10-2016,4989.641026,3784.019189,6986.571919,4883.07,4885.83,4831.69,4836.45,8607.1,8624.85,8550.25,8615.25
28-10-2016,4984.61716,3790.296246,6996.263892,4820.5,4848.54,4794.07,4805.59,8625,8653.75,8581.75,8638
01-11-2016,4969.862158,3751.156648,6917.139754,4810.3,4811.02,4726.35,4766.94,8653.15,8669.6,8614.5,8626.25
02-11-2016,4941.087213,3717.000991,6845.417636,4764.83,4773.65,4717.56,4726.91,8542.8,8549.5,8504.85,8514
03-11-2016,4909.540803,3696.207297,6790.509968,4718.53,4732.2,4673.05,4679.1,8499.85,8537.65,8476.15,8484.95
04-11-2016,4864.180371,3641.905279,6693.257246,4647.59,4697.94,4647.59,4660.46,8503.6,8504,8400.25,8433.75
07-11-2016,4890.638817,3698.652422,6806.900922,4737.99,4777.06,4731.79,4773.73,8535.75,8535.85,8481.45,8497.05
08-11-2016,4875.809309,3713.779927,6843.127775,4766.48,4824.97,4757.24,4804.92,8540,8559.4,8480.1,8543.55
09-11-2016,4864.287767,3748.411787,6911.835699,4748.9,4832.94,4747.35,4825.18,8067.5,8476.2,8002.25,8432
10-11-2016,4896.537294,3714.90113,6827.975423,4849.71,4855.79,4685.74,4747.03,8555.6,8598.45,8510.7,8525.75
11-11-2016,4862.639075,3664.050441,6730.429066,4729.14,4759.82,4711.96,4751.95,8456.65,8460.6,8284.95,8296.3
15-11-2016,4901.99705,3696.687267,6792.736625,4733.57,4778.65,4727.98,4764.47,8284.85,8288.55,8093.2,8108.45
16-11-2016,4890.492504,3674.197295,6749.719868,4745.03,4794.57,4742.94,4792.27,8205.65,8210.05,8089.4,8111.6
17-11-2016,4897.549788,3698.385649,6794.714752,4789.78,4826.75,4781.72,4826.59,8105.1,8151.25,8060.3,8079.95
18-11-2016,4902.239545,3692.207524,6775.773504,4832.81,4840.81,4804.44,4808.04,8097.55,8128.95,8048.3,8074.1
21-11-2016,4884.381381,3688.214328,6777.956008,4822.03,4862.23,4819.57,4859,8102.1,8102.45,7916.4,7929.1
22-11-2016,4915.372555,3712.444128,6819.717545,4876.92,4884.63,4861.08,4873.84,7989.15,8019.05,7938.15,8002.3
23-11-2016,4917.279484,3709.688862,6817.707595,4856.72,4859.67,4832.59,4853.86,8051.2,8055.2,7973.1,8033.3
25-11-2016,4923.755566,3719.283687,6840.748785,4861.47,4870.9,4853.04,4870.02,8007.95,8122.25,7976.75,8114.3
28-11-2016,4917.00158,3698.155238,6799.46821,4861.73,4878.87,4852.71,4857.02,8080.65,8146.5,8066.5,8126.9
29-11-2016,4924.179038,3686.795907,6772.002696,4859.85,4896.57,4848.89,4873.21,8131.55,8197.35,8128.7,8142.15
30-11-2016,4923.302327,3692.396411,6783.793508,4876.3,4880.76,4810.81,4810.81,8172.15,8234.25,8139.25,8224.5
01-12-2016,4914.950785,3677.030359,6752.925891,4806.77,4810.44,4723.57,4734.1,8244,8250.8,8185.05,8192.9
02-12-2016,4907.167479,3665.002167,6730.719404,4734.38,4759.03,4721.41,4739.37,8153.55,8159.3,8070.05,8086.8
05-12-2016,4939.019177,3673.781058,6746.833157,4762.34,4795.28,4743.53,4778.14,8088.75,8141.9,8056.85,8128.75
06-12-2016,4942.778765,3687.983044,6779.844814,4786.06,4796.58,4769.39,4788.67,8153.15,8178.7,8130.85,8143.15
07-12-2016,4978.426947,3748.339965,6902.226346,4778.86,4854.32,4765.44,4851.94,8168.4,8190.45,8077.5,8102.05
08-12-2016,4988.414666,3763.347832,6931.55257,4849.75,4869.56,4843.04,4859.19,8152.1,8256.25,8151.75,8246.85
09-12-2016,5019.05907,3775.795429,6954.213735,4878.54,4897.24,4877.18,4895.9,8271.7,8274.95,8241.95,8261.75
12-12-2016,5025.302767,3744.926189,6890.42052,4878.04,4882.98,4854.27,4874.3,8230.65,8230.65,8154.45,8170.8
13-12-2016,5031.427574,3781.796635,6968.570939,4893.65,4960.48,4890.15,4935.84,8196.15,8228.85,8155.8,8221.8
14-12-2016,5034.859714,3772.278551,6949.192188,4943.64,4955.25,4910.76,4921.22,8229.35,8229.4,8165.1,8182.45
15-12-2016,5050.619461,3797.438208,6999.013125,4925.65,4959.9,4919.81,4933.41,8128.4,8225.9,8121.95,8153.6
16-12-2016,5059.007354,3803.703726,7011.64039,4945.04,4952.14,4904.38,4914.86,8178.2,8178.7,8127.45,8139.45
19-12-2016,5071.824229,3806.375452,7017.160208,4919.16,4963,4911.75,4934.85,8126,8132.5,8094.85,8104.35
20-12-2016,5082.597862,3817.939181,7043.96179,4948.34,4961.55,4944.32,4953.8,8110.6,8124.1,8062.75,8082.4
21-12-2016,5084.604456,3816.051295,7041.424662,4952.07,4957.45,4938.24,4948.9,8105.85,8112.55,8053.25,8061.3
22-12-2016,5105.225205,3831.307542,7063.679039,4948.36,4948.36,4917.33,4934.39,8043.85,8046.45,7964.95,7979.1
23-12-2016,5105.861697,3833.897249,7068.166859,4927.53,4940.04,4922.94,4940.02,7972.5,8022.6,7942.05,7985.75
28-12-2016,5127.280798,3854.5445,7106.075842,4976.42,4978.43,4922.09,4926.29,8047.55,8100.55,8028.4,8034.85
29-12-2016,5117.768636,3861.052149,7120.258563,4923.92,4933.71,4903.28,4918.28,8030.6,8111.1,8020.8,8103.6
30-12-2016,5143.216893,3873.217501,7142.826738,4925.36,4927.16,4853.93,4863.62,8119.65,8197,8114.75,8185.8
03-01-2017,5175.068862,3891.543448,7177.887578,4900.85,4928.49,4884.52,4911.33,8196.05,8219.1,8148.6,8192.25
04-01-2017,5183.508924,3897.306257,7189.738116,4920.79,4944.74,4919.8,4937.2,8202.65,8218.5,8180.9,8190.5
05-01-2017,5188.893393,3905.23301,7195.313268,4936.35,4967.9,4935.34,4964.95,8226.65,8282.65,8223.7,8273.8
06-01-2017,5217.24454,3913.550706,7210.048973,4973.87,5020.7,4957.82,5007.08,8281.85,8306.85,8233.25,8243.8
09-01-2017,5247.612111,3927.780618,7237.771045,5013.82,5033.32,5009.45,5024.9,8259.35,8263,8227.75,8236.05
10-01-2017,5245.611237,3945.337031,7275.467381,5027.5,5049.83,5016.19,5035.17,8262.7,8293.8,8261,8288.6
11-01-2017,5268.220727,3951.850591,7290.489984,5033.88,5050.21,5012.65,5050.21,8327.8,8389,8322.25,8380.65
12-01-2017,5246.09204,3948.989906,7292.366222,5029.28,5044.36,4995.07,5041.43,8391.05,8417.2,8382.3,8407.2
13-01-2017,5265.457185,3971.68567,7337.806006,5047.56,5066.95,5045.92,5059.51,8457.65,8461.05,8373.15,8400.35
17-01-2017,5264.383519,3915.910654,7220.375842,5043.07,5053.2,5029.61,5044.65,8415.05,8440.9,8378.3,8398
18-01-2017,5237.000175,3929.518175,7247.608051,5050.26,5058.2,5039.18,5055.85,8403.85,8460.3,8397.4,8417
19-01-2017,5238.270349,3909.410223,7208.437923,5061.1,5078.41,5041.21,5051.17,8418.4,8445.15,8404.05,8435.1
20-01-2017,5243.31553,3902.696819,7198.443916,5070.15,5085.34,5050.02,5063.2,8404.35,8423.65,8340.95,8349.35
23-01-2017,5229.683117,3880.5048,7151.179746,5055.97,5073.24,5035.49,5065.7,8329.6,8404.15,8327.2,8391.5
24-01-2017,5226.801365,3879.53794,7150.339146,5079.61,5108.22,5068.37,5101.06,8407.05,8480.95,8398.15,8475.8
25-01-2017,5238.918227,3887.129646,7164.43196,5132.87,5153.18,5129,5151.47,8499.45,8612.6,8493.95,8602.75
27-01-2017,5225.473532,3897.486083,7184.48854,5169.49,5172.43,5150.18,5168.06,8610.5,8672.7,8606.9,8641.25
30-01-2017,5208.01708,3864.479899,7118.483303,5146.41,5146.88,5098.34,5129.33,8635.55,8662.6,8617.75,8632.75
31-01-2017,5207.056516,3858.261199,7099.154784,5107.47,5116.8,5086.33,5116.77,8629.45,8631.75,8552.4,8561.3
01-02-2017,5227.264444,3865.663938,7107.651899,5157.83,5162.46,5128.9,5152.69,8570.35,8722.4,8537.5,8716.4
02-02-2017,5232.938964,3880.913743,7140.745604,5141.28,5162.56,5128.76,5147.7,8724.75,8757.6,8685.8,8734.25
03-02-2017,5263.223544,3907.689196,7188.296938,5153.61,5165.47,5147.58,5161.6,8735.15,8748.25,8707.75,8740.95
06-02-2017,5272.084744,3899.70289,7172.145506,5154.18,5167.96,5148.06,5167.96,8785.45,8814.1,8770.2,8801.05
07-02-2017,5294.210142,3912.65939,7186.224145,5178.85,5196.27,5174.34,5185.88,8805.7,8809.3,8741.05,8768.3
08-02-2017,5290.937529,3915.288167,7188.82231,5176.5,5201.57,5168.98,5196.58,8774.55,8791.25,8715,8769.05
09-02-2017,5298.674888,3933.991704,7229.498447,5200.17,5221.62,5196.07,5212.16,8795.55,8821.4,8724.1,8778.4
10-02-2017,5321.320278,3950.363768,7258.747739,5219.81,5234.27,5212.83,5226.69,8812.35,8822.1,8771.2,8793.55
13-02-2017,5340.735992,3961.170734,7278.916139,5242.49,5262.42,5241,5256.82,8819.8,8826.9,8754.2,8805.05
14-02-2017,5339.264208,3957.59049,7268.559433,5251.36,5271.1,5238.69,5271.07,8819.9,8820.45,8772.5,8792.3
15-02-2017,5358.729113,3974.244629,7302.409812,5266.12,5304.34,5264.44,5302.39,8778.95,8807.9,8712.85,8724.7
16-02-2017,5350.940207,3959.197758,7277.92229,5306.38,5316.79,5287.54,5300.64,8739,8783.95,8719.6,8778
17-02-2017,5347.001688,3968.776087,7299.962552,5295.49,5324.72,5291.7,5324.72,8883.7,8896.45,8804.25,8821.7
21-02-2017,5353.02429,3960.172475,7274.826343,5334.57,5353.16,5330.47,5350.73,8890.75,8920.8,8860.95,8907.85
22-02-2017,5341.866464,3968.618214,7302.254067,5345.18,5354.73,5335.8,5352.13,8931.6,8960.75,8905.25,8926.9
23-02-2017,5328.138242,3953.601498,7271.368869,5358.03,5358.53,5309.99,5332.37,8956.4,8982.15,8927.55,8939.5
27-02-2017,5318.545467,3946.265363,7252.99518,5330.56,5347.88,5322.13,5347.55,8943.7,8951.8,8888.65,8896.7
28-02-2017,5288.337908,3953.424298,7263.437533,5344.18,5347.47,5316.7,5330.31,8898.95,8914.75,8867.6,8879.6
01-03-2017,5358.952285,4014.718105,7382.899975,5368.65,5398.43,5355.38,5390.99,8904.4,8960.8,8898.6,8945.8
02-03-2017,5355.487407,4013.289368,7382.35403,5386.34,5387.73,5355.53,5363.26,8982.85,8992.5,8879.8,8899.75
03-03-2017,5356.763097,4007.468162,7374.262431,5355.21,5373.48,5344.48,5373.48,8883.5,8907.1,8860.1,8897.55
06-03-2017,5356.511912,3996.866611,7350.115502,5352.61,5368.27,5338.61,5360.31,8915.1,8967.8,8914,8963.45
07-03-2017,5364.960917,3992.390883,7338.993691,5348.2,5373.26,5341.43,5351.28,8977.75,8977.85,8932.8,8946.9
08-03-2017,5371.661282,3992.19419,7334.605834,5351.35,5375.77,5348.73,5359.8,8950.7,8957.05,8891.95,8924.3
09-03-2017,5348.297273,3981.644496,7314.961596,5355.78,5370.66,5336.08,5363.98,8914.5,8945.8,8899.5,8927
10-03-2017,5359.619075,3996.611941,7343.083227,5390.46,5394.66,5364.1,5385.9,8953.7,8975.7,8903.95,8934.55
14-03-2017,5367.074038,4002.903751,7357.847386,5382.79,5384.88,5360.7,5382.17,9091.65,9122.75,9060.5,9087
15-03-2017,5378.432923,4008.358694,7368.644459,5392.48,5426.84,5375.88,5416.25,9086.85,9106.55,9075.5,9084.8
16-03-2017,5392.051783,4031.530765,7415.954503,5421.46,5423.66,5399.27,5412.08,9129.65,9158.45,9128.55,9153.7
17-03-2017,5414.658946,4038.384507,7424.957116,5413.47,5423.28,5406.81,5408.76,9207.8,9218.4,9147.6,9160.05
20-03-2017,5411.201221,4042.351059,7429.812572,5406.02,5426.47,5400.16,5413.31,9166.95,9167.6,9116.3,9126.85
21-03-2017,5391.758715,4013.764126,7378.33755,5433.28,5439.58,5328.71,5332.53,9133.95,9147.75,9087.2,9121.5
22-03-2017,5361.234661,3984.241742,7324.715131,5332.64,5372.27,5327.25,5367.55,9047.2,9072.9,9019.3,9030.45
23-03-2017,5366.53106,3997.132899,7340.707054,5356.71,5375.43,5346.3,5355.14,9048.75,9099.05,9048.6,9086.3
24-03-2017,5379.364687,3995.030306,7336.820164,5376.74,5392.28,5345.94,5364,9104,9133.55,9089.4,9108
27-03-2017,5355.721172,3972.731676,7293.497069,5320.96,5383.22,5316.02,5374.27,9093.45,9094.85,9024.65,9045.2
28-03-2017,5386.877499,3997.193574,7343.422372,5371.9,5422.25,5363.29,5407.21,9081.5,9110.4,9079.8,9100.8
29-03-2017,5405.732948,4011.79724,7373.720827,5410.14,5433.36,5405.1,5430.27,9128.7,9153.15,9109.1,9143.8
30-03-2017,5402.360366,4011.006282,7369.524424,5430.31,5446.51,5425.3,5439.74,9142.6,9183.15,9136.35,9173.75
31-03-2017,5430.463302,3990.000999,7322.915417,5430.99,5451.5,5427.5,5436.23,9158.9,9191.7,9152.1,9173.75
03-04-2017,5398.589269,3970.976147,7282.687445,5440.2,5453.44,5403.31,5432.2,9220.6,9245.35,9192.4,9237.85
05-04-2017,5407.090036,3996.536651,7331.679835,5447.27,5479.86,5409.04,5418.52,9264.4,9273.9,9215.4,9265.15
06-04-2017,5414.602018,3986.2155,7303.196747,5423.65,5435.06,5407.87,5420.88,9245.8,9267.95,9218.85,9261.95
07-04-2017,5428.105749,4010.284792,7349.371818,5420.94,5434.18,5400.08,5418.37,9223.7,9250.5,9188.1,9198.3
10-04-2017,5448.479493,4011.819097,7348.938299,5423.57,5442.71,5406.58,5421.68,9225.6,9225.65,9174.85,9181.45
11-04-2017,5458.320389,4020.744607,7365.498117,5413.91,5422.79,5359.14,5398.4,9184.55,9242.7,9172.85,9237
12-04-2017,5481.089258,4018.120405,7348.985917,5394.61,5399.55,5370.24,5377.03,9242.5,9246.4,9161.8,9203.45
13-04-2017,5484.141311,4012.298682,7327.585397,5370.69,5398.99,5353.59,5353.59,9202.5,9202.65,9144.95,9150.8
18-04-2017,5450.023362,3924.928488,7147.496908,5383.74,5405.54,5377.91,5391.66,9163,9217.9,9095.45,9105.15
19-04-2017,5448.891326,3914.504396,7114.362814,5416.3,5431,5392.28,5399.64,9112.2,9120.5,9075.15,9103.5
20-04-2017,5445.08883,3914.901491,7118.540444,5422.47,5455.88,5413.32,5443.53,9108.1,9143.9,9102.65,9136.4
21-04-2017,5449.62316,3912.580944,7114.549511,5447.28,5450.81,5430.22,5442.05,9179.1,9183.65,9088.75,9119.4
24-04-2017,5488.66028,3987.558915,7264.677616,5503.27,5513.57,5494.46,5508.03,9135.35,9225.4,9130.55,9217.95
25-04-2017,5509.441828,3992.195667,7275.638087,5523.48,5557.93,5521.52,5548.19,9273.05,9309.2,9250.35,9306.6
26-04-2017,5535.449013,4001.884065,7288.718835,5553.6,5563.97,5537.99,5541.09,9336.2,9367,9301.35,9351.85
27-04-2017,5513.391059,3977.335147,7237.168312,5555.27,5573.26,5551.55,5571.28,9359.15,9367.15,9322.65,9342.15
28-04-2017,5528.632876,3962.485747,7203.942102,5598.47,5600,5575.21,5583.53,9340.95,9342.65,9282.25,9304.05
02-05-2017,5568.497605,3990.157865,7250.045881,5642.41,5645.08,5625.49,5644.07,9339.85,9352.55,9269.9,9313.8
03-05-2017,5538.381419,3978.428532,7234.528431,5624.87,5629.78,5608.16,5625.16,9344.7,9346.3,9298.4,9311.95
04-05-2017,5527.030208,3983.975721,7248.10427,5623.57,5633.49,5606.05,5626.32,9360.95,9365.65,9323.25,9359.9
05-05-2017,5552.38702,4006.842991,7297.434609,5640.78,5646.09,5619.6,5646.09,9374.55,9377.1,9272,9285.3
08-05-2017,5560.344729,4009.573986,7300.860517,5649.18,5659.07,5638,5659.07,9311.45,9338.7,9297.95,9314.05
09-05-2017,5588.509167,4031.362703,7342.212193,5667.98,5691.21,5664,5678.31,9337.35,9338.95,9307.7,9316.85
10-05-2017,5621.446323,4053.07594,7385.244235,5681.33,5683.64,5661.44,5681.68,9339.65,9414.75,9336,9407.3
11-05-2017,5610.881812,4050.639742,7386.633393,5662.59,5675.5,5637.4,5674.22,9448.6,9450.65,9411.3,9422.4
12-05-2017,5623.097011,4071.154963,7435.393077,5683.58,5687.42,5672.03,5686.81,9436.65,9437.75,9372.55,9400.9
15-05-2017,5629.753856,4079.215491,7454.369003,5687.97,5706.61,5683.1,5704.48,9433.55,9449.25,9423.1,9445.4
16-05-2017,5632.027257,4113.103124,7522.032611,5715.15,5724.71,5699.41,5724.44,9461,9517.2,9456.35,9512.25
17-05-2017,5620.669128,4101.204289,7503.469259,5673.62,5688.74,5578.16,5580.55,9517.6,9532.6,9486.1,9525.75
18-05-2017,5573.496609,4067.864577,7436.416261,5569.81,5645.08,5568.47,5626.31,9453.2,9489.1,9418.1,9429.45
19-05-2017,5597.004213,4087.602196,7470.713848,5640.71,5673.63,5640.68,5651.56,9469.9,9505.75,9390.75,9427.9
22-05-2017,5623.30633,4102.893769,7496.335938,5662.95,5701.05,5661.59,5699.4,9480.25,9498.65,9427.9,9438.25
23-05-2017,5628.173369,4098.454409,7485.287252,5714.94,5716.55,5690.2,5703.35,9445.05,9448.05,9370,9386.15
24-05-2017,5647.412676,4112.933883,7514.896767,5720.83,5732.57,5705.17,5730.3,9410.9,9431.9,9341.65,9360.55
25-05-2017,5644.878811,4114.679419,7517.71129,5748.29,5793.13,5738.82,5778.37,9384.05,9523.3,9379.2,9509.75
26-05-2017,5661.475228,4130.146231,7547.634338,5782.17,5790.19,5771.71,5788.36,9507.75,9604.9,9495.4,9595.1
30-05-2017,5653.926398,4119.584596,7526.507212,5785.38,5799.99,5781.37,5794.63,9590.65,9635.3,9581.2,9624.55
31-05-2017,5655.222148,4116.079391,7519.946175,5812.97,5813.26,5762.56,5788.8,9636.55,9649.6,9609.25,9621.25
01-06-2017,5650.268794,4127.677258,7543.771355,5804.17,5816.6,5779.89,5816.51,9603.55,9634.65,9589.9,9616.1
02-06-2017,5651.7007,4129.132234,7547.626715,5834.41,5881.46,5825.74,5881.46,9657.15,9673.5,9637.45,9653.5
05-06-2017,5628.670602,4114.402191,7525.758513,5881.21,5888.92,5871.09,5878.12,9656.3,9687.2,9640.7,9675.1
06-06-2017,5596.484173,4105.925641,7524.950361,5869.48,5890.88,5848.32,5856.77,9704.25,9709.3,9630.2,9637.15
07-06-2017,5593.270231,4086.983458,7478.621656,5871.77,5883.19,5845.96,5877.59,9663.95,9678.55,9630.55,9663.9
08-06-2017,5615.439945,4076.65328,7449.979014,5894.75,5895.18,5852.65,5885.3,9682.4,9688.7,9641.5,9647.25
09-06-2017,5624.744807,4111.626581,7527.330179,5891.67,5897.69,5657.76,5741.94,9638.55,9676.25,9608.15,9668.25
12-06-2017,5617.87614,4101.716913,7511.871055,5677.16,5716.2,5633.34,5708.18,9646.7,9647.05,9598.5,9616.4
13-06-2017,5630.558723,4103.067438,7500.438683,5740.21,5760.54,5709.17,5751.82,9615.55,9654.15,9595.4,9606.9
14-06-2017,5627.087786,4095.510083,7474.402415,5774.12,5774.19,5682.35,5727.07,9621.55,9627.4,9580.45,9618.15
15-06-2017,5567.594738,4055.554221,7419.357331,5661.36,5707.37,5634.58,5700.89,9617.9,9621.4,9560.8,9578.05
16-06-2017,5614.582387,4085.044864,7463.53736,5694.21,5695.74,5656.62,5681.48,9595.45,9615.85,9565.5,9588.05
19-06-2017,5625.496825,4113.55714,7523.810341,5729.54,5776.37,5724.49,5772.22,9626.4,9673.3,9614.9,9657.55
20-06-2017,5627.29521,4087.853427,7472.705228,5762.99,5772.17,5725.01,5726.31,9670.5,9676.5,9643.75,9653.5
21-06-2017,5601.509836,4073.238618,7447.793327,5740.58,5784.92,5737.01,5782.39,9648.1,9650.45,9608.6,9633.6
22-06-2017,5615.059362,4069.074509,7439.291998,5787.43,5802.46,5767.87,5779.87,9642.65,9698.85,9617.75,9630
23-06-2017,5622.818284,4063.595632,7424.129723,5775.03,5810.31,5759.7,5803.11,9643.25,9647.65,9565.3,9574.95
27-06-2017,5616.697685,4062.451755,7434.361371,5752.72,5761.04,5671.6,5671.6,9594.05,9615.4,9473.45,9511.4
28-06-2017,5574.809931,4039.295099,7387.803511,5693.48,5757.23,5660.53,5753.03,9520.2,9522.5,9474.35,9491.25
29-06-2017,5578.733812,4018.605046,7350.317582,5723.31,5723.66,5599.44,5653.02,9522.95,9575.8,9493.8,9504.1
30-06-2017,5584.963908,4002.179756,7312.715749,5676.4,5681.9,5637.74,5646.92,9478.5,9535.8,9448.75,9520.9
03-07-2017,5589.552407,4029.697534,7377.091446,5680.36,5684.98,5592.53,5596.96,9587.95,9624,9543.55,9615
05-07-2017,5581.150245,4029.811167,7367.597341,5611,5663.6,5593.66,5648.82,9619.75,9643.65,9607.35,9637.6
06-07-2017,5581.903914,4013.798265,7337.281439,5606.42,5628.84,5579.64,5597.9,9653.6,9700.7,9639.95,9674.55
07-07-2017,5588.787001,4020.824117,7350.919167,5618.85,5673.02,5618.85,5656.47,9670.35,9684.25,9642.65,9665.8
10-07-2017,5582.329136,4027.689186,7370.033117,5662.71,5708.62,5650.26,5694.15,9719.3,9782.15,9646.45,9771.05
11-07-2017,5556.657071,4004.567202,7329.757198,5687.03,5717.91,5667.27,5709.8,9797.45,9830.05,9778.85,9786.05
12-07-2017,5593.498634,4045.366642,7416.928462,5757.2,5785,5749.65,5778.95,9807.3,9824.95,9787.7,9816.1
13-07-2017,5595.889008,4049.066909,7413.44196,5785.32,5806.18,5776.62,5793.36,9855.8,9897.25,9853.45,9891.7
14-07-2017,5598.648759,4033.514755,7378.386242,5815.04,5844.8,5799.85,5838.08,9913.3,9913.3,9845.45,9886.35
17-07-2017,5608.723545,4048.854967,7404.125276,5845.82,5860.64,5830.25,5839.74,9908.15,9928.2,9894.7,9915.95
18-07-2017,5623.288508,4046.364734,7390.215977,5832.92,5880.55,5818.2,5880.1,9832.7,9885.35,9792.05,9827.15
19-07-2017,5650.812789,4067.609912,7430.905323,5898.4,5922.37,5895.54,5916.16,9855.95,9905.05,9851.65,9899.6
20-07-2017,5659.063146,4095.073012,7487.869999,5929.58,5932.61,5896.61,5921.22,9920.2,9922.55,9863.45,9873.3
21-07-2017,5667.670681,4079.623719,7452.910158,5905.6,5921.52,5890.25,5921.52,9899.6,9924.7,9838,9915.25
24-07-2017,5685.471703,4042.685973,7377.729244,5920.93,5950.58,5912.74,5941.37,9936.8,9982.05,9919.6,9966.4
25-07-2017,5676.41902,4068.254358,7434.822006,5927.1,5945.06,5916.29,5930.65,10010.55,10011.3,9949.1,9964.55
26-07-2017,5654.433279,4079.445006,7452.321663,5944.16,5954.38,5939.17,5950.73,9983.65,10025.95,9965.95,10020.65
27-07-2017,5672.873184,4079.833869,7443.014757,5994.02,5995.77,5847.05,5917.03,10063.25,10114.85,10005.5,10020.55
28-07-2017,5671.438872,4042.024827,7368.367982,5883.7,5918.31,5868.92,5908.92,9996.55,10026.05,9944.5,10014.5
31-07-2017,5701.002234,4046.198366,7372.002699,5928.68,5932.37,5871.79,5880.33,10034.7,10085.9,10016.95,10077.1
01-08-2017,5691.249889,4071.323643,7423.661878,5900.64,5905.29,5880.45,5895.17,10101.05,10128.6,10065.75,10114.65
02-08-2017,5699.503785,4065.439421,7411.426068,5934.07,5936.15,5859.62,5914.23,10136.3,10137.85,10054.2,10081.5
03-08-2017,5702.951891,4095.491366,7474.768105,5915.73,5917.47,5879.72,5891.2,10081.15,10081.15,9998.25,10013.65
04-08-2017,5720.502549,4114.196547,7511.71236,5899.69,5912.56,5877.06,5899.91,10008.6,10075.25,9988.35,10066.4
07-08-2017,5725.210914,4123.80259,7531.942572,5909.45,5936.79,5903.75,5934.73,10074.8,10088.1,10046.35,10057.4
08-08-2017,5742.975613,4127.661636,7542.727848,5922.64,5972.93,5910.5,5926.35,10068.35,10083.8,9947,9978.55
09-08-2017,5742.78516,4105.601109,7498.062854,5879.55,5920.96,5866.17,5919.39,9961.15,9969.8,9893.05,9908.05
10-08-2017,5687.890597,4050.9131,7389.943028,5880.13,5887.27,5783.36,5788.19,9872.85,9892.65,9776.2,9820.25
11-08-2017,5674.301504,4010.333437,7309.960772,5792.32,5844.61,5785.26,5831.53,9712.15,9771.65,9685.55,9710.8
14-08-2017,5685.628936,4034.850128,7353.887376,5878.64,5916.33,5878,5908.17,9755.75,9818.3,9752.1,9794.15
16-08-2017,5711.232802,4075.808367,7433.030492,5920.68,5944.98,5899.56,5917.42,9825.85,9903.95,9773.85,9897.3
17-08-2017,5682.778898,4052.374587,7387.869542,5896.31,5903.87,5796.32,5796.32,9945.55,9947.8,9883.75,9904.15
18-08-2017,5652.656966,4018.656329,7323.981049,5803.9,5831.08,5770.14,5790.91,9865.95,9865.95,9783.65,9837.4
21-08-2017,5666.984566,4017.490559,7318.877645,5791.04,5804.3,5750.5,5786.54,9864.25,9884.35,9740.1,9754.35
22-08-2017,5677.846713,4048.82281,7381.742514,5817.29,5879,5817.02,5873.33,9815.75,9828.45,9752.6,9765.55
23-08-2017,5679.364045,4048.992083,7382.652476,5842.16,5864.78,5840.71,5851.78,9803.05,9857.9,9786.75,9852.5
24-08-2017,5674.447108,4058.439113,7407.063543,5863.99,5871.87,5802.77,5834.44,9881.2,9881.5,9848.85,9857.05
29-08-2017,5660.252722,4021.418248,7337.429163,5785.29,5871.79,5785.22,5862.14,9886.4,9887.35,9783.75,9796.05
30-08-2017,5672.679538,4036.924605,7365.258493,5870.88,5940.57,5865.34,5932.9,9859.5,9909.45,9850.8,9884.4
31-08-2017,5715.179789,4072.980251,7430.622829,5948.74,5995.45,5945.95,5988.6,9905.7,9925.1,9856.95,9917.9
01-09-2017,5711.637735,4075.747419,7438.498456,6001.82,6009.61,5972.27,5987.9,9937.65,9983.45,9909.85,9974.4
05-09-2017,5695.399972,4044.60038,7372.917608,5966.64,5980.91,5890.25,5932.73,9933.25,9963.1,9901.05,9952.2
06-09-2017,5712.225611,4034.303888,7354.129356,5949.54,5964.38,5909.92,5951.13,9899.25,9931.55,9882.55,9916.2
07-09-2017,5713.9158,4054.615946,7396.982415,5960.44,5980.15,5943.89,5964.31,9945.85,9964.85,9917.2,9929.9
08-09-2017,5716.232744,4043.279517,7377.598405,5957.19,5958.81,5907.96,5913.37,9958.65,9963.6,9913.3,9934.8
11-09-2017,5715.535829,4061.860548,7413.591224,5962.35,5990.87,5960.87,5980.53,9971.75,10028.65,9968.8,10006.05
12-09-2017,5699.543393,4054.832569,7400.693281,5998.74,6002.97,5968.09,5995.64,10056.85,10097.55,10028.05,10093.05
13-09-2017,5700.637538,4043.104543,7379.699502,5982.85,6004.47,5974.88,6004.38,10099.25,10131.95,10063.15,10079.3
14-09-2017,5665.053222,4002.983778,7295.38698,5981.85,5997.23,5965.06,5968.82,10107.4,10126.5,10070.35,10086.6
15-09-2017,5642.208649,3962.442614,7215.467669,5965.66,6009.44,5957.85,5988,10062.35,10115.15,10043.65,10085.4
18-09-2017,5663.388977,3981.580402,7253.279158,5997.51,6012.95,5963.17,5981.12,10133.1,10171.7,10131.3,10153.1
19-09-2017,5658.851328,3994.356757,7275.24754,5991.93,5998.24,5971.17,5991.08,10175.6,10178.95,10129.95,10147.55
20-09-2017,5652.791244,3992.926737,7271.951026,5987.72,5994.53,5927.7,5973.6,10160.95,10171.05,10134.2,10141.15
21-09-2017,5643.522892,3985.049506,7263.902074,5965.6,5965.6,5915.74,5934.91,10139.6,10158.9,10058.6,10121.9
22-09-2017,5643.934268,4008.860477,7310.639978,5912.19,5937.59,5911.48,5932.32,10094.35,10095.05,9952.8,9964.4
25-09-2017,5661.580949,4006.877968,7301.286997,5904.06,5908.57,5839.89,5867.35,9960.1,9960.5,9816.05,9872.6
26-09-2017,5643.981301,3997.474871,7285.736738,5893.18,5908.47,5862.99,5881.34,9875.25,9891.35,9813,9871.5
27-09-2017,5673.373365,4012.651903,7313.509501,5912.96,5957.75,5900.35,5937.79,9920.6,9921.05,9714.4,9735.75
28-09-2017,5687.929048,4020.772718,7322.816355,5920.65,5939.22,5908.62,5933.07,9736.4,9789.2,9687.55,9768.95
29-09-2017,5712.412693,4049.893617,7372.75754,5941.78,5980.22,5930.82,5979.3,9814.3,9854,9775.35,9788.6
03-10-2017,5764.345919,4098.452477,7468.113712,5986.85,5999.19,5976.65,5995.06,9893.3,9895.4,9831.05,9859.5
04-10-2017,5774.905442,4098.303505,7467.584695,5983.31,6009.81,5976.12,5998.84,9884.35,9938.3,9850.65,9914.9
05-10-2017,5796.224047,4118.562262,7507.991277,6018.27,6059.21,6014.77,6057.14,9927,9945.95,9881.85,9888.7
06-10-2017,5811.359545,4128.103439,7522.872491,6037.44,6064.67,6037.02,6064.57,9908.15,9989.35,9906.6,9979.7
09-10-2017,5802.646759,4119.159991,7507.894194,6071.96,6078.8,6051.33,6058.53,9988.2,10015.75,9959.45,9988.75
10-10-2017,5812.700668,4134.208045,7538.271174,6078.27,6084.14,6036.72,6063.52,10013.7,10034,10002.3,10016.95
11-10-2017,5816.792566,4133.081625,7533.807598,6062.73,6082.25,6052.44,6081.25,10042.6,10067.25,9955.8,9984.8
12-10-2017,5826.575298,4145.975294,7556.242111,6072.21,6093.76,6063.47,6069.99,10011.2,10104.45,9977.1,10096.4
13-10-2017,5823.770359,4137.06022,7535.43741,6094.72,6100.06,6087.03,6092.45,10123.7,10191.9,10120.1,10167.45
16-10-2017,5850.07201,4132.622712,7526.968956,6108.66,6115.53,6095.63,6114.53,10207.4,10242.95,10175.1,10230.85
17-10-2017,5829.354029,4124.449706,7516.174524,6111.32,6122.82,6103.66,6122.61,10227.65,10251.85,10212.6,10234.45
18-10-2017,5834.430677,4140.607591,7542.866979,6128.91,6129.49,6106.85,6114.35,10209.4,10236.45,10175.75,10210.85
19-10-2017,5819.251382,4127.209402,7523.038195,6074.28,6092.87,6051.47,6092.62,10210.35,10211.95,10123.35,10146.55
23-10-2017,5804.578114,4127.446059,7524.452244,6122.24,6122.24,6061.08,6067.83,10176.65,10224.15,10124.5,10184.85
24-10-2017,5811.279502,4127.922584,7526.543117,6078.02,6090.89,6057.69,6080.22,10218.55,10237.75,10182.4,10207.7
25-10-2017,5787.20161,4091.16567,7447.212942,6069.35,6087.58,6011.24,6055.04,10321.15,10340.55,10240.9,10295.35
26-10-2017,5786.653394,4111.400908,7486.499169,6056.05,6066.61,6035.95,6037.87,10291.8,10355.65,10271.85,10343.8
27-10-2017,5834.7289,4120.207371,7505.029789,6138.23,6223.51,6129.79,6213.47,10362.3,10366.15,10311.3,10323.05
30-10-2017,5835.521866,4114.936663,7487.812147,6209.8,6250.85,6202.53,6227.59,10353.85,10384.5,10344.3,10363.65
31-10-2017,5833.790439,4117.692143,7493.078749,6241.88,6258.42,6229.15,6248.56,10364.9,10367.7,10323.95,10335.3
01-11-2017,5879.233928,4120.008495,7487.961828,6274.26,6276.66,6224.58,6248.65,10390.35,10451.65,10383.05,10440.5
02-11-2017,5887.889473,4151.695374,7555.321512,6238.29,6243.74,6194.58,6236.39,10440.5,10453,10412.55,10423.8
03-11-2017,5892.705056,4156.945889,7560.346733,6266.19,6297.62,6237.65,6295.58,10461.55,10461.7,10403.6,10452.5
06-11-2017,5891.148516,4156.414411,7562.276814,6292.15,6318.58,6291.84,6313.61,10431.75,10490.45,10413.75,10451.8
07-11-2017,5884.855073,4130.46999,7513.114864,6314.69,6328.58,6299.53,6320.78,10477.15,10485.75,10340.8,10350.15
08-11-2017,5884.193997,4137.504316,7529.720853,6319.03,6346.98,6308.62,6345.81,10361.95,10384.25,10285.5,10303.15
09-11-2017,5829.194572,4108.393254,7484.101947,6295.29,6315.16,6248.29,6312.21,10358.65,10368.45,10266.95,10308.95
10-11-2017,5820.952137,4084.046392,7432.989083,6297.15,6313.17,6284.22,6309.07,10304.35,10344.95,10254.1,10321.75
13-11-2017,5810.17006,4068.122598,7415.176578,6286.01,6325.18,6285.97,6316.18,10322,10334.15,10216.25,10224.95
14-11-2017,5784.210547,4069.090953,7414.419334,6293.33,6300.46,6263.77,6293.64,10223.4,10248,10175.55,10186.6
15-11-2017,5746.11167,4044.615987,7372.612773,6261.27,6276.8,6227.99,6258.36,10171.95,10175.45,10094,10118.05
16-11-2017,5754.862978,4056.396332,7386.944813,6293.46,6352.47,6293.46,6339.14,10152.9,10232.25,10139.2,10214.75
17-11-2017,5750.357692,4051.778772,7380.683238,6343.64,6345.56,6308.48,6314.51,10324.55,10343.6,10268.05,10283.6
20-11-2017,5748.608676,4058.05255,7389.457974,6319.57,6324.59,6301.88,6308.61,10287.2,10309.85,10261.5,10298.75
21-11-2017,5762.281771,4070.447161,7411.336792,6336.91,6380.07,6336.26,6378.63,10329.25,10358.7,10315.05,10326.9
22-11-2017,5785.186617,4076.758626,7419.015436,6384.13,6391.16,6371.74,6386.12,10350.8,10368.7,10309.55,10342.3
24-11-2017,5780.537172,4070.203617,7409.640866,6393.33,6410.77,6389.4,6409.29,10366.8,10404.5,10362.25,10389.7
27-11-2017,5759.28252,4056.227192,7383.90011,6409.52,6420.21,6392.01,6405.97,10361.05,10407.15,10340.2,10399.55
28-11-2017,5773.43692,4095.130784,7460.654885,6419.48,6426.04,6385.32,6422.56,10387.9,10409.55,10355.2,10370.25
29-11-2017,5777.035854,4066.922805,7393.563078,6412.69,6412.69,6279.36,6311.37,10376.65,10392.95,10345.9,10361.3
30-11-2017,5770.973949,4033.83871,7326.666262,6337.34,6374.19,6321.43,6365.56,10332.7,10332.7,10211.25,10226.55
01-12-2017,5764.098584,4018.865301,7300.486018,6325.61,6365.3,6244.84,6337.87,10263.7,10272.7,10108.55,10121.8
04-12-2017,5764.61588,4038.499427,7338.970418,6380.68,6380.77,6256.81,6263.7,10175.05,10179.2,10095.7,10127.75
05-12-2017,5755.324513,4031.04702,7327.503779,6242.47,6337.06,6235.77,6265.11,10118.25,10147.95,10069.1,10118.25
06-12-2017,5724.833865,4037.84018,7348.034072,6243.72,6304.1,6234.22,6293.05,10088.8,10104.2,10033.35,10044.1
07-12-2017,5728.108263,4025.333159,7320.749901,6300.64,6333.29,6290.65,6316.28,10063.45,10182.65,10061.9,10166.7
08-12-2017,5733.923765,4063.720328,7393.957962,6364.6,6377.55,6335.23,6344.57,10198.45,10270.85,10195.25,10265.65
11-12-2017,5747.325231,4092.592808,7453.480087,6351.24,6394.43,6347.91,6393.89,10310.5,10329.2,10282.05,10322.25
12-12-2017,5771.903578,4114.090867,7500.414263,6389.47,6403.5,6371.69,6383.65,10324.9,10326.1,10230.2,10240.15
13-12-2017,5770.981789,4111.964342,7496.511635,6405.41,6416.83,6388.41,6394.67,10236.6,10296.55,10169.85,10192.95
14-12-2017,5758.942919,4088.577742,7448.117981,6407.25,6423.68,6386.25,6389.91,10229.3,10276.1,10141.55,10252.1
15-12-2017,5772.101895,4108.957678,7490.569826,6405.15,6470.92,6405.03,6466.32,10345.65,10373.1,10319.65,10333.25
18-12-2017,5793.832808,4136.81209,7537.008105,6504.89,6522.7,6495.18,6513.27,10263.1,10443.55,10074.8,10388.75
19-12-2017,5814.72636,4143.352233,7544.086572,6505.35,6510.87,6462.79,6480.67,10414.8,10472.2,10406,10463.2
20-12-2017,5807.189319,4135.160457,7525.217814,6504.55,6504.55,6447.93,6472.48,10494.4,10494.45,10437.15,10444.2
21-12-2017,5839.744342,4173.014013,7603.98044,6481.08,6501.52,6467.78,6472.69,10473.95,10473.95,10426.9,10440.3
22-12-2017,5848.241354,4170.212901,7592.663253,6462.55,6467.83,6449,6465.17,10457.3,10501.1,10448.25,10493
27-12-2017,5874.464544,4188.500227,7620.681649,6437.06,6448.94,6425.92,6435.15,10531.05,10552.4,10469.25,10490.75
28-12-2017,5904.364464,4190.33354,7622.877814,6449.52,6452.07,6432.68,6441.42,10498.2,10534.55,10460.45,10477.9
29-12-2017,5911.889998,4221.817711,7687.772698,6439.9,6442.53,6396.42,6396.42,10492.35,10538.7,10488.65,10530.7
02-01-2018,5897.826942,4202.534188,7648.096,6431.59,6513.02,6417.75,6511.34,10477.55,10495.2,10404.65,10442.2
03-01-2018,5925.682768,4215.454366,7671.107761,6520.03,6579.25,6519.26,6575.8,10482.65,10503.6,10429.55,10443.2
04-01-2018,5948.34634,4229.48031,7695.882659,6595.75,6603.17,6576.92,6584.58,10469.4,10513,10441.45,10504.8
05-01-2018,5975.582165,4246.374454,7724.218086,6613.12,6654.98,6605.03,6653.29,10534.25,10566.1,10520.1,10558.85
08-01-2018,5987.252012,4231.991588,7696.513071,6651.68,6680.32,6649.2,6676.63,10591.7,10631.2,10588.55,10623.6
09-01-2018,6000.966453,4248.116856,7731.020101,6692.87,6696.12,6658.27,6677.94,10645.1,10659.15,10603.6,10637
10-01-2018,5998.151713,4251.89545,7748.511845,6640.66,6663.51,6619.35,6662.66,10652.05,10655.5,10592.7,10632.2
11-01-2018,6020.459067,4258.087517,7762.941268,6675.69,6708.49,6664.74,6708.49,10637.05,10664.6,10612.35,10651.2
12-01-2018,6015.445823,4268.887112,7778.637689,6699.32,6763.98,6695.52,6758.54,10682.55,10690.4,10597.1,10681.25
16-01-2018,6036.773058,4260.075908,7755.931441,6807.85,6835.79,6719.11,6737.14,10761.5,10762.35,10687.85,10700.45
17-01-2018,6008.691621,4242.348338,7725.432076,6767.85,6820.04,6738.45,6810.28,10702.45,10803,10666.75,10788.55
18-01-2018,5998.403089,4227.855955,7700.963484,6804.59,6826.79,6784.72,6811.38,10873.4,10887.5,10782.4,10817
19-01-2018,5996.015333,4240.497563,7730.787919,6829.04,6843.24,6801.59,6834.33,10829.2,10906.85,10793.9,10894.7
22-01-2018,5985.731556,4233.551024,7715.441534,6829.55,6906.28,6822.85,6906.28,10883.2,10975.1,10881.4,10966.2
23-01-2018,5997.069681,4241.578116,7731.827774,6928.27,6969.4,6926.37,6963.46,10997.4,11092.9,10994.55,11083.7
24-01-2018,5971.484646,4197.667758,7643.428966,6975.38,6992.91,6880.68,6919.35,11069.35,11110.1,11046.15,11086
25-01-2018,5973.252765,4185.043438,7615.839954,6965.01,6967.6,6894.84,6916.3,11095.6,11095.6,11009.2,11069.65
29-01-2018,5940.567996,4210.509703,7671.5333,7000.68,7020.64,6974.7,6988.32,11079.35,11171.55,11075.95,11130.4
30-01-2018,5870.266779,4165.076683,7587.98262,6910.39,6958.79,6894.63,6930.73,11120.85,11121.1,11033.9,11049.65
31-01-2018,5897.772408,4137.656434,7533.552007,6972.81,6983.61,6915.48,6949.99,11018.8,11058.5,10979.3,11027.7
01-02-2018,5868.214852,4115.993756,7490.392379,6910.57,6970.76,6879.02,6901.5,11044.55,11117.35,10878.8,11016.9
02-02-2018,5822.068112,4086.722926,7443.427596,6866.38,6889.07,6756.54,6760.29,10938.2,10954.95,10736.1,10760.6
05-02-2018,5722.939611,4027.436691,7334.981601,6687.47,6807.96,6495.39,6495.92,10604.3,10702.75,10586.8,10666.55
06-02-2018,5600.101276,3924.952231,7141.395466,6378.6,6673.41,6370.48,6665.98,10295.15,10594.15,10276.3,10498.25
07-02-2018,5700.565964,4002.50572,7279.420684,6632.98,6716.25,6581.38,6582.02,10607.2,10614,10446.4,10476.7
08-02-2018,5648.303229,3941.250176,7170.686299,6595.81,6606.05,6304.18,6306.1,10518.5,10637.8,10479.55,10576.85
09-02-2018,5634.090771,3902.85304,7092.432844,6395.16,6453.43,6164.43,6412.68,10416.5,10480.2,10398.2,10454.95
12-02-2018,5672.829908,3946.416478,7177.056738,6477.04,6565.28,6424.3,6523.85,10518.2,10555.5,10485.4,10539.75
14-02-2018,5674.512211,3964.967865,7213.971077,6523.26,6684.15,6520.39,6675.03,10585.75,10590.55,10456.65,10500.9
15-02-2018,5695.84204,3978.896815,7234.807965,6734.34,6795.92,6665.92,6794.92,10537.9,10618.1,10511.05,10545.5
16-02-2018,5763.975942,4012.283284,7294.704482,6778.28,6840.6,6758.51,6770.66,10596.2,10612.9,10434.05,10452.3
20-02-2018,5700.550803,3991.895663,7246.76934,6742.15,6838,6740.48,6779.69,10391,10429.35,10347.65,10360.4
21-02-2018,5728.424617,4007.432321,7281.571529,6808.6,6879.47,6759.22,6759.26,10426,10426.1,10349.6,10397.45
22-02-2018,5710.706421,3992.395874,7252.392489,6793.08,6826.01,6744.05,6761.85,10354.35,10397.55,10340.65,10382.7
23-02-2018,5727.295996,3991.503027,7244.413653,6816.43,6897.53,6789.02,6896.6,10408.1,10499.1,10396.65,10491.05
26-02-2018,5746.430293,4012.753396,7289.584373,6933.82,6989.36,6927.46,6989.1,10526.55,10592.95,10520.2,10582.6
27-02-2018,5758.850457,4011.522922,7282.452163,6984.83,7003.13,6900.35,6900.35,10615.2,10631.65,10537.25,10554.3
28-02-2018,5704.226143,3981.607497,7231.912582,6945.2,6964.16,6854.42,6854.42,10488.95,10535.5,10461.55,10492.85
01-03-2018,5738.399842,3953.278023,7175.635506,6862.94,6892.38,6687.44,6750.54,10479.95,10525.5,10447.15,10458.35
05-03-2018,5724.876147,3927.231467,7115.981161,6777.63,6901.63,6753.83,6881.28,10428.3,10428.7,10323.9,10358.85
06-03-2018,5758.669555,3945.728614,7146.745366,6919.79,6937.03,6872.06,6913.02,10420.5,10441.35,10215.9,10249.25
07-03-2018,5736.023976,3952.795492,7157.840692,6855.57,6935.48,6850.91,6929.39,10232.95,10243.35,10141.55,10154.2
08-03-2018,5758.29552,3979.764385,7203.238965,6955.85,6971,6931.35,6966.43,10216.25,10270.35,10146.4,10242.65
09-03-2018,5775.669329,3993.452666,7224.513562,7014.84,7101.31,7007.3,7101.18,10271.3,10296.7,10211.9,10226.85
12-03-2018,5806.574256,3991.04315,7214.75502,7122.47,7156.25,7108.04,7131.12,10301.6,10433.65,10295.45,10421.4
13-03-2018,5782.135088,3948.564706,7138.775853,7172.25,7186.09,7025.83,7046.51,10389.5,10478.6,10377.85,10426.85
14-03-2018,5750.125766,3943.631848,7132.694681,7077.85,7084.07,7012.57,7040.98,10393.05,10420.35,10336.3,10410.9
15-03-2018,5755.876967,3947.164778,7139.762112,7050.66,7075.55,7010.01,7030.97,10405.45,10420,10346.2,10360.15
16-03-2018,5754.800437,3957.084176,7164.141409,7058.12,7061.67,7011.69,7019.95,10345.15,10346.3,10180.25,10195.15
19-03-2018,5691.884651,3898.509079,7042.932732,6945.97,6949.02,6806.16,6864.88,10215.35,10224.55,10075.3,10094.25
20-03-2018,5699.500923,3907.725236,7061.27298,6871.09,6902.23,6845.85,6885.92,10051.55,10155.65,10049.1,10124.35
21-03-2018,5670.224801,3895.314148,7038.972743,6863.29,6930.7,6828.88,6853.45,10181.95,10227.3,10132.95,10155.25
22-03-2018,5618.377113,3846.883003,6952.586427,6763.94,6809.94,6679.35,6682.26,10167.5,10207.85,10105.4,10114.75
23-03-2018,5592.032314,3830.254541,6921.942943,6683.19,6708.58,6507.84,6508.09,9968.8,10027.7,9951.9,9998.05
26-03-2018,5575.74371,3810.812148,6888.6889,6644.4,6760.65,6538.79,6753.83,9989.15,10143.5,9958.55,10130.65
27-03-2018,5595.299014,3867.029918,7000.139041,6791.39,6793.5,6479.56,6529.84,10188,10207.9,10139.65,10184.15
28-03-2018,5579.930802,3885.155425,7044.740195,6488.02,6559.88,6410.04,6460.81,10143.6,10158.35,10096.9,10113.7
03-04-2018,5610.324674,3881.042994,7030.457568,6448.05,6485.27,6343.9,6458.83,10186.85,10255.35,10171.05,10245
04-04-2018,5551.564433,3876.63266,7034.012045,6326.54,6578.56,6326.54,6560.06,10274.6,10279.85,10111.3,10128.4
05-04-2018,5610.333353,3961.275318,7199.49972,6619.22,6632.21,6550.28,6594.84,10228.45,10331.8,10227.45,10325.15
06-04-2018,5637.159972,3953.470485,7183.638804,6514.48,6587.36,6402.03,6433.21,10322.75,10350.45,10290.85,10331.6
09-04-2018,5637.586205,3956.842968,7194.750881,6488.48,6604.26,6466.04,6472.34,10333.7,10397.7,10328.5,10379.35
10-04-2018,5676.618536,3995.859788,7266.748515,6585.52,6639.97,6534.89,6615.87,10412.9,10424.85,10381.5,10402.25
11-04-2018,5711.210036,3991.853061,7257.142596,6578.84,6650.29,6574.88,6583.44,10428.15,10428.15,10355.6,10417.15
12-04-2018,5720.325606,3996.536551,7258.337451,6627.32,6682.69,6618.81,6656.26,10410.65,10469.9,10395.25,10458.65
13-04-2018,5715.559748,4001.330055,7264.562236,6696.02,6703.31,6598.34,6628.34,10495.3,10519.9,10451.45,10480.6
16-04-2018,5718.187681,3969.99632,7198.197492,6675.92,6699.76,6633.08,6675.18,10398.3,10540.15,10396.35,10528.35
17-04-2018,5731.330591,3984.506779,7226.05387,6738.65,6834.31,6729.79,6816.37,10557.3,10560.45,10495.65,10548.7
18-04-2018,5778.174691,4031.922348,7317.338405,6824.58,6856.96,6788.32,6833.21,10578.9,10594.2,10509.7,10526.2
19-04-2018,5808.686652,4042.296691,7328.918784,6793.07,6815.04,6749.07,6774.89,10563.65,10572.2,10546.2,10565.3
20-04-2018,5820.175218,4062.295954,7368.16798,6754.67,6757.68,6642.83,6667.75,10560.35,10582.35,10527.45,10564.05
23-04-2018,5819.370325,4078.950799,7398.873423,6699.16,6721.65,6613.55,6648.8,10592.8,10638.35,10514.95,10584.7
24-04-2018,5831.480432,4086.960876,7425.401634,6680.88,6688.89,6464.74,6509.05,10578.1,10636.8,10569,10614.35
25-04-2018,5795.491343,4059.926209,7379.324541,6514.32,6540.76,6426.57,6513.94,10612.4,10612.6,10536.45,10570.55
26-04-2018,5840.2674,4083.533793,7421.425962,6606.61,6673.65,6579.12,6649.65,10586.5,10628.4,10559.65,10617.8
27-04-2018,5855.205439,4123.922427,7502.213226,6748.59,6750.78,6619.26,6656.35,10651.65,10719.8,10647.55,10692.3
30-04-2018,5862.712782,4127.679038,7509.297594,6669.44,6712.5,6593.6,6605.57,10705.75,10759,10704.6,10739.35
02-05-2018,5899.204172,4150.846904,7543.198336,6694.52,6715.96,6637.96,6644.48,10783.85,10784.65,10689.8,10718.05
03-05-2018,5889.482011,4128.124726,7502.693826,6608.7,6667.29,6539.86,6643.48,10720.15,10720.6,10647.45,10679.65
04-05-2018,5900.465358,4158.642619,7567.139654,6618.7,6783.36,6612.39,6769.12,10700.45,10700.45,10601.6,10618.25
08-05-2018,5924.744788,4164.35545,7565.75047,6813.91,6830.87,6770.3,6815.48,10757.9,10758.55,10689.4,10717.8
09-05-2018,5953.636354,4210.599765,7662.523235,6830.54,6895.93,6807.4,6893.21,10693.35,10766.25,10689.85,10741.7
10-05-2018,5965.742611,4228.415713,7700.966867,6909.18,6966.93,6906.77,6963.55,10779.65,10785.55,10705,10716.55
11-05-2018,5980.984045,4242.038889,7724.550323,6948.87,6969.3,6923.61,6952.56,10741.95,10812.05,10724.45,10806.5
14-05-2018,5991.014864,4236.83226,7710.983724,6977.35,7008.26,6954.64,6964.37,10815.15,10834.85,10774.75,10806.6
15-05-2018,6002.49817,4241.877908,7722.975222,6909.32,6912.04,6852.73,6888.54,10812.6,10929.2,10781.4,10801.85
16-05-2018,6022.14351,4248.775699,7734.200007,6892.89,6944.54,6891.65,6929.97,10751.95,10790.45,10699.7,10741.1
17-05-2018,6015.764247,4278.587176,7787.970796,6905.75,6952.98,6869.39,6901.63,10775.6,10777.25,10664.5,10682.7
18-05-2018,6025.392022,4273.813551,7778.793089,6876.65,6897.91,6857.58,6866.25,10671.85,10674.95,10589.1,10596.4
21-05-2018,6048.959545,4314.698369,7859.168311,6920.32,6948.27,6876.35,6905.53,10616.7,10621.7,10505.8,10516.7
22-05-2018,6044.441445,4324.406713,7877.445548,6934.7,6947.43,6883.75,6893.62,10518.45,10558.6,10490.55,10536.7
23-05-2018,6014.52757,4278.283578,7788.442838,6847.27,6954.7,6846.94,6953.63,10521.1,10533.55,10417.8,10430.35
24-05-2018,5956.617824,4244.714237,7716.743126,6951.52,6963.68,6882.57,6949.7,10464.85,10535.15,10419.8,10513.85
25-05-2018,5976.828453,4255.196338,7730.282436,6951.47,6982.52,6941.85,6960.92,10533.05,10628.05,10524,10605.15
29-05-2018,5942.561452,4199.296709,7632.636708,6928.5,6964.65,6887.12,6926.54,10689.4,10717.25,10616.1,10633.3
30-05-2018,5926.547121,4226.473616,7689.56893,6955.59,6987.63,6938.02,6976.37,10579,10648.7,10558.45,10614.35
31-05-2018,5924.904632,4222.199427,7678.196225,6969.93,7016.42,6955.99,6967.73,10670.1,10763.8,10620.4,10736.15
01-06-2018,5940.138624,4237.549194,7701.770174,7010.08,7084.84,7008.02,7083.93,10738.45,10764.75,10681.5,10696.2
04-06-2018,5971.116671,4259.898193,7741.286535,7099.5,7146.76,7099.09,7143.57,10765.95,10770.3,10618.35,10628.5
05-06-2018,5963.339532,4233.757973,7686.799792,7162.41,7179.82,7137.13,7166.75,10630.7,10633.15,10550.9,10593.15
06-06-2018,5996.520384,4249.8184,7712.372548,7180.24,7212.45,7140.92,7210.08,10603.45,10698.35,10587.5,10684.65
07-06-2018,6001.422206,4245.882801,7704.402535,7212.43,7212.43,7115.86,7152.83,10722.6,10818,10722.6,10768.35
08-06-2018,5985.170867,4235.375509,7681.067855,7121.76,7161.92,7100.73,7152.62,10736.4,10779.45,10709.05,10767.65
11-06-2018,5996.178349,4265.708005,7737.431849,7149.65,7187.45,7146.09,7168.48,10781.85,10850.55,10777.05,10786.95
12-06-2018,6015.48273,4248.846558,7703.809586,7181.67,7214.49,7173.76,7209.18,10816.15,10856.55,10789.4,10842.85
13-06-2018,6000.285237,4248.124922,7703.71269,7219.58,7261.17,7193.02,7205.26,10887.5,10893.25,10842.65,10856.7
14-06-2018,6009.016107,4278.704178,7765.790632,7233.7,7291.31,7233.7,7279.59,10832.9,10833.7,10773.55,10808.05
15-06-2018,6004.043708,4209.941419,7633.912452,7245.16,7268.84,7220.97,7255.76,10808.65,10834,10755.4,10817.7
18-06-2018,5997.349837,4208.432093,7631.328765,7201.18,7256.43,7186.16,7251.41,10830.2,10830.2,10787.35,10799.85
19-06-2018,5976.549144,4190.44455,7603.845119,7158.8,7229.99,7138.02,7228.04,10789.45,10789.45,10701.2,10710.45
20-06-2018,5972.069956,4203.663782,7627.404606,7264.85,7309.99,7256.87,7280.7,10734.65,10781.8,10724.05,10772.05
21-06-2018,5936.14811,4164.987344,7556.442677,7304.05,7308.26,7203.93,7217.49,10808.45,10809.6,10725.9,10741.1
22-06-2018,5965.803404,4230.434849,7682.268058,7239.72,7239.75,7177.46,7197.51,10742.7,10837,10710.45,10821.85
25-06-2018,5924.720788,4145.565497,7509.836213,7131.05,7144.28,6976.96,7038.17,10822.9,10831.05,10753.05,10762.45
26-06-2018,5917.684902,4157.222508,7537.922839,7061.23,7108.45,7040.06,7068.2,10742.7,10805.25,10732.55,10769.15
27-06-2018,5921.756001,4197.131867,7621.689589,7096.6,7128.77,6968.3,6969.67,10785.5,10785.5,10652.4,10671.4
28-06-2018,5896.15165,4188.601489,7615.625506,6963.37,7055.25,6950.23,7031.6,10660.8,10674.2,10557.7,10589.1
29-06-2018,5876.824485,4202.248866,7636.926847,7071.49,7101.83,7031.4,7040.8,10612.85,10723.05,10612.35,10714.3
02-07-2018,5867.126416,4155.359577,7547.845225,6979.54,7099.27,6969.16,7097.82,10732.35,10736.15,10604.65,10657.3
03-07-2018,5885.489894,4177.842228,7593.294961,7121.71,7122.45,7009.51,7014.55,10668.6,10713.3,10630.25,10699.9
05-07-2018,5882.663426,4180.726465,7603.219946,7064,7105.54,7025.24,7101.05,10786.05,10786.05,10726.25,10749.75
06-07-2018,5887.995897,4187.173858,7617.695932,7114.17,7217,7106.1,7207.33,10744.15,10816.35,10735.05,10772.65
09-07-2018,5904.189154,4225.212441,7687.988515,7251.18,7277.58,7221.32,7276,10838.3,10860.35,10807.15,10852.9
10-07-2018,5921.585834,4228.442115,7692.038155,7287.05,7297.79,7257.49,7282.6,10902.75,10956.9,10876.65,10947.25
11-07-2018,5874.899367,4176.220147,7591.95668,7221.66,7271.12,7220.23,7243.98,10956.4,10976.65,10923,10948.3
12-07-2018,5883.110225,4207.122107,7651.329401,7276.38,7368.71,7274.16,7366.25,11006.95,11078.3,10999.65,11023.2
13-07-2018,5896.968572,4213.2194,7661.866933,7372.28,7387.74,7348.96,7375.82,11056.9,11071.35,10999.75,11018.9
16-07-2018,5889.402373,4185.464498,7600.454186,7381.03,7390.64,7346.34,7357.9,11018.95,11019.5,10926.25,10936.85
17-07-2018,5908.59483,4199.687825,7626.328917,7291.48,7418.43,7288.3,7403.89,10939.65,11018.5,10925.6,11008.05
18-07-2018,5915.114258,4225.585555,7676.27623,7407.25,7411.25,7368.36,7390.13,11060.2,11076.2,10956.3,10980.45
19-07-2018,5900.724586,4226.125873,7683.969873,7364.66,7388.99,7344.33,7352.36,10999.5,11006.5,10935.45,10957.1
20-07-2018,5903.126811,4224.497224,7678.792954,7379.13,7398.59,7343.37,7350.23,10963.5,11030.25,10946.2,11010.2
23-07-2018,5881.678208,4208.753833,7655.788211,7335.42,7376.82,7301.34,7371.78,11019.85,11093.4,11010.95,11084.75
24-07-2018,5913.528647,4235.797313,7709.051329,7455.51,7475.99,7375.74,7406.25,11109,11143.4,11092.5,11134.3
25-07-2018,5884.56393,4209.380849,7658.260854,7406.1,7511.39,7405.63,7508.59,11148.4,11157.15,11113.25,11132
26-07-2018,5887.023558,4212.101275,7663.172719,7404.56,7430.12,7385.72,7400.75,11132.95,11185.85,11125.7,11167.3
27-07-2018,5903.770134,4232.639029,7701.310147,7443.24,7443.24,7255.32,7296.78,11232.75,11283.4,11210.25,11278.35
30-07-2018,5880.561167,4232.132949,7700.852112,7292.72,7299.07,7158.78,7193.1,11296.65,11328.1,11261.45,11319.55
31-07-2018,5880.895411,4253.312439,7748.764327,7219.67,7272.96,7179.41,7231.98,11311.05,11366,11267.75,11356.5
01-08-2018,5887.198015,4208.63134,7652.913509,7269.2,7294.8,7234.64,7272.89,11359.8,11390.55,11313.55,11346.2
02-08-2018,5853.078903,4165.550171,7575.926463,7221.35,7380.56,7221.35,7372.15,11328.9,11328.9,11234.95,11244.7
03-08-2018,5875.618503,4205.698924,7659.099752,7389.36,7395.49,7356.33,7395.49,11297.8,11368,11294.55,11360.8
06-08-2018,5887.934008,4208.218763,7663.778239,7390.82,7439.55,7381.58,7438.99,11401.5,11427.65,11370.6,11387.1
07-08-2018,5885.783142,4233.520541,7718.484908,7459.32,7478.96,7443.88,7462.65,11423.15,11428.95,11359.7,11389.45
08-08-2018,5912.219444,4262.998304,7776.647778,7454.42,7486.21,7435.77,7469.54,11412.5,11459.95,11379.3,11450
09-08-2018,5907.055274,4248.582452,7741.768771,7467.51,7498.37,7458.57,7466.96,11493.25,11495.2,11454.1,11470.7
10-08-2018,5892.607391,4210.659422,7667.005668,7409.05,7436.69,7382.83,7408.3,11474.95,11478.75,11419.65,11429.5
13-08-2018,5865.975615,4196.12949,7642.449495,7420.18,7468.82,7398.53,7401.17,11369.6,11406.3,11340.3,11355.75
14-08-2018,5850.483545,4179.993665,7611.644183,7430.45,7455.42,7390,7447.17,11381.7,11452.45,11370.8,11435.1
16-08-2018,5814.746965,4153.089747,7556.378542,7409.61,7422.83,7361.88,7374.29,11397.15,11449.85,11366.25,11385.05
17-08-2018,5827.552192,4153.819414,7558.585354,7352.63,7394.94,7312.65,7377.54,11437.15,11486.45,11431.8,11470.75
20-08-2018,5846.745336,4171.570691,7591.262425,7393.58,7395.75,7343.47,7371.42,11502.1,11565.3,11499.65,11551.75
21-08-2018,5863.512793,4164.296968,7565.695543,7393.46,7441.42,7388.37,7397.23,11576.2,11581.75,11539.6,11570.9
23-08-2018,5842.373054,4163.383475,7563.218002,7420.31,7465.87,7405.4,7413.84,11620.7,11620.7,11546.7,11582.75
24-08-2018,5855.330954,4170.868777,7577.489759,7443.71,7489.54,7442.99,7485.4,11566.6,11604.6,11532,11557.1
28-08-2018,5882.663991,4194.241834,7617.220581,7580.85,7588.72,7556.71,7570.25,11731.95,11760.2,11710.5,11738.5
29-08-2018,5877.968316,4166.602851,7563.21112,7585.13,7661.95,7583.52,7660.18,11744.95,11753.2,11678.85,11691.9
30-08-2018,5853.902403,4143.653437,7516.03316,7645.11,7691.1,7619.73,7642.67,11694.75,11698.8,11639.7,11676.8
31-08-2018,5837.320988,4106.144363,7432.419969,7634.44,7676.46,7628.54,7654.55,11675.85,11727.65,11640.1,11680.5
04-09-2018,5852.275473,4113.258369,7457.858162,7629.34,7643.45,7581.35,7622.32,11598.75,11602.55,11496.85,11520.3
05-09-2018,5833.755898,4074.619963,7383.276775,7600.95,7607.18,7498.38,7523.26,11514.85,11542.65,11393.85,11476.95
06-09-2018,5816.912897,4042.338941,7318.961177,7527.22,7532.3,7405.32,7453.17,11514.15,11562.25,11436.05,11536.9
07-09-2018,5828.707637,4021.997229,7277.698938,7402.19,7489.4,7400.99,7430.26,11558.25,11603,11484.4,11589.1
10-09-2018,5782.129674,4023.132009,7279.301966,7466.76,7473.75,7410.74,7447.68,11570.25,11573,11427.3,11438.1
11-09-2018,5773.23947,4019.281786,7273.542198,7415.09,7519.45,7401.72,7507.87,11476.85,11479.4,11274,11287.5
12-09-2018,5786.754699,4042.216481,7313.36288,7493.38,7501.24,7422.91,7488.06,11340.1,11380.75,11250.2,11369.9
14-09-2018,5793.751598,4038.114924,7304.044597,7575.38,7581.3,7515.04,7545.5,11443.5,11523.25,11430.55,11515.2
17-09-2018,5785.309612,4036.990293,7302.099063,7522.59,7533.92,7427.79,7434.73,11464.95,11464.95,11366.9,11377.75
18-09-2018,5790.622956,4038.987856,7300.232421,7440.86,7531.2,7436.53,7494.4,11381.55,11411.45,11268.95,11278.9
19-09-2018,5814.249604,4054.631257,7331.119968,7498.24,7513.34,7441.56,7490.32,11326.65,11332.05,11210.9,11234.35
21-09-2018,5835.924994,4128.581558,7490.230115,7587.39,7603.86,7522.12,7531.07,11271.3,11346.8,10866.45,11143.1
24-09-2018,5816.725269,4110.713168,7458.411933,7477.45,7554.95,7447.23,7548.75,11164.4,11170.15,10943.6,10967.4
25-09-2018,5827.157935,4131.845256,7507.55807,7552.02,7568.17,7525.19,7563.19,10969.95,11080.6,10882.85,11067.45
26-09-2018,5829.288195,4132.84776,7511.490318,7563.96,7637.62,7553.26,7563.09,11145.55,11145.55,10993.05,11053.8
27-09-2018,5830.687136,4145.889017,7545.442287,7600.35,7657.8,7596.96,7629.57,11079.8,11089.45,10953.35,10977.55
28-09-2018,5821.989066,4127.910602,7510.200516,7612.65,7649.3,7598.69,7627.65,11008.1,11034.1,10850.3,10930.45
01-10-2018,5825.098528,4124.59549,7495.667393,7673,7700.56,7627.47,7645.45,10930.9,11035.65,10821.55,11008.3
03-10-2018,5815.464219,4127.549639,7510.280251,7663.09,7676.9,7625.6,7637.43,10982.7,10989.05,10843.75,10858.25
04-10-2018,5753.707112,4078.466495,7418.342439,7603.01,7608.24,7436.26,7490,10754.7,10754.7,10547.25,10599.25
05-10-2018,5729.336727,4028.189926,7318.539325,7482.04,7510.45,7327.44,7399.01,10514.1,10540.65,10261.9,10316.45
08-10-2018,5672.466266,3980.257752,7233.328981,7356.54,7415.54,7267.02,7352.82,10310.15,10398.35,10198.4,10348.05
09-10-2018,5657.427059,3978.644065,7237.5927,7352.44,7430.36,7339.86,7371.62,10390.3,10397.6,10279.35,10301.05
10-10-2018,5612.832139,3926.856511,7145.742366,7319.81,7329.24,7042.06,7044.5,10331.85,10482.35,10318.25,10460.1
11-10-2018,5473.93384,3848.578709,7006.927289,7013.48,7120.1,6892.89,6964.03,10169.8,10335.95,10138.6,10234.65
12-10-2018,5542.150347,3850.160668,6995.913406,7150.21,7179.04,7019.89,7157.21,10331.55,10492.45,10322.15,10472.5
15-10-2018,5535.557385,3859.266889,7029.220776,7129.31,7144.16,7047.47,7068.67,10524.2,10526.3,10410.15,10512.5
16-10-2018,5586.162534,3885.074407,7059.401281,7141.67,7291.26,7133.29,7276.43,10550.15,10604.9,10525.3,10584.75
17-10-2018,5571.850487,3878.211066,7054.604812,7310,7311.85,7205.76,7278.63,10688.7,10710.15,10436.45,10453.05
19-10-2018,5549.653722,3868.493221,7049.797869,7169.45,7227.96,7080.74,7107.23,10339.7,10380.1,10249.6,10303.55
22-10-2018,5543.997452,3864.041143,7042.797711,7146.03,7193.72,7088.9,7141.21,10405.85,10408.55,10224,10245.25
23-10-2018,5457.244765,3809.96892,6955.214821,7002.69,7149.13,6933.56,7118.67,10152.6,10222.1,10102.35,10146.8
24-10-2018,5481.695217,3815.786843,6962.980296,7101.85,7117.34,6777.47,6789.15,10278.15,10290.65,10126.7,10224.75
25-10-2018,5432.02271,3836.724833,7004.098431,6891.27,7063.92,6866.75,7016.39,10135.05,10166.6,10079.3,10124.9
26-10-2018,5354.703645,3800.411879,6939.556079,6804.69,6976.94,6743.78,6852.4,10122.35,10128.85,10004.55,10030
29-10-2018,5404.133502,3846.974719,7026.320277,6954.69,6973.19,6574.75,6713.9,10078.1,10275.3,10020.35,10250.85
30-10-2018,5413.397768,3854.679139,7035.851481,6673.84,6816.27,6652.53,6810.12,10239.4,10285.1,10175.35,10198.4
31-10-2018,5439.730802,3904.233599,7128.104908,6933.11,7030.51,6924.09,6967.1,10209.55,10396,10105.1,10386.6
01-11-2018,5464.498818,3907.100252,7114.657253,6980.79,7071.84,6932.21,7069.17,10441.7,10441.9,10341.9,10380.45
02-11-2018,5518.836421,3904.307523,7094.1225,7042.3,7085.27,6909.07,6965.29,10462.3,10606.95,10457.7,10553
05-11-2018,5519.186562,3900.249871,7103.843583,6946.15,6952.93,6859.8,6937.09,10558.75,10558.8,10477,10524
06-11-2018,5472.954551,3870.420831,7040.67885,6939.13,7024.78,6928,6988.85,10552,10600.25,10491.45,10530
07-11-2018,5528.699516,3909.120798,7117.28151,7068.5,7205.96,7057.71,7203.13,10614.45,10616.45,10582.3,10598.4
09-11-2018,5497.400982,3901.724983,7105.337751,7095.45,7104.39,6982.89,7039.15,10614.7,10619.55,10544.85,10585.2
12-11-2018,5469.383546,3868.408916,7053.080499,6990.37,6998.8,6819.38,6829.1,10607.8,10645.5,10464.05,10482.2
13-11-2018,5457.832044,3873.973646,7053.759376,6858.59,6951.44,6811.68,6830.91,10451.9,10596.25,10440.55,10582.5
14-11-2018,5444.211769,3862.356524,7033.791492,6896.2,6916.09,6736.18,6769.87,10634.9,10651.6,10532.7,10576.3
15-11-2018,5476.217299,3857.13344,7038.012052,6750.63,6908.83,6702.42,6890.45,10580.6,10646.5,10557.5,10616.7
16-11-2018,5437.137115,3843.094071,7013.879744,6823.03,6898.13,6797.43,6867.02,10644,10695.15,10631.15,10682.2
19-11-2018,5421.496905,3835.368811,7000.892295,6832.25,6841.44,6623.37,6642.92,10731.25,10774.7,10688.8,10763.4
20-11-2018,5371.148572,3805.039011,6947.916471,6475.68,6614.01,6442.36,6526.96,10740.1,10740.85,10640.85,10656.2
21-11-2018,5390.871207,3857.885638,7050.227535,6608.12,6639.37,6566.31,6575.66,10670.95,10671.3,10562.35,10600.05
26-11-2018,5385.263982,3855.718358,7035.999539,6616.79,6679.91,6590.89,6678.34,10568.3,10637.8,10489.75,10628.6
27-11-2018,5377.606832,3845.171288,7016.848562,6639.39,6715.41,6609.08,6701.04,10621.45,10695.15,10596.35,10685.6
28-11-2018,5383.294851,3839.17754,7004.522947,6756.13,6914.79,6713.29,6913.33,10708.75,10757.8,10699.85,10728.85
29-11-2018,5379.545618,3853.359862,7038.946937,6890.84,6938.02,6839.45,6892.4,10808.7,10883.05,10782.35,10858.7
30-11-2018,5383.537743,3823.344613,6980.237499,6902.24,6951.13,6872.29,6949.01,10892.1,10922.45,10835.1,10876.75
03-12-2018,5409.495289,3863.089857,7062.413785,7106.84,7107,7013.2,7062.13,10930.7,10941.2,10845.35,10883.75
04-12-2018,5372.126156,3837.066267,7022.76276,7026.81,7045.68,6785.85,6795.21,10877.1,10890.95,10833.35,10869.5
06-12-2018,5241.789097,3674.027138,6704.045008,6652.13,6840.5,6630.82,6838.85,10718.15,10722.65,10588.25,10601.15
07-12-2018,5276.984341,3710.661217,6778.106074,6806.63,6849.38,6594.54,6613.27,10644.8,10704.55,10599.35,10693.7
10-12-2018,5194.274625,3672.207968,6721.536962,6603.36,6710.39,6534.33,6682.74,10508.7,10558.85,10474.95,10488.45
11-12-2018,5217.100044,3715.791536,6806.935761,6782.41,6788.47,6650.83,6704.24,10350.05,10567.15,10333.85,10549.15
12-12-2018,5238.09303,3759.533515,6880.188824,6800.55,6867.66,6761.78,6763.96,10591,10752.2,10560.8,10737.6
13-12-2018,5228.906044,3752.655333,6877.499378,6805.7,6833.78,6724.04,6767.97,10810.75,10838.6,10749.5,10791.55
14-12-2018,5208.799469,3732.957218,6845.165286,6679.91,6710.41,6585.31,6594.96,10784.5,10815.75,10752.1,10805.45
17-12-2018,5188.580972,3692.567029,6773.243054,6571,6621.63,6399.55,6448.39,10853.2,10900.35,10844.85,10888.35
18-12-2018,5176.230406,3662.990118,6701.585895,6503.12,6551.04,6434.6,6491.52,10850.9,10915.4,10819.1,10908.7
19-12-2018,5174.720134,3694.98359,6765.939699,6480.31,6575.39,6284.72,6342.97,10930.55,10985.15,10928,10967.3
20-12-2018,5141.531803,3665.152353,6711.933643,6312.72,6380.97,6161.85,6243.19,10885.2,10962.55,10880.05,10951.7
21-12-2018,5123.276019,3668.655935,6721.17441,6293.05,6308.31,6013.98,6046.56,10944.25,10963.65,10738.65,10754
24-12-2018,5095.897846,3648.15809,6685.990898,5994.08,6075.17,5895.12,5899.35,10780.9,10782.3,10649.25,10663.5
27-12-2018,5088.990624,3596.069914,6584.675126,6168.6,6291.99,6043.45,6288.3,10817.9,10834.2,10764.45,10779.8
28-12-2018,5132.500002,3675.267227,6733.973914,6326.62,6388.36,6233.69,6285.27,10820.95,10893.6,10817.15,10859.9
31-12-2018,5177.212995,3675.060562,6728.129892,6354.84,6365.39,6273.94,6329.96,10913.2,10923.55,10853.2,10862.55
02-01-2019,5210.49487,3681.365503,6734.234971,6198.68,6394.74,6198.68,6360.87,10868.85,10895.35,10735.05,10792.5
03-01-2019,5183.869253,3657.52447,6692.659883,6274.76,6292.68,6139.4,6147.13,10796.8,10814.05,10661.25,10672.25
04-01-2019,5204.319677,3733.54827,6837.416031,6250.05,6445.2,6234.59,6422.67,10699.7,10741.05,10628.65,10727.35
07-01-2019,5246.52791,3728.730452,6810.879491,6434.55,6521.44,6412.98,6488.25,10804.85,10835.95,10750.15,10771.8
08-01-2019,5295.951582,3758.885918,6861.596683,6555.91,6574.73,6457,6551.85,10786.25,10818.45,10733.25,10802.15
09-01-2019,5332.944632,3787.429503,6906.632326,6576.54,6631.06,6549.44,6600.69,10862.4,10870.4,10749.4,10855.15
10-01-2019,5341.981753,3804.397044,6942.874983,6551.05,6625.11,6517.54,6620.94,10859.35,10859.35,10801.8,10821.6
11-01-2019,5350.102336,3797.128303,6918.181288,6579.89,6604.56,6562.04,6601.4,10834.75,10850.15,10739.4,10794.95
14-01-2019,5306.061344,3764.02464,6855.024084,6536.37,6566.87,6512.64,6541.04,10807,10808,10692.35,10737.6
15-01-2019,5306.561997,3782.111867,6895.022592,6571.15,6674.53,6567.32,6669.64,10777.55,10896.95,10777.55,10886.8
16-01-2019,5284.753769,3769.068491,6862.682684,6677.38,6720.41,6665.05,6668.56,10899.65,10928.15,10876.9,10890.3
17-01-2019,5263.588332,3757.859528,6834.917895,6646.19,6747.28,6637.1,6718.45,10920.85,10930.65,10844.65,10905.2
18-01-2019,5337.853482,3826.11775,6968.326479,6771.52,6816.23,6727.94,6784.61,10914.85,10928.2,10852.2,10906.95
22-01-2019,5350.752146,3794.20224,6901.385992,6736.65,6738.57,6603.56,6646.81,10949.8,10949.8,10864.15,10922.75
23-01-2019,5339.677276,3764.868104,6842.880873,6689.08,6712.86,6584.5,6658.76,10931.05,10944.8,10811.95,10831.5
24-01-2019,5314.044399,3755.049887,6818.954202,6680.34,6710.73,6656.52,6702.55,10844.05,10866.6,10798.65,10849.8
25-01-2019,5337.418444,3751.882787,6809.221623,6755.67,6800.97,6733.32,6787.37,10859.75,10931.7,10756.45,10780.55
28-01-2019,5305.565809,3720.073474,6747.104667,6691.84,6697.53,6644.31,6697.09,10792.45,10804.45,10630.95,10661.55
29-01-2019,5337.769369,3764.71397,6833.930018,6695.71,6701.47,6613.42,6632.79,10653.7,10690.35,10583.65,10652.2
30-01-2019,5349.680678,3816.668487,6941.626241,6708.56,6826.92,6688.33,6807.91,10702.25,10710.2,10612.85,10651.8
31-01-2019,5374.401431,3825.622079,6968.851141,6840.93,6936.34,6837.92,6906.84,10690.55,10838.05,10678.55,10830.95
01-02-2019,5388.108911,3851.901158,7020.223194,6872.73,6921.95,6857.31,6875.52,10851.35,10983.45,10813.45,10893.65
04-02-2019,5395.803094,3859.456966,7034.127344,6876.56,6960.97,6872.6,6959.96,10876.75,10927.9,10814.15,10912.25
05-02-2019,5419.088513,3928.14467,7177.371366,6969.37,7029.77,6967.94,7023.52,10908.65,10956.7,10886.7,10934.35
06-02-2019,5405.049154,3928.36661,7173.092257,7023.89,7034.94,6969.83,6997.62,10965.1,11072.6,10962.7,11062.45
07-02-2019,5400.065378,3884.263435,7093.575174,6934.33,6954.77,6854.35,6904.98,11070.45,11118.1,11043.6,11069.4
08-02-2019,5391.824785,3869.437657,7071.180196,6843.33,6914.56,6836.7,6913.13,11023.5,11041.2,10925.45,10943.6
11-02-2019,5403.654477,3901.116326,7129.109725,6941.26,6958.33,6893.8,6909.18,10930.9,10930.9,10857.1,10888.8
12-02-2019,5416.494558,3903.01413,7133.138682,6960.55,7021.76,6948.33,7014.67,10879.7,10910.9,10823.8,10831.4
13-02-2019,5419.596257,3933.363179,7190.843912,7038.32,7062.58,7009.73,7015.88,10870.55,10891.65,10772.1,10793.65
14-02-2019,5441.979994,3934.293116,7197.01054,6986.51,7047.88,6969.69,7022.42,10786.1,10792.7,10718.75,10746.05
15-02-2019,5437.011307,3954.561145,7236.676143,7066.38,7073.99,7022.3,7055.18,10780.25,10785.75,10620.4,10724.4
19-02-2019,5437.350466,3931.768441,7179.172462,7033.37,7089.1,7032.78,7066.61,10636.7,10722.85,10585.65,10604.35
20-02-2019,5438.132296,3957.932209,7228.619693,7070.24,7096.15,7027.37,7062.34,10655.45,10752.7,10646.4,10735.45
21-02-2019,5429.239077,3931.739798,7167.387566,7047.08,7063.07,7001.8,7035.16,10744.1,10808.85,10721.5,10789.85
22-02-2019,5442.194632,3938.095044,7178.604284,7055.2,7094.29,7050.01,7090.63,10782.7,10801.55,10758.4,10791.65
25-02-2019,5446.851285,3939.764881,7183.74378,7144.34,7161.73,7111.78,7115.43,10813.25,10887.1,10788.05,10880.1
26-02-2019,5439.480116,3925.902955,7151.116653,7098.97,7144.65,7087.14,7123.22,10775.3,10888.75,10729.3,10835.3
27-02-2019,5440.177226,3902.744925,7107.200202,7095.75,7125.78,7045.41,7117,10881.2,10939.7,10751.2,10806.65
28-02-2019,5422.77872,3888.810389,7074.727675,7093.2,7125.92,7081.92,7097.53,10865.7,10865.7,10784.85,10792.5
01-03-2019,5464.021331,3911.070472,7106.726622,7152.08,7159.96,7101.07,7151.57,10842.65,10877.9,10823.1,10863.5
05-03-2019,5482.243308,3946.869928,7183.430599,7156.66,7178.3,7120.69,7156.79,10864.85,10994.9,10817,10987.45
06-03-2019,5479.171118,3949.654135,7196.003649,7156.24,7162.24,7104.55,7112.47,11024.85,11062.3,10998.85,11053
07-03-2019,5442.350756,3926.031309,7157.551286,7089.63,7097.91,7001.81,7026.88,11077.95,11089.05,11027.1,11058.2
08-03-2019,5419.082301,3897.494151,7104.305292,6940.9,7018.92,6940.72,7015.69,11038.85,11049,11008.95,11035.4
11-03-2019,5426.908684,3910.796586,7130.622623,7050.05,7166.92,7049.56,7164.02,11068.75,11180.9,11059.85,11168.05
12-03-2019,5430.492067,3921.603062,7151.148041,7176.23,7219.41,7166.95,7201.28,11231.35,11320.4,11227,11301.2
13-03-2019,5452.183351,3926.895626,7159.186412,7231.05,7292.86,7229.88,7256.98,11326.2,11352.3,11276.6,11341.7
14-03-2019,5450.813925,3941.776112,7185.426875,7257.31,7267.94,7240.96,7243.01,11382.5,11383.45,11313.75,11343.25
15-03-2019,5484.468895,3968.310309,7228.282368,7274.14,7331.29,7265.63,7306.99,11376.85,11487,11370.8,11426.85
18-03-2019,5504.169522,4000.029673,7299.186814,7311.63,7348.69,7293.85,7326.28,11473.85,11530.15,11412.5,11462.2
19-03-2019,5523.828921,4013.597653,7323.996384,7357.58,7390.29,7321.93,7349.28,11500.3,11543.85,11451.25,11532.4
20-03-2019,5513.237438,3993.503687,7291.006734,7348.99,7422.75,7318.42,7380.75,11553.35,11556.1,11503.1,11521.05
22-03-2019,5458.354414,3942.591135,7207.590015,7458.44,7482.35,7323.52,7326.06,11549.2,11572.8,11434.55,11456.9
25-03-2019,5420.330147,3921.906217,7177.577602,7299.93,7342.51,7265.28,7316.96,11395.65,11395.65,11311.6,11354.25
26-03-2019,5399.354783,3932.739839,7196.29357,7378.23,7417.26,7314.38,7351.15,11375.2,11496.75,11352.45,11483.25
27-03-2019,5430.732409,3932.56103,7194.191205,7364.47,7376.99,7252.06,7308.19,11531.45,11546.2,11413,11445.05
28-03-2019,5452.874268,3951.36412,7234.326576,7325.06,7346.04,7277.69,7320.47,11463.65,11588.5,11452.45,11570
29-03-2019,5466.349297,3978.28487,7279.19015,7377.77,7381.69,7333.17,7378.77,11625.45,11630.35,11570.15,11623.9
01-04-2019,5495.215027,3999.834884,7317.378244,7450.81,7481.84,7422.44,7478.42,11665.2,11738.1,11644.75,11669.15
02-04-2019,5501.284036,4035.522129,7391.115524,7473.51,7507.05,7461.51,7499.64,11711.55,11729.35,11655.85,11713.2
03-04-2019,5548.66434,4056.310598,7418.275163,7538.17,7589.69,7520.4,7544.97,11735.3,11761,11629.15,11643.95
04-04-2019,5523.546434,4046.620267,7401.938603,7542.16,7571.13,7496.3,7540.57,11660.2,11662.55,11559.2,11598
05-04-2019,5521.535083,4067.4389,7446.870831,7564.27,7581.9,7554.91,7578.84,11638.4,11689.65,11609.5,11665.95
08-04-2019,5533.072198,4069.282008,7451.886285,7565.06,7602.08,7536.42,7599.74,11704.35,11710.3,11549.1,11604.5
09-04-2019,5526.700564,4054.787466,7425.56509,7571.88,7596.75,7555.62,7568.49,11612.05,11683.9,11569.7,11671.95
10-04-2019,5517.736565,4054.576821,7421.906824,7581.39,7613.41,7573.28,7611.49,11646.85,11680.05,11571.75,11584.3
11-04-2019,5538.580507,4057.758758,7417.950982,7621.4,7621.4,7580.71,7594.89,11592.55,11606.7,11550.55,11596.7
12-04-2019,5568.028916,4069.897254,7437.062028,7624.15,7630.52,7596.56,7628.15,11612.85,11657.35,11578.8,11643.45
15-04-2019,5577.272562,4073.117861,7436.868297,7630.6,7636.8,7578.54,7629.12,11667,11704.6,11648.25,11690.35
16-04-2019,5598.827024,4092.043673,7469.918626,7651.19,7670.4,7631.64,7654.73,11736.2,11810.95,11731.55,11787.15
18-04-2019,5596.989497,4084.744003,7459.884144,7688.93,7694.18,7647.4,7689.72,11856.15,11856.15,11738.5,11752.8
23-04-2019,5618.648379,4115.587091,7523.065447,7724.17,7819.34,7719.09,7810.71,11612.95,11645.95,11564.8,11575.95
24-04-2019,5642.140613,4096.238818,7471.746125,7813.02,7827.05,7783.59,7784.41,11601.5,11740.85,11578.85,11726.15
25-04-2019,5641.618454,4075.634989,7434.126156,7850.71,7851.97,7778.23,7816.92,11735.7,11796.75,11624.3,11641.8
26-04-2019,5648.318588,4072.726122,7428.189657,7791.15,7826.89,7742.6,7826.68,11683.75,11762.9,11661.75,11754.65
30-04-2019,5675.033052,4067.981082,7418.224036,7769.3,7792.32,7726.07,7781.46,11748.75,11756.25,11655.9,11748.15
02-05-2019,5640.575699,4033.030269,7351.308126,7751.64,7791.51,7672.54,7724.06,11725.55,11789.3,11699.55,11724.75
03-05-2019,5650.436775,4046.863458,7380.643175,7784.29,7847.52,7772.44,7845.73,11722.6,11770.9,11699.35,11712.25
07-05-2019,5620.627832,3985.207131,7260.467454,7713.49,7743.06,7572.61,7640.15,11651.5,11657.05,11484.45,11497.9
08-05-2019,5618.181694,3991.934704,7271.002543,7623.32,7678.82,7593.75,7617.55,11478.7,11479.1,11346.95,11359.45
09-05-2019,5587.861983,3955.085242,7207.414691,7525.81,7605.03,7472.71,7582.75,11322.4,11357.6,11255.05,11301.8
10-05-2019,5585.622995,3955.812866,7203.288148,7556.04,7623.01,7426.75,7586.53,11314.15,11345.8,11251.05,11278.9
13-05-2019,5545.530176,3929.524443,7163.6762,7385.55,7433.92,7303.64,7324.13,11258.7,11300.2,11125.6,11148.2
14-05-2019,5573.244564,3972.465334,7241.604505,7366.64,7449.03,7337.94,7401.88,11151.65,11294.75,11108.3,11222.05
15-05-2019,5597.549907,3997.665733,7296.952361,7354.82,7524.22,7353.9,7503.25,11271.7,11286.8,11136.95,11157
16-05-2019,5615.476644,4028.333132,7353.509448,7509.9,7627.03,7502.76,7580.14,11180.35,11281.55,11143.35,11257.1
17-05-2019,5620.549125,4025.2724,7348.621751,7513.15,7605.67,7496.92,7503.68,11261.9,11426.15,11259.85,11407.15
20-05-2019,5603.402567,4002.883046,7310.884779,7391.73,7424.59,7351.92,7376.7,11651.9,11845.2,11591.7,11828.25
21-05-2019,5616.195656,4014.43721,7328.91845,7442.31,7472.71,7417.07,7451.02,11863.65,11883.55,11682.8,11709.1
22-05-2019,5625.966077,4012.870444,7334.186424,7413.84,7458.11,7410.71,7420.66,11727.95,11784.8,11682.4,11737.9
23-05-2019,5574.703617,3957.010692,7231.037218,7331.67,7337.47,7261.46,7307.93,11901.3,12041.15,11614.5,11657.05
24-05-2019,5607.096962,3981.607234,7277.733927,7353.97,7371.3,7294.1,7300.96,11748,11859,11658.1,11844.1
28-05-2019,5613.46792,3980.383436,7268.950059,7321.27,7362.29,7274.7,7278.38,11958.35,11958.55,11864.9,11928.75
29-05-2019,5579.756974,3934.165487,7185.304109,7222.55,7254.2,7176.67,7216.86,11905.8,11931.9,11836.8,11861.1
30-05-2019,5585.82419,3954.181897,7218.157221,7234.83,7262.77,7204.42,7245.4,11865.3,11968.55,11859.4,11945.9
31-05-2019,5555.381097,3923.867934,7161.713051,7148.71,7183.23,7125.97,7127.96,11999.8,12039.25,11829.45,11922.8
03-06-2019,5555.623652,3931.0983,7184.80205,7110.34,7126.43,6936.68,6978.02,11953.75,12103.05,11920.1,12088.55
04-06-2019,5546.771977,3948.133947,7214.294244,7056.18,7169.79,7023.09,7166.75,12052.65,12095.2,12005.85,12021.65
06-06-2019,5555.674734,3970.365537,7259.853334,7229.86,7293.22,7201.59,7275.93,12039.8,12039.8,11830.25,11843.75
07-06-2019,5575.683359,4008.152517,7331.93783,7315.33,7445.99,7309.01,7417.29,11865.2,11897.5,11769.5,11870.65
10-06-2019,5599.921,4030.560288,7375.541114,7472.6,7573,7468.17,7501.93,11934.9,11975.05,11871.75,11922.7
11-06-2019,5605.934481,4041.371346,7398.450855,7584.75,7595.57,7489.99,7513.85,11959.85,12000.35,11904.35,11965.6
12-06-2019,5586.721212,4024.795898,7367.623109,7493.55,7507.52,7459.2,7472.29,11962.45,11962.45,11866.35,11906.2
13-06-2019,5591.704704,4022.839509,7368.570082,7500.85,7530.91,7487.09,7510.68,11873.9,11931.35,11817.05,11914.05
14-06-2019,5583.284734,4010.799098,7345.784921,7476.47,7500.74,7454.87,7479.11,11910.1,11911.85,11797.7,11823.3
17-06-2019,5575.240447,4016.955036,7357.308651,7500.28,7546.99,7492.17,7526.52,11844,11844.05,11657.75,11672.15
18-06-2019,5605.122944,4060.628582,7443.040138,7606.61,7689.08,7595.59,7635.4,11677.05,11727.2,11641.15,11691.5
19-06-2019,5601.802547,4040.929387,7403.541993,7652.52,7681.56,7606.28,7667.74,11744.45,11802.5,11625.1,11691.45
20-06-2019,5608.954664,4054.828191,7424.436739,7770.17,7770.61,7681.43,7738.05,11653.65,11843.5,11635.05,11831.75
21-06-2019,5597.547674,4045.122052,7407.502518,7719.42,7772.53,7708.25,7728.78,11827.6,11827.95,11705.1,11724.1
24-06-2019,5581.78296,4047.954641,7416.688241,7737,7746.68,7720.78,7723.02,11725.8,11754,11670.2,11699.65
25-06-2019,5572.947903,4049.829803,7422.428441,7720.91,7723.04,7584.17,7591.54,11681,11814.4,11651,11796.45
26-06-2019,5562.632624,4046.045176,7416.390913,7642.92,7688.64,7616.91,7627.05,11768.15,11871.85,11757.55,11847.55
27-06-2019,5567.467574,4041.72292,7402.331288,7656.68,7672.98,7636.72,7657.05,11860.85,11911.15,11821.05,11841.55
28-06-2019,5570.097694,4056.880956,7425.634062,7674.52,7682.26,7639.44,7671.07,11861.15,11871.7,11775.5,11788.85
01-07-2019,5606.746065,4095.183311,7497.495884,7816.56,7820.81,7735.67,7768.14,11839.9,11884.65,11830.8,11865.6
02-07-2019,5600.785847,4123.102096,7559.19248,7763.03,7800.47,7746.01,7799.82,11890.3,11917.45,11814.7,11910.3
03-07-2019,5622.248688,4150.071279,7609.315568,7819.06,7857.69,7811.29,7857.69,11932.15,11945.2,11887.05,11916.75
05-07-2019,5608.897436,4120.505489,7553.138318,7806.07,7854.71,7774.59,7841.3,11964.75,11981.75,11797.9,11811.15
08-07-2019,5585.16101,4115.787955,7549.265662,7790.46,7792.2,7756.11,7785.79,11770.4,11771.9,11523.3,11558.6
09-07-2019,5562.287811,4105.846106,7536.474971,7748.29,7833.92,7748.23,7826.86,11531.6,11582.55,11461,11555.9
10-07-2019,5567.740115,4101.877318,7530.689528,7869.73,7923.93,7858.68,7903.4,11536.15,11593.7,11475.65,11498.9
11-07-2019,5570.539212,4093.496383,7509.821899,7918.65,7934.6,7873.16,7896.78,11561.45,11599,11519.5,11582.9
12-07-2019,5556.204542,4094.940221,7505.971768,7908.58,7944.08,7900.39,7943.24,11601.15,11639.55,11538.6,11552.5
15-07-2019,5561.518887,4107.50275,7531.716688,7961.07,7969.79,7940.45,7966.93,11614.75,11618.4,11532.3,11588.35
16-07-2019,5577.849622,4130.35742,7577.200331,7958.44,7965.76,7904.95,7927.08,11596.65,11670.05,11573.95,11662.6
17-07-2019,5573.482053,4110.44019,7535.455734,7927.91,7941.1,7887.98,7888.76,11670.75,11706.65,11651.15,11687.5
18-07-2019,5550.966787,4088.571836,7493.092635,7850.12,7912.33,7827.49,7904.13,11675.6,11677.15,11582.4,11596.9
19-07-2019,5552.779843,4098.318388,7508.696921,7944.86,7950.22,7832.39,7834.9,11627.95,11640.35,11399.3,11419.25
22-07-2019,5556.525244,4102.023977,7514.929312,7862.38,7918.47,7862.27,7905.12,11392.85,11398.15,11301.25,11346.2
24-07-2019,5547.460105,4100.357885,7501.457891,7928.78,8010.83,7926.99,8010.6,11322.45,11359.75,11229.8,11271.3
25-07-2019,5551.518877,4096.034562,7489.049678,7979.14,7983.96,7921.21,7929.87,11290.4,11361.4,11239.35,11252.15
26-07-2019,5563.148881,4124.075792,7549.060769,7992.13,8027.18,7986.72,8016.95,11247.45,11307.6,11210.05,11284.3
29-07-2019,5577.454881,4186.167806,7686.610827,8010.05,8010.05,7939.98,7989.08,11307.5,11310.95,11152.4,11189.2
30-07-2019,5567.789658,4164.685623,7646.771499,7927.56,7983.11,7923.45,7952.47,11213.7,11267.45,11072.65,11085.4
31-07-2019,5543.29828,4134.027458,7586.777867,7972.76,7979.2,7774.93,7848.78,11034.05,11145.3,10999.4,11118
01-08-2019,5546.890361,4132.233067,7584.869292,7866.6,8000.94,7769.02,7801.15,11060.2,11076.75,10881,10980
02-08-2019,5478.717733,4039.526591,7407.057718,7740.91,7755.09,7645.18,7692.8,10930.3,11080.15,10848.95,10997.35
05-08-2019,5400.21385,3944.15022,7223.854872,7510.02,7528.9,7356.27,7415.69,10895.8,10895.8,10782.6,10862.6
06-08-2019,5416.632828,3920.699411,7171.686766,7492.02,7541.74,7432.31,7521.32,10815.4,11018.55,10813.8,10948.25
07-08-2019,5418.471557,3935.757033,7198.696191,7436.14,7569.9,7386.39,7551.9,10958.1,10975.65,10835.9,10855.5
08-08-2019,5444.001482,3981.331442,7285.899551,7608.03,7726.46,7576.82,7724.83,10899.2,11058.05,10842.95,11032.45
09-08-2019,5438.185375,3965.5406,7253.846088,7684.56,7709.5,7591.14,7646.27,11087.9,11181.45,11062.8,11109.65
13-08-2019,5424.420854,3961.159032,7250.895487,7553.43,7778.34,7553.33,7728.15,11139.4,11145.9,10901.6,10925.85
14-08-2019,5383.795576,3905.590879,7147.881288,7594.64,7621.7,7480.58,7490.13,11003.25,11078.15,10935.6,11029.4
16-08-2019,5333.569225,3893.656388,7117.148044,7548.9,7622.73,7548.9,7604.11,11043.65,11068.65,10924.3,11047.8
19-08-2019,5397.671487,3936.287252,7189.645459,7715.41,7740.74,7688.09,7719.32,11094.8,11146.9,11037.85,11053.9
20-08-2019,5390.79689,3904.595637,7124.99593,7708.31,7731.31,7664.21,7664.47,11063.9,11076.3,10985.3,11017
21-08-2019,5418.12964,3946.688426,7203.969289,7731.75,7754.66,7706.57,7733.22,11018.15,11034.2,10906.65,10918.7
22-08-2019,5413.616959,3912.940116,7128.175109,7750.98,7764.79,7649.28,7707.43,10905.3,10908.25,10718.3,10741.35
23-08-2019,5387.883785,3898.579494,7094.984789,7658.48,7722.43,7442.93,7464.99,10699.6,10862.55,10637.15,10829.35
27-08-2019,5381.061355,3899.224349,7089.579321,7630.46,7640.68,7531.96,7566.03,11106.55,11141.75,11049.5,11105.35
28-08-2019,5358.127975,3905.482993,7114.711619,7536.7,7598.15,7500.22,7587.9,11101.3,11129.65,10987.65,11046.1
29-08-2019,5365.471177,3939.370496,7184.320878,7678.69,7723.94,7654.31,7702.31,10996.05,11021.1,10922.4,10948.3
30-08-2019,5376.322225,3953.024325,7207.176819,7743.23,7747.08,7642.9,7691,10987.8,11042.6,10874.8,11023.25
03-09-2019,5388.856336,3982.627777,7268.1905,7634.03,7670.17,7584.82,7609.51,10960.95,10967.5,10772.7,10797.9
04-09-2019,5408.416768,4007.188871,7311.263694,7683.78,7724.91,7663.64,7719.25,10790.4,10858.75,10746.35,10844.65
05-09-2019,5417.449511,3990.651787,7271.17315,7803.45,7879.97,7803.45,7862.54,10860.95,10920.1,10816,10847.9
06-09-2019,5447.936507,3998.179448,7282.342031,7868.87,7874.99,7835.89,7852.54,10883.8,10957.05,10867.45,10946.2
09-09-2019,5426.594741,3976.161775,7235.805594,7876.4,7877.41,7795.86,7832.4,10936.7,11028.85,10889.8,11003.05
11-09-2019,5474.997333,4032.439708,7338.02616,7820.71,7888.34,7812.07,7887.58,11028.5,11054.8,11011.65,11035.7
12-09-2019,5493.210588,4035.214347,7344.671595,7931.96,7975.33,7907.33,7917.34,11058.3,11081.75,10964.95,10982.8
13-09-2019,5512.155016,4053.308676,7367.455373,7903.73,7923.41,7879.59,7892.95,10986.8,11084.45,10945.75,11075.9
16-09-2019,5520.990777,4028.786939,7321.410841,7833.73,7868.74,7831.76,7852.41,10994.85,11052.7,10968.2,11003.5
17-09-2019,5505.703742,4027.314129,7320.402968,7849.88,7891.21,7840.99,7888.79,11000.1,11000.1,10796.5,10817.6
18-09-2019,5501.628512,4024.845521,7314.045312,7877.58,7891.17,7791.58,7888.56,10872.8,10885.15,10804.85,10840.65
19-09-2019,5507.276492,4044.880389,7356.417932,7904.39,7950.21,7888.31,7901.79,10845.2,10845.2,10670.25,10704.8
20-09-2019,5526.503012,4042.856794,7344.920426,7901.46,7920.53,7794.27,7823.55,10746.8,11381.9,10691,11274.2
23-09-2019,5500.222146,4029.775143,7326.083394,7815.23,7842.98,7790.29,7818.61,11542.7,11694.85,11471.35,11600.2
24-09-2019,5478.339986,4009.844848,7291.426844,7855.97,7873.25,7684.8,7710.04,11590.7,11655.05,11539.2,11588.2
25-09-2019,5442.512094,4003.60115,7289.988407,7706.5,7822.43,7647.63,7803.54,11564.85,11564.95,11416.1,11440.2
26-09-2019,5424.767784,4031.562386,7351.078246,7794.28,7798.12,7718.69,7771.99,11469.85,11610.85,11466.35,11571.2
27-09-2019,5486.601992,4071.294294,7426.208419,7786.03,7790.8,7626.82,7681.58,11556.35,11593.6,11499.75,11512.4
30-09-2019,5467.596634,4061.742339,7408.212993,7705.97,7761.84,7693.49,7749.45,11491.15,11508.25,11390.8,11474.45
01-10-2019,5466.100593,4038.464213,7360.318732,7782.82,7821.72,7675.42,7684.14,11515.4,11554.2,11247.9,11359.9
03-10-2019,5359.977375,3893.776169,7077.637325,7557.19,7640.42,7463.57,7638.39,11322.25,11370.4,11257.35,11314
04-10-2019,5388.166977,3933.14992,7155.379704,7677.33,7759.36,7670.92,7754.1,11388.45,11400.3,11158.35,11174.75
07-10-2019,5397.914832,3950.216637,7197.884878,7725.68,7784.79,7712.68,7725.13,11196.2,11233.85,11112.65,11126.4
09-10-2019,5347.77141,3926.971059,7166.498838,7678.66,7717.94,7655.48,7690.53,11152.95,11321.6,11090.15,11313.3
10-10-2019,5367.155161,3938.327248,7186.357976,7688.42,7772.68,7682.61,7740.36,11280.5,11293.35,11208.55,11234.55
11-10-2019,5395.030264,3992.156988,7247.075397,7835.93,7904.05,7831.11,7843.87,11257.7,11362.9,11189.4,11305.05
14-10-2019,5426.003638,3974.436534,7213.453013,7834.74,7865.67,7827.16,7842.33,11335.9,11420.45,11290.05,11341.15
15-10-2019,5414.552014,3982.062171,7211.643037,7867.96,7960.14,7863.65,7942.85,11360.85,11462.35,11342.1,11428.3
16-10-2019,5422.992259,3962.679248,7167.954266,7911.99,7941.76,7898.31,7920.21,11464.95,11481.05,11411.1,11464
17-10-2019,5450.248621,3970.7979,7182.322228,7976.64,7981.14,7914.94,7942.14,11466.3,11599.1,11439.65,11586.35
18-10-2019,5445.242276,3956.885788,7150.571973,7938.3,7946.81,7829.75,7868.49,11580.3,11684.7,11553.15,11661.85
22-10-2019,5442.693919,3982.658283,7212.494447,7968.25,7977.01,7871.98,7874.62,11657.15,11714.35,11573.65,11588.35
23-10-2019,5446.752405,4003.994747,7260.739392,7858.48,7890.21,7845.09,7889.47,11596.2,11651.6,11554.4,11604.1
24-10-2019,5474.761908,4033.512265,7328.25007,7956.23,7969.66,7912.72,7966.72,11661.65,11679.6,11534.65,11582.6
25-10-2019,5469.156477,4030.09889,7324.468177,7926.6,8033.29,7926.6,8029.22,11646.15,11646.9,11490.75,11583.9
29-10-2019,5462.601565,4024.044526,7306.259274,8101.55,8108.61,8045.64,8047.51,11643.95,11809.4,11627.35,11786.85
30-10-2019,5450.656257,4032.795031,7330.779226,8056.9,8096.33,8017.92,8083.11,11883.9,11883.95,11784.45,11844.1
31-10-2019,5454.736304,3993.457821,7248.375322,8100.62,8110.44,8041.65,8083.83,11890.45,11945,11855.1,11877.45
01-11-2019,5491.287928,4022.735587,7302.420362,8121.95,8161.98,8111.73,8161.17,11886.6,11918.3,11843.35,11890.6
04-11-2019,5509.822005,4055.896259,7369.687854,8218.93,8228.33,8197.32,8210.66,11928.9,11989.15,11905.35,11941.3
05-11-2019,5502.098152,4065.31104,7388.084363,8225.35,8229.09,8191.05,8210.18,11974.6,11978.95,11861.9,11917.2
06-11-2019,5514.611005,4066.856005,7396.651362,8204.34,8204.34,8157.36,8196.03,11911.5,12002.9,11850.25,11966.05
07-11-2019,5538.754618,4078.829517,7406.410646,8237.68,8271.82,8198.91,8219.65,12021.1,12021.4,11946.85,12012.05
08-11-2019,5542.294816,4055.655649,7359.383391,8208.37,8256.29,8186.31,8255.89,11987.15,12034.15,11888.75,11908.15
11-11-2019,5536.283016,4043.57077,7328.535507,8212.37,8245.89,8202.36,8241.91,11879.2,11932.65,11853.95,11913.45
13-11-2019,5505.439883,4048.916631,7351.212074,8235.68,8274.61,8233.38,8259.81,11908.3,11946.8,11823.2,11840.45
14-11-2019,5496.388364,4020.949556,7292.75604,8238.85,8264.94,8212.59,8257.83,11858.75,11895.65,11802.65,11872.1
15-11-2019,5532.969673,4031.988335,7302.941125,8303.84,8315.9,8284.2,8315.52,11904.2,11973.65,11879.25,11895.45
18-11-2019,5541.227685,4035.472811,7307.695971,8303.22,8340.41,8274.68,8328.48,11915.15,11946.2,11867.6,11884.5
19-11-2019,5560.301154,4045.936412,7323.798957,8357.43,8357.8,8308.28,8338.74,11919.45,11958.85,11881.75,11940.1
20-11-2019,5552.259455,4016.893681,7262.493824,8315.55,8339.26,8226.25,8283.75,12004.75,12038.6,11966.05,11999.1
21-11-2019,5532.253233,4002.373004,7238.551764,8273.95,8282.33,8242.22,8265.62,12025.65,12028.2,11956.9,11968.4
22-11-2019,5554.973495,4045.742441,7326.807903,8287.25,8292.11,8229.49,8272.05,11967.3,11968.1,11883.5,11914.4
25-11-2019,5568.177548,4083.882764,7396.292141,8309.55,8372.82,8309.55,8371.93,11922.45,12084.5,11919.75,12073.75
26-11-2019,5592.110902,4092.77407,7403.137796,8374.26,8398.04,8364.11,8385.75,12110.2,12132.45,12006.35,12037.7
27-11-2019,5617.072585,4108.087417,7429.776212,8407.23,8445.61,8399.63,8444.71,12068.5,12114.9,12055.15,12100.7
29-11-2019,5620.250219,4066.732417,7346.532289,8422.02,8435.96,8402.13,8403.68,12146.2,12147.4,12017.4,12056.05
02-12-2019,5600.113605,4035.772413,7285.939935,8409.87,8409.87,8274.61,8309.26,12137.05,12137.15,12023.7,12048.2
03-12-2019,5544.542499,3971.652803,7158.761638,8201.63,8258.4,8167.36,8254.74,12067.65,12068.6,11956.4,11994.2
04-12-2019,5574.923855,3990.921652,7188.503117,8291.86,8316.46,8285.88,8296.53,11969.95,12054.7,11935.3,12043.2
05-12-2019,5573.332116,3969.842931,7137.851087,8321.19,8321.19,8272.83,8308.4,12071.25,12081.2,11998.75,12018.4
06-12-2019,5612.292142,4023.208048,7239.663914,8370.23,8405.85,8365.25,8397.37,12047.35,12057.05,11888.85,11921.5
09-12-2019,5612.98842,4020.334162,7233.895949,8388.75,8425.77,8359.87,8362.74,11939.1,11981.95,11888.05,11937.5
10-12-2019,5584.311441,4006.115202,7213.757919,8364.55,8392.89,8339.37,8354.29,11950.5,11953.2,11844.7,11856.8
11-12-2019,5590.975975,4003.031205,7216.249725,8371.65,8408.08,8361.37,8402.61,11867.35,11923.2,11832.3,11910.15
12-12-2019,5603.249014,4033.406285,7273.473433,8391.91,8493.11,8380.09,8466.89,11944.3,12005.5,11934,11971.8
13-12-2019,5725.280563,4095.026428,7353.435958,8461.42,8517.52,8441.88,8487.71,12026.4,12098.85,12023.6,12086.7
16-12-2019,5815.342983,4183.974493,7519.049239,8544.26,8584.78,8542.42,8570.33,12131.35,12134.65,12046.3,12053.95
17-12-2019,5827.00684,4179.536197,7525.284049,8586.33,8592.45,8564.15,8575.7,12082.45,12182.75,12070.35,12165
18-12-2019,5852.805557,4186.137633,7540.745372,8587.2,8608.1,8578.56,8580.62,12197,12237.7,12163.45,12221.65
19-12-2019,5852.677871,4200.874934,7573.819977,8592.68,8642.74,8592.68,8641.29,12223.4,12268.35,12191.15,12259.7
20-12-2019,5905.276746,4206.268775,7582.478117,8666.57,8687.66,8656.48,8678.49,12266.45,12293.9,12252.75,12271.8
23-12-2019,5927.795499,4230.508383,7623.589504,8703.06,8710.9,8690.14,8696.01,12235.45,12287.15,12213.25,12262.75
24-12-2019,5946.814812,4239.279403,7632.235239,8705.3,8708.22,8684.12,8699.51,12269.25,12283.7,12202.1,12214.55
27-12-2019,5953.767106,4247.58599,7644.903115,8805.86,8811.1,8749.86,8770.98,12172.9,12258.45,12157.9,12245.8
30-12-2019,5946.475579,4217.824812,7587.053059,8766.39,8768.29,8671.92,8709.73,12274.9,12286.45,12213.8,12255.85
31-12-2019,5950.491991,4196.473592,7542.444683,8681.33,8735.43,8674.38,8733.07,12247.1,12247.1,12151.8,12168.45
02-01-2020,5971.064681,4231.655884,7604.304977,8802.22,8873.63,8786.9,8872.22,12198.55,12289.9,12195.25,12282.2
03-01-2020,5966.524177,4235.653199,7622.402372,8755.17,8843.65,8755.17,8793.9,12261.1,12265.6,12191.35,12226.65
06-01-2020,5945.914426,4206.927865,7575.33586,8713.89,8849.98,8713.89,8848.52,12170.6,12179.1,11974.2,11993.05
07-01-2020,5975.528855,4209.342119,7573.852191,8857.14,8872.47,8821.68,8846.45,12079.1,12152.15,12005.35,12052.95
08-01-2020,5954.163603,4203.437277,7574.929998,8845.45,8953.55,8834.94,8912.37,11939.1,12044.95,11929.6,12025.35
09-01-2020,5968.290793,4213.770802,7598.117307,8990.04,9004.55,8938.53,8989.63,12153.15,12224.05,12132.55,12215.9
10-01-2020,5966.790612,4206.71569,7587.854926,9021.88,9024.87,8951.83,8966.64,12271,12311.2,12213.2,12256.8
13-01-2020,6008.249042,4225.776204,7617.59937,9007.94,9071.53,8991.35,9070.65,12296.7,12337.75,12285.8,12329.55
14-01-2020,6011.460267,4229.230248,7622.347247,9068.02,9080.16,9020.92,9033.42,12333.1,12374.25,12308.7,12362.3
15-01-2020,6039.457482,4237.591945,7642.795174,9039.31,9078.87,9008.95,9035.67,12349.4,12355.15,12278.75,12343.3
16-01-2020,6021.067572,4222.789734,7609.811091,9088.08,9126.07,9066.31,9125,12347.1,12389.05,12315.8,12355.5
17-01-2020,6066.178838,4257.926139,7674.558223,9159.48,9176.47,9118.98,9173.73,12328.4,12385.45,12321.4,12352.35
21-01-2020,5995.985516,4223.345577,7610.701538,9145.64,9187.42,9141.78,9166.63,12195.3,12230.05,12162.3,12169.85
22-01-2020,6005.178863,4206.930359,7571.919068,9212.35,9242.48,9179.27,9188.57,12218.35,12225.05,12087.9,12106.9
23-01-2020,5967.226785,4170.34104,7507.674809,9186.14,9221.13,9145.23,9216.98,12123.75,12189,12094.1,12180.35
24-01-2020,6002.594266,4213.137203,7585.982557,9266.35,9272.37,9101.44,9141.47,12174.55,12272.15,12149.65,12248.25
27-01-2020,5914.131078,4118.989464,7412.0452,8913.16,9001.44,8910.97,8952.18,12197.1,12216.6,12107,12119
28-01-2020,5954.303048,4154.594854,7480.692375,9013.23,9111.32,8994.28,9090.93,12148.1,12163.55,12024.5,12055.8
29-01-2020,5966.703179,4157.333112,7483.573255,9141.52,9153.08,9067.29,9101.61,12114.9,12169.6,12103.8,12129.5
30-01-2020,5916.264324,4105.316517,7381.963774,9038.92,9140.69,9019.72,9136.09,12147.75,12150.3,12010.6,12035.8
31-01-2020,5895.85977,4057.470127,7286.008644,9142.53,9170.22,8961.59,8991.51,12100.4,12103.55,11945.85,11962.1
03-02-2020,5907.273319,4076.190437,7326.312024,9033.52,9148.5,9031.07,9126.23,11627.45,11749.85,11614.5,11707.9
04-02-2020,5957.557628,4136.759647,7439.815385,9256.94,9352.96,9224.86,9334.06,11786.25,11986.15,11783.4,11979.65
05-02-2020,5988.728884,4159.033366,7482.483264,9441.34,9442.75,9311.88,9367.48,12005.85,12098.15,11953.35,12089.15
06-02-2020,5999.062492,4170.886258,7504.791258,9395.69,9448.72,9357.86,9445.92,12120,12160.6,12084.65,12137.95
07-02-2020,5980.077967,4151.150028,7466.696122,9397.77,9453.24,9376.91,9401.1,12151.15,12154.7,12073.95,12098.35
10-02-2020,5957.790708,4141.620168,7446.875991,9373.2,9517.74,9373.2,9516.84,12102.35,12103.55,11990.75,12031.5
11-02-2020,5966.343881,4170.073275,7499.440412,9567.81,9600.05,9493.63,9517.86,12108.4,12172.3,12099,12107.9
12-02-2020,6001.079705,4191.167336,7534.374847,9569.82,9615.9,9552.03,9613.2,12151,12231.75,12144.3,12201.2
13-02-2020,5970.243716,4150.018611,7452.026279,9540.67,9636.41,9532.74,9595.7,12219.55,12225.65,12139.8,12174.65
14-02-2020,5984.968181,4135.071736,7409.127209,9613.88,9634.75,9583.08,9623.58,12190.15,12246.7,12091.2,12113.45
18-02-2020,5960.153805,4118.842076,7382.011737,9567.27,9647.72,9567.27,9629.8,12028.25,12030.75,11908.05,11992.5
19-02-2020,5985.430988,4158.297535,7457.019864,9683.94,9736.57,9676.07,9718.73,12090.6,12134.7,12042.1,12125.9
20-02-2020,6003.079892,4150.188901,7436.64097,9696.66,9714.23,9513.23,9627.83,12119,12152,12071.45,12080.85
24-02-2020,5847.706588,3998.127445,7156.827253,9055.3,9194.91,9028.87,9079.63,12012.55,12012.55,11813.4,11829.4
25-02-2020,5769.532819,3921.628202,7017.884659,9167.33,9183.78,8807.11,8834.87,11877.5,11883.05,11779.9,11797.9
26-02-2020,5705.995513,3928.002656,7042.470186,8883.01,9032.87,8813.92,8873.76,11738.55,11783.25,11639.6,11678.5
27-02-2020,5549.029837,3787.966327,6796.401949,8632.54,8786.68,8430.53,8436.67,11661.25,11663.85,11536.7,11633.3
28-02-2020,5384.70339,3673.612295,6580.611164,8133.85,8490.47,8133.85,8461.83,11382,11384.8,11175.05,11201.75
02-03-2020,5432.097287,3706.830558,6654.888794,8569.91,8879.39,8446.5,8877.98,11387.35,11433,11036.25,11132.75
03-03-2020,5512.155805,3749.094418,6718.196446,8892.68,9000.46,8516.58,8594.49,11217.55,11342.25,11152.55,11303.3
04-03-2020,5556.58965,3795.383666,6815.591816,8745.64,8952.11,8669.76,8949.28,11351.35,11356.6,11082.15,11251
05-03-2020,5495.071944,3731.491833,6705.43115,8713.19,8864.19,8613.91,8671.66,11306.05,11389.5,11244.6,11269
06-03-2020,5323.87711,3600.948777,6462.55378,8395.95,8571.88,8319.9,8530.34,10942.65,11035.1,10827.4,10989.45
09-03-2020,5039.001807,3334.85613,5965.769683,7912.14,8241.77,7912.14,7948.03,10742.05,10751.55,10294.45,10451.45
11-03-2020,4978.631886,3287.07412,5876.521101,8166.26,8224.73,7900.99,8006.12,10334.3,10545.1,10334,10458.4
12-03-2020,4610.2254,2942.205178,5237.47793,7452.76,7808.31,7255.61,7263.65,10039.95,10040.75,9508,9590.15
13-03-2020,4609.854509,2994.404852,5366.113717,7683.04,7998.51,7301.88,7995.26,9107.6,10159.4,8555.15,9955.2
16-03-2020,4144.301992,2848.874899,5151.080017,7502.26,7563.45,6993.61,7020.38,9587.8,9602.2,9165.1,9197.4
17-03-2020,3943.936286,2894.449163,5294.895771,7198.53,7550.13,6959.15,7473.95,9285.4,9403.8,8915.6,8967.05
18-03-2020,3721.133578,2764.477629,5080.579383,7023.86,7336.88,6837.53,7175.18,9088.45,9127.55,8407.05,8468.8
19-03-2020,3637.829048,2788.366919,5151.605844,7190.21,7514.13,7037.47,7288.52,8063.3,8575.45,7832.55,8263.45
20-03-2020,3924.702202,2837.045163,5190.784551,7391.22,7487.83,6969.77,6994.29,8284.45,8883,8178.2,8745.45
23-03-2020,3705.452472,2727.863678,4993.892033,6952.71,7145.29,6771.91,7006.92,7945.7,8159.25,7583.6,7610.25
24-03-2020,3936.27633,2969.582524,5446.007578,7348.99,7555.91,7304.39,7553.82,7848.3,8036.95,7511.1,7801.05
25-03-2020,4146.332888,3102.983715,5688.202343,7543.96,7777.61,7390.41,7469.62,7735.15,8376.75,7714.75,8317.85
26-03-2020,4233.279796,3179.752109,5815.7281,7549.83,7913.11,7549.83,7897.13,8451,8749.05,8304.9,8641.45
27-03-2020,4133.915345,3021.8901,5510.333969,7657.44,7817.74,7580.22,7588.37,8949.1,9038.9,8522.9,8660.25
30-03-2020,4140.850692,3041.160104,5563.739739,7678.83,7902.09,7651.43,7889.01,8385.95,8576,8244,8281.1
31-03-2020,4262.476021,3107.417758,5671.958559,7855.74,8011.6,7765.45,7813.5,8529.35,8678.3,8358,8597.75
01-04-2020,4187.242888,2991.122397,5454.57153,7582.78,7701.68,7423.97,7486.29,8584.1,8588.1,8198.35,8253.8
03-04-2020,4146.559308,2958.404526,5415.497353,7631.57,7673.49,7439.78,7528.11,8356.55,8356.55,8055.8,8083.8
07-04-2020,4454.32708,3141.278115,5704.449625,8287.48,8305.59,8043.07,8049.31,8446.3,8819.4,8360.95,8792.2
08-04-2020,4510.364551,3140.099403,5677.729737,8134.3,8254.41,8058.41,8229.54,8688.9,9131.7,8653.9,8748.75
09-04-2020,4607.06059,3233.242525,5842.656988,8284.31,8334.23,8167.93,8238.53,8973.05,9128.35,8904.55,9111.9
15-04-2020,4490.700066,3087.438513,5597.645927,8548.47,8666.24,8500.56,8591.96,9196.4,9261.2,8874.1,8925.3
16-04-2020,4490.139541,3102.127945,5628.430325,8689.09,8793.35,8605.51,8757.83,8851.25,9053.75,8821.9,8992.8
17-04-2020,4579.958294,3190.200153,5786.964852,8876.66,8879.24,8704.38,8832.41,9323.45,9324,9091.35,9266.75
20-04-2020,4587.921932,3200.72005,5812.825871,8742.54,8855.18,8725.32,8726.51,9390.2,9390.85,9230.8,9261.85
21-04-2020,4491.642817,3108.437497,5641.034614,8639.74,8663.09,8359.84,8403,9016.95,9044.4,8909.4,8981.45
22-04-2020,4550.921115,3173.490425,5770.630166,8575.57,8708.48,8550.61,8664.63,9026.75,9209.75,8946.25,9187.3
23-04-2020,4576.436277,3205.674636,5826.610496,8693.73,8796.49,8624.63,8641.5,9232.35,9343.6,9170.15,9313.9
24-04-2020,4565.488207,3168.884561,5752.23421,8666.57,8791.36,8599.99,8786.6,9163.9,9296.9,9141.3,9154.4
27-04-2020,4599.503789,3220.291515,5846.787577,8865.58,8887.62,8803.88,8837.66,9259.7,9377.1,9250.35,9282.3
28-04-2020,4641.264546,3281.880375,5958.497533,8913.28,8918.38,8668.67,8677.6,9389.8,9404.4,9260,9380.9
29-04-2020,4733.868141,3371.26256,6115.245931,8871.04,9025.82,8832,8982.76,9408.6,9599.85,9392.35,9553.35
30-04-2020,4680.754432,3262.506005,5901.213552,9005.24,9023.03,8920.42,9000.51,9753.5,9889.05,9731.5,9859.9
04-05-2020,4588.263176,3178.587634,5753.77599,8683.94,8840.33,8665.4,8834.11,9533.5,9533.5,9266.95,9293.5
05-05-2020,4594.83289,3225.895413,5849.419359,8922.39,9031,8900.57,8930.62,9429.4,9450.9,9190.75,9205.6
06-05-2020,4614.074491,3224.702422,5853.764701,8997.02,9065.58,8950.89,8984.86,9226.8,9346.9,9116.5,9270.9
07-05-2020,4644.401262,3270.551085,5935.975544,9104.67,9136.18,9045.23,9101.88,9234.05,9277.85,9175.9,9199.05
11-05-2020,4657.089065,3273.263318,5939.734282,9155.21,9346.27,9155.21,9298.92,9348.15,9439.9,9219.95,9239.2
12-05-2020,4657.626931,3294.626593,5994.771665,9326.06,9354.45,9109.09,9112.45,9168.85,9240.85,9043.95,9196.55
13-05-2020,4617.972146,3243.829142,5904.04806,9123.69,9209.49,8890.16,9000.08,9584.2,9584.5,9351.1,9383.55
14-05-2020,4481.079309,3153.15292,5741.541165,8946.45,9097.75,8860.77,9094.43,9213.95,9281.1,9119.75,9142.75
15-05-2020,4533.961305,3188.515368,5799.770985,8976.29,9157.46,8958.08,9152.64,9182.4,9182.4,9050,9136.85
18-05-2020,4647.04756,3320.208971,6048.588159,9281.36,9367.54,9248.78,9331.93,9158.3,9158.3,8806.75,8823.25
19-05-2020,4660.05225,3302.738968,6002.227362,9326.28,9422.9,9296.25,9298.54,8961.7,9030.35,8855.3,8879.1
20-05-2020,4689.966837,3333.857637,6067.162692,9415.25,9498.28,9412.83,9485.02,8889.15,9093.8,8875.35,9066.55
21-05-2020,4693.390204,3311.396606,6015.247617,9487.63,9515.05,9361.83,9377.99,9079.45,9178.55,9056.1,9106.25
22-05-2020,4686.857867,3301.8822,5993.280072,9363.68,9421.93,9325.07,9413.99,9067.9,9149.6,8968.55,9039.25
26-05-2020,4783.668135,3354.420258,6067.756221,9570.53,9570.53,9379.9,9389.98,9099.75,9161.65,8996.65,9029.05
27-05-2020,4822.318651,3396.128513,6144.252848,9366.63,9445.06,9182.45,9442.05,9082.2,9334,9004.25,9314.95
28-05-2020,4898.586576,3437.295413,6218.788867,9404.83,9568.89,9391.84,9416.71,9364.95,9511.25,9336.5,9490.1
29-05-2020,4864.704768,3363.668743,6076.603605,9440.64,9573.55,9379.93,9555.52,9422.2,9598.85,9376.9,9580.3
01-06-2020,4921.714482,3412.500745,6166.41963,9526.43,9609.38,9515.34,9598.89,9726.85,9931.6,9706.95,9826.15
02-06-2020,4962.925682,3442.458831,6220.139321,9603.18,9660.08,9511.88,9657.31,9880.85,9995.6,9824.05,9979.1
03-06-2020,5060.025527,3531.746976,6382.414872,9689.72,9729.69,9648.93,9704.69,10108.3,10176.2,10035.55,10061.55
04-06-2020,5004.906762,3509.986502,6341.440879,9672.17,9741.97,9577.71,9629.66,10054.25,10123.85,9944.25,10029.1
05-06-2020,5147.048134,3589.759988,6484.296129,9673.09,9846.63,9659.45,9824.39,10093.8,10177.8,10040.75,10142.15
08-06-2020,5183.653351,3582.370071,6472.588234,9805.69,9904.52,9753.87,9901.52,10326.75,10328.5,10120.25,10167.45
09-06-2020,5121.237695,3507.714499,6335.72024,9861.18,10006.9,9859,9967.17,10181.15,10291.15,10021.45,10046.65
10-06-2020,5109.149705,3499.689423,6329.130611,10037.98,10155.2,10022.44,10094.26,10072.6,10148.75,10036.85,10116.15
11-06-2020,4962.548684,3363.627927,6076.695828,9907.56,9978.19,9586.25,9588.48,10094.1,10112.05,9885.05,9902
12-06-2020,4969.737426,3379.819213,6105.182846,9785.58,9849.01,9499.1,9663.77,9544.95,9996.05,9544.35,9972.9
15-06-2020,4967.658127,3362.116155,6064.703061,9517.14,9809.41,9489.58,9776.89,9919.35,9943.35,9726.35,9813.7
16-06-2020,5050.916158,3455.400193,6242.789197,9983.65,10010.89,9801.45,9949.37,10014.8,10046.15,9728.5,9914
17-06-2020,5080.521832,3464.502358,6253.251046,9998.86,10058.65,9952.5,9982.48,9876.7,10003.6,9833.8,9881.15
18-06-2020,5081.234712,3449.449644,6224.069487,9972.35,10018.56,9942.11,10012.05,9863.25,10111.2,9845.05,10091.65
19-06-2020,5142.132758,3486.771099,6292.603955,10104.63,10121.67,9937.81,10008.64,10119,10272.4,10072.65,10244.4
22-06-2020,5125.747621,3461.348872,6244.615532,10009,10134.64,9989.49,10130.33,10318.75,10393.65,10277.6,10311.2
23-06-2020,5149.093761,3498.110363,6320.118749,10192.42,10306.9,10172.07,10209.82,10347.95,10484.7,10301.75,10471
24-06-2020,5069.395139,3392.625306,6123.694905,10183.77,10232.42,9943.24,10002.7,10529.25,10553.15,10281.95,10305.3
25-06-2020,5049.395413,3401.426698,6147.142058,10003.5,10110.29,9901.21,10101.83,10235.55,10361.8,10194.5,10288.9
26-06-2020,5028.855596,3406.447182,6159.301688,10087.08,10093.98,9837.74,9849.36,10378.9,10409.85,10311.25,10383
29-06-2020,5031.746732,3438.925015,6225.769031,9850.55,9965.08,9742.89,9961.16,10311.95,10337.95,10223.6,10312.4
30-06-2020,5011.725842,3410.928983,6169.739592,9970.21,10185.35,9956.83,10156.85,10382.6,10401.05,10267.35,10302.1
01-07-2020,5005.565142,3407.779274,6157.958422,10160.41,10321.77,10142.75,10279.25,10323.8,10447.05,10299.6,10430.05
02-07-2020,5059.591951,3451.450953,6240.360938,10386.38,10432.55,10328.78,10341.89,10493.05,10598.2,10485.55,10551.7
06-07-2020,5132.390172,3479.203089,6285.936181,10487.7,10625.1,10485.81,10604.06,10723.85,10811.4,10695.1,10763.65
07-07-2020,5090.93731,3429.025594,6189.897655,10595.94,10704.93,10516.63,10524.01,10802.85,10813.8,10689.7,10799.65
08-07-2020,5055.998232,3407.936457,6156.160778,10594.41,10669.13,10528.82,10666.7,10818.65,10847.85,10676.55,10705.75
09-07-2020,5014.758186,3353.069529,6049.620518,10745.87,10785.96,10574.97,10754.59,10755.55,10836.85,10733,10813.45
10-07-2020,5009.259889,3379.62173,6095.405481,10751.77,10842.78,10639.48,10836.33,10764.1,10819.4,10713,10768.05
13-07-2020,5046.616322,3423.061114,6176.187147,10951.54,11069.26,10574.56,10602.21,10851.85,10894.05,10756.05,10802.7
14-07-2020,5010.141972,3417.136173,6179.747288,10502.85,10701.88,10370.79,10689.52,10750.85,10755.65,10562.9,10607.35
15-07-2020,5048.119905,3476.230063,6292.645772,10752.11,10780.4,10570.96,10701.68,10701,10827.45,10577.75,10618.2
16-07-2020,5033.420098,3454.00495,6250.691254,10589.86,10658.9,10495.09,10626.46,10706.2,10755.3,10595.2,10739.95
17-07-2020,5042.497787,3472.738084,6290.295172,10651.59,10680.7,10558.78,10645.22,10752,10933.45,10749.65,10901.7
20-07-2020,5038.244163,3461.009758,6261.524389,10672.96,10971.52,10621.9,10952.08,10999.45,11037.9,10953,11022.2
21-07-2020,5059.840698,3468.848273,6269.728172,11015.54,11017.43,10800.87,10833.07,11126.1,11179.55,11113.25,11162.25
22-07-2020,5037.397457,3439.241249,6207.100176,10850.92,10910.24,10776.24,10870.75,11231.2,11238.1,11056.55,11132.6
23-07-2020,5019.694668,3441.551896,6211.440183,10853.16,10885.38,10531.21,10580.59,11135,11239.8,11103.15,11215.45
24-07-2020,5001.104559,3394.846897,6123.821506,10389.53,10543.42,10313.94,10483.13,11149.95,11225.4,11090.3,11194.15
27-07-2020,4990.765864,3382.74943,6104.881224,10547.11,10689.55,10527.64,10674.38,11225,11225,11087.85,11131.8
28-07-2020,5010.015615,3397.896462,6129.25641,10644.33,10662.19,10527.43,10532.5,11154.1,11317.75,11151.4,11300.55
29-07-2020,4984.981996,3397.35981,6131.461524,10602.4,10694.88,10587.19,10662.98,11276.9,11341.4,11149.75,11202.85
30-07-2020,4932.43416,3325.681382,5989.993756,10578.62,10737.03,10531.79,10715.51,11254.3,11299.95,11084.95,11102.15
31-07-2020,4942.715206,3282.024793,5897.759365,10886.36,10908.34,10707.4,10905.88,11139.5,11150.4,11026.65,11073.45
03-08-2020,4940.420552,3349.499745,6032.850318,11018.02,11085.5,10997.67,11055.08,11057.55,11058.05,10882.25,10891.6
04-08-2020,4968.484534,3356.29644,6035.99687,11075.04,11097.85,11002.55,11096.54,10946.65,11112.25,10908.1,11095.25
05-08-2020,5032.459835,3398.938667,6104.717596,11107.24,11141.68,11077.7,11125.44,11155.75,11225.65,11064.05,11101.65
06-08-2020,5005.315382,3358.542794,6026.943817,11116.49,11282.23,11090.5,11267.08,11185.7,11256.8,11127.3,11200.15
07-08-2020,5033.069244,3366.071589,6032.177105,11235.23,11276.3,11044.6,11139.39,11186.65,11231.9,11142.05,11214.05
10-08-2020,5052.543157,3377.974946,6050.585374,11153.51,11159.38,10941.87,11085.17,11270.25,11337.3,11238,11270.15
11-08-2020,5124.298993,3434.562062,6154.338212,11039.68,11090.92,10855.06,10876.08,11322.25,11373.6,11299.15,11322.5
12-08-2020,5149.094622,3494.215309,6280.119009,10972.07,11190.26,10970.87,11157.72,11289,11322,11242.65,11308.4
13-08-2020,5161.031121,3447.007788,6185.621577,11174.64,11271.22,11139.64,11178.37,11334.85,11359.3,11269.95,11300.45
14-08-2020,5141.744857,3397.873008,6090.044252,11187.82,11213.27,11106.93,11164.45,11353.3,11366.25,11111.45,11178.4
17-08-2020,5143.896045,3415.774565,6127.437174,11231.97,11306.47,11228.14,11288.57,11248.9,11267.1,11144.5,11247.1
18-08-2020,5094.466143,3387.250301,6076.615951,11339.76,11421.1,11279.08,11399.03,11259.8,11401.7,11253.15,11385.35
19-08-2020,5098.513832,3401.863205,6111.98398,11397.23,11440.22,11303.4,11318.64,11452.15,11460.35,11394.1,11408.4
20-08-2020,5065.915201,3354.332672,6013.34442,11277.05,11497.18,11268.46,11477.05,11317.45,11361.45,11289.8,11312.2
21-08-2020,5082.700952,3352.179555,6001.888136,11476.85,11574.79,11461.53,11555.16,11409.65,11418.5,11362.2,11371.6
24-08-2020,5112.199433,3402.1716,6104.729157,11703.34,11728.09,11535.55,11626.17,11412,11497.25,11410.65,11466.45
25-08-2020,5085.156863,3367.920632,6037.008308,11610.58,11723.94,11580.89,11721.81,11513.1,11525.9,11423.35,11472.25
26-08-2020,5101.603943,3377.732296,6045.604994,11779.35,11979.65,11768,11971.94,11512.85,11561.75,11461.85,11549.6
27-08-2020,5114.558114,3357.919007,5999.993357,11997.89,12047.99,11842.84,11926.16,11609.3,11617.35,11540.6,11559.25
28-08-2020,5112.267249,3342.444666,5963.565141,11992.68,12018.14,11928.69,11995.85,11602.95,11686.05,11589.4,11647.6
01-09-2020,5092.157613,3290.809179,5862.052161,12203.36,12300.44,12132.78,12292.86,11464.3,11553.55,11366.9,11470.25
02-09-2020,5117.769049,3329.783916,5940.94914,12417.45,12439.48,12176.18,12420.54,11478.55,11554.75,11430.4,11535
03-09-2020,5102.047753,3281.392929,5850.855638,12195.75,12235,11662.11,11771.37,11566.2,11584.95,11507.65,11527.45
04-09-2020,5066.640885,3254.137751,5799.083704,11686.24,11846.18,11145.99,11622.13,11354.4,11452.05,11303.65,11333.85
08-09-2020,5101.039915,3322.133231,5930.301282,11143.91,11400.45,11055.16,11068.26,11378.55,11437.25,11290.45,11317.35
09-09-2020,5107.242447,3358.1529,6012.837821,11308.25,11480.37,11197.13,11395.85,11218.6,11298.15,11185.15,11278
10-09-2020,5126.198977,3353.642752,6003.315917,11501.43,11566.34,11095.94,11154.12,11363.3,11464.05,11327.4,11449.25
11-09-2020,5125.872864,3365.898553,6032.086811,11251.19,11280.41,10945.22,11087.4,11447.8,11493.5,11419.9,11464.45
14-09-2020,5143.484683,3367.557458,6026.24942,11250.8,11363.25,11192.82,11277.76,11540.15,11568.9,11383.55,11440.05
15-09-2020,5170.384463,3407.95851,6105.538062,11432.94,11495.4,11367.2,11438.87,11487.2,11535.95,11442.25,11521.8
16-09-2020,5154.413887,3394.886363,6078.476956,11467.9,11486.09,11242.96,11247.6,11538.45,11618.1,11516.75,11604.55
17-09-2020,5153.819357,3380.28336,6049.919961,10965.74,11160.04,10936.8,11080.95,11539.4,11587.2,11498.5,11516.1
18-09-2020,5165.150387,3356.01659,6007.05261,11147.8,11153.97,10769.4,10936.98,11584.1,11584.1,11446.1,11504.95
21-09-2020,5026.872269,3240.106473,5804.288756,10768.01,10984.76,10677.85,10980.22,11503.8,11535.25,11218.5,11250.55
22-09-2020,5004.671522,3249.28534,5829.459076,11082.09,11207.08,10943.26,11186.37,11301.75,11302.2,11084.65,11153.65
23-09-2020,5036.282146,3286.617267,5899.256706,11167.22,11179.59,10806.05,10833.33,11258.75,11259.55,11024.4,11131.85
24-09-2020,4977.962593,3245.124262,5822.782109,10746.35,11026.43,10728.41,10896.47,11011,11015.3,10790.2,10805.55
25-09-2020,4988.631837,3261.986901,5842.667921,10910.5,11177.73,10851.68,11151.13,10910.4,11072.6,10854.85,11050.25
28-09-2020,5051.988923,3311.876018,5927.931009,11332.32,11369.4,11243.24,11364.45,11140.85,11239.35,11099.85,11227.55
29-09-2020,5022.651425,3291.349331,5897.502233,11354.7,11396.22,11305.79,11322.95,11288.6,11305.4,11181,11222.4
30-09-2020,5039.654436,3282.251487,5866.097271,11328.55,11535.01,11328.55,11418.06,11244.45,11295.4,11184.55,11247.55
01-10-2020,5063.296487,3290.908659,5879.453401,11554.96,11606.73,11488.6,11583.2,11364.45,11428.6,11347.05,11416.95
05-10-2020,5118.052509,3326.829194,5942.939594,11345.24,11512.06,11336.07,11509.06,11487.8,11578.05,11452.3,11503.35
06-10-2020,5165.868299,3337.872288,5949.937856,11476.68,11536.42,11256.26,11291.27,11603.45,11680.3,11564.3,11662.4
07-10-2020,5187.396091,3336.826717,5946.250257,11412.65,11519.55,11382.48,11503.19,11679.25,11763.05,11629.35,11738.85
08-10-2020,5207.749719,3356.087561,5978.029756,11576.44,11582.78,11510.24,11550.94,11835.4,11905.7,11791.15,11834.6
09-10-2020,5250.917861,3378.369906,6016.650466,11615.57,11727.6,11600.86,11725.85,11852.05,11938.6,11805.2,11914.2
12-10-2020,5249.783995,3374.535149,6001.382361,11900.12,12204.75,11880.23,12088.11,11973.55,12022.05,11867.2,11930.95
13-10-2020,5222.672145,3350.920557,5969.709463,12131.07,12187.78,12032.75,12083.17,11934.65,11988.2,11888.9,11934.5
14-10-2020,5235.14681,3337.641124,5935.062721,12105.1,12159.21,11913.57,11985.36,11917.4,11997.2,11822.15,11971.05
15-10-2020,5173.06391,3286.95851,5832.520301,11767.27,11928.63,11765.49,11898.57,12023.45,12025.45,11661.3,11680.35
16-10-2020,5190.171271,3325.667494,5919.578513,11952.12,12034.13,11824.14,11852.17,11727.4,11789.75,11667.85,11762.45
19-10-2020,5204.234578,3311.773347,5884.649586,11913.01,11962.47,11606.48,11634.35,11879.2,11898.25,11820.4,11873.05
20-10-2020,5199.136318,3315.732457,5889.216706,11679.08,11801.39,11613.76,11677.84,11861,11949.25,11837.25,11896.8
21-10-2020,5204.739156,3261.011629,5776.49661,11686.19,11789.46,11646.47,11665.37,11958.55,12018.65,11775.75,11937.65
22-10-2020,5205.250517,3268.536976,5785.650346,11712.64,11739.22,11529.73,11662.91,11890,11939.55,11823.45,11896.45
23-10-2020,5281.342995,3310.383938,5860.276771,11680.72,11693.01,11569.09,11692.57,11957.9,11974.55,11908.75,11930.35
26-10-2020,5253.192425,3271.079041,5792.013762,11584.17,11708.08,11360.73,11504.52,11937.4,11942.85,11711.7,11767.75
27-10-2020,5233.317252,3233.987702,5728.987768,11560.86,11633.49,11503.1,11598.95,11807.1,11899.05,11723,11889.4
28-10-2020,5111.439239,3155.251316,5582.800468,11400.48,11426.1,11136.1,11142.76,11922.6,11929.4,11684.85,11729.6
29-10-2020,5094.417378,3152.128059,5581.749223,11214.33,11467.37,11187.08,11350.74,11633.3,11744.15,11606.45,11670.8
30-10-2020,5092.445785,3151.268938,5577.274275,11265.7,11293.76,10960.02,11052.95,11678.45,11748.95,11535.45,11642.4
02-11-2020,5078.284464,3184.552492,5654.973133,11152.48,11222.52,10957.11,11084.76,11697.35,11725.65,11557.4,11669.15
03-11-2020,5148.571702,3254.875387,5786.767197,11155.84,11356.08,11115.55,11279.91,11734.45,11836.2,11723.3,11813.5
04-11-2020,5214.402103,3309.13068,5883.261039,11627.76,11846.46,11564.91,11777.02,11783.35,11929.65,11756.4,11908.5
05-11-2020,5249.128778,3324.359985,5906.181103,12021.77,12117.04,11977.07,12078.07,12062.4,12131.1,12027.6,12120.3
06-11-2020,5292.512497,3326.648745,5910.02386,12044.29,12116.91,11895.5,12091.35,12156.65,12280.4,12131.85,12263.55
09-11-2020,5542.610968,3485.267308,6186.293654,12194.71,12268.66,11818.24,11830.39,12399.4,12474.05,12367.35,12461.05
10-11-2020,5612.180867,3541.81879,6296.851422,11704.46,11761.95,11512.46,11624.29,12556.4,12643.9,12475.25,12631.1
11-11-2020,5624.275459,3590.16427,6382.104375,11734.81,11904.13,11714.32,11892.93,12680.6,12769.75,12571.1,12749.15
12-11-2020,5639.5769,3569.993631,6338.935217,11924.15,11976.89,11786.09,11827.14,12702.15,12741.15,12624.85,12690.8
13-11-2020,5703.692908,3560.252326,6316.394203,11910.62,11957.09,11808.95,11937.84,12659.7,12735.95,12607.7,12719.95
17-11-2020,5778.501824,3591.592519,6365.328335,12030.27,12047.13,11964.2,11977.49,12932.5,12934.05,12797.1,12874.2
18-11-2020,5836.715705,3607.613693,6385.237699,11963.36,12027.15,11892.54,11894.71,12860.1,12948.85,12819.35,12938.25
19-11-2020,5823.198735,3578.413882,6334.347436,11863.12,12000.29,11842.66,11985.43,12839.5,12963,12745.75,12771.7
20-11-2020,5846.112284,3586.51454,6351.454038,11976,12017.42,11903.57,11906.44,12813.4,12892.45,12730.25,12859.05
23-11-2020,5903.838178,3582.276929,6333.842333,11959.89,12001.83,11817.53,11905.94,12960.3,12968.85,12825.7,12926.45
24-11-2020,5927.291374,3633.3528,6432.168448,11952.7,12094.16,11878.31,12079.81,13002.6,13079.1,12978,13055.15
25-11-2020,5922.421937,3607.814768,6391.085116,12112.11,12174.99,12081.51,12152.22,13130,13145.85,12833.65,12858.4
27-11-2020,5912.503062,3593.677221,6367.58352,12220.37,12306.71,12214.44,12258.21,13012.05,13035.3,12914.3,12968.95
01-12-2020,5954.97655,3614.16543,6384.734165,12387.62,12510.02,12338.36,12455.33,13062.2,13128.4,12962.8,13109.05
02-12-2020,5989.42004,3651.315697,6463.391311,12390.58,12472.25,12318.27,12456.41,13121.4,13128.5,12983.55,13113.75
03-12-2020,6064.992378,3672.877023,6490.265337,12469.16,12538.92,12445.36,12467.13,13215.3,13216.6,13107.9,13133.9
04-12-2020,6105.495554,3702.268495,6550.231109,12479.91,12531.21,12450.51,12528.48,13177.4,13280.05,13152.85,13258.55
07-12-2020,6059.948655,3695.79533,6555.39475,12523.57,12610,12523.12,12596.47,13264.85,13366.65,13241.95,13355.75
08-12-2020,6042.165911,3695.133622,6558.817921,12574.84,12651.35,12504.97,12635.72,13393.85,13435.45,13311.05,13392.95
09-12-2020,6024.314017,3697.658763,6564.29278,12626.97,12643.24,12311.3,12364.64,13458.1,13548.9,13449.6,13529.1
10-12-2020,5990.618439,3708.977642,6599.758278,12268.47,12447.85,12226.13,12401.74,13488.5,13503.55,13399.3,13478.3
11-12-2020,5966.045388,3680.433389,6546.754723,12327.07,12378.61,12236.8,12375.41,13512.3,13579.35,13402.85,13513.85
14-12-2020,5980.120286,3678.414153,6531.834624,12427.86,12544.31,12426.25,12462.21,13571.45,13597.5,13472.45,13558.15
15-12-2020,6002.481221,3673.276415,6513.321105,12565.28,12596.84,12467.57,12595.92,13547.2,13589.65,13447.05,13567.85
16-12-2020,6045.108075,3707.684705,6570.914327,12607.87,12698.11,12568.71,12668.16,13663.1,13692.35,13606.45,13682.7
17-12-2020,6067.055672,3705.39561,6551.059038,12741.64,12760.97,12685.98,12752.06,13713.55,13773.25,13673.55,13740.7
18-12-2020,6060.942376,3689.815465,6529.17721,12786.92,12793.47,12611.22,12738.18,13764.4,13772.85,13658.6,13760.55
21-12-2020,5989.084407,3624.304998,6416.318258,12575.6,12706.44,12474.03,12690.26,13741.9,13777.5,13131.45,13328.4
22-12-2020,6020.961713,3649.617223,6453.163959,12715.48,12761.23,12606.42,12717.56,13373.65,13492.05,13192.9,13466.3
23-12-2020,6098.065683,3681.186651,6495.752115,12733.75,12737.59,12649.6,12653.14,13473.5,13619.45,13432.2,13601.1
24-12-2020,6148.164791,3692.835094,6502.109774,12668.19,12732.55,12665.8,12711.01,13672.15,13771.75,13626.9,13749.25
29-12-2020,6240.021196,3750.911356,6602.652246,12909.86,12925.53,12816.59,12843.49,13910.35,13967.6,13859.9,13932.6
30-12-2020,6232.739462,3723.975089,6555.819088,12900.03,12917.45,12828.79,12845.36,13980.9,13997,13864.95,13981.95
31-12-2020,6215.492394,3673.633189,6460.519131,12852.96,12904.09,12804.75,12888.28,13970,14024.85,13936.45,13981.75
04-01-2021,6174.620944,3724.499743,6571.877085,12950.22,12950.22,12537.42,12694.66,14104.35,14147.95,13953.75,14132.9
05-01-2021,6223.517888,3749.268372,6612.253539,12663.13,12809.67,12663.13,12802.38,14075.15,14215.6,14048.15,14199.5
06-01-2021,6280.36031,3861.774262,6841.858641,12601.26,12803.29,12569.42,12623.35,14240.95,14244.15,14039.9,14146.25
07-01-2021,6316.739325,3870.450667,6856.964303,12745.41,12966.68,12744.82,12939.57,14253.75,14256.25,14123.1,14137.35
08-01-2021,6363.953881,3880.433471,6873.261647,13037.24,13113.09,12939.73,13105.2,14258.4,14367.3,14221.65,14347.25
11-01-2021,6343.367433,3837.346025,6798.483343,12961.5,13023.21,12883.59,12902.49,14474.05,14498.2,14383.1,14484.75
12-01-2021,6358.550768,3815.700845,6754.114789,12916.1,12957.43,12783.71,12892.09,14473.8,14590.65,14432.85,14563.45
13-01-2021,6339.505314,3808.427851,6745.521519,12911.87,13008.85,12878.02,12973.63,14639.8,14653.35,14435.7,14564.85
14-01-2021,6369.457607,3839.423215,6801.963363,13010.94,13037.05,12886.16,12898.69,14550.05,14617.8,14471.5,14595.6
15-01-2021,6327.534164,3803.749933,6735.712749,12898.09,12941.29,12758.1,12803.93,14594.35,14617.45,14357.85,14433.7
19-01-2021,6367.986455,3793.913536,6712.946208,12921.61,13012.09,12861.3,12996.54,14371.65,14546.05,14350.85,14521.15
20-01-2021,6433.834581,3816.305394,6740.3942,13155.12,13332.26,13138.3,13296.45,14538.3,14666.45,14517.55,14644.7
21-01-2021,6433.143841,3802.303466,6715.424775,13356.7,13433.69,13297.79,13404.99,14730.95,14753.55,14517.25,14590.35
22-01-2021,6387.287035,3786.064105,6695.065766,13356.18,13404.77,13336.9,13366.4,14583.4,14619.9,14357.75,14371.9
25-01-2021,6334.89355,3751.996087,6638.850883,13515.63,13563.7,13205.59,13483.29,14477.8,14491.1,14218.6,14238.9
27-01-2021,6274.937926,3716.365625,6567.369011,13371.16,13393.51,13034.14,13112.65,14237.95,14237.95,13929.3,13967.5
28-01-2021,6242.205767,3699.972945,6526.153076,13163.32,13401.85,13150.1,13201.53,13810.4,13898.25,13713.25,13817.55
29-01-2021,6230.359594,3641.926036,6407.457376,13124.7,13167.87,12845.43,12925.38,13946.6,13966.85,13596.75,13634.6
01-02-2021,6247.777007,3673.960812,6466.421276,13067.65,13280.22,12983.1,13248.9,13758.6,14336.35,13661.75,14281.2
02-02-2021,6313.787185,3707.203959,6516.647044,13371.37,13501.23,13363.76,13456.12,14481.1,14731.7,14469.15,14647.85
03-02-2021,6373.725417,3706.359875,6507.817686,13555.03,13561.45,13400.08,13402.37,14754.9,14868.85,14574.15,14789.95
04-02-2021,6368.658892,3706.196995,6503.720412,13454.85,13563.13,13406.44,13560.89,14789.05,14913.7,14714.75,14895.65
05-02-2021,6478.145563,3709.94542,6489.326243,13592.77,13642.96,13527.81,13603.96,14952.6,15014.65,14864.75,14924.25
08-02-2021,6481.254304,3726.026967,6523.53466,13672.33,13698.41,13607.96,13695.02,15064.3,15159.9,15041.05,15115.8
09-02-2021,6510.011001,3731.03262,6531.555079,13667.14,13741.79,13664.7,13687.08,15164.15,15257.1,15064.3,15109.3
10-02-2021,6494.232002,3723.831448,6524.360569,13751.42,13770.91,13531.93,13655.27,15119.05,15168.25,14977.2,15106.5
11-02-2021,6494.037333,3726.461656,6528.720408,13723.63,13747.2,13637.19,13734.35,15073.25,15188.5,15065.4,15173.3
12-02-2021,6515.325316,3754.996599,6589.792565,13695.9,13816.25,13656.78,13807.7,15186.2,15243.5,15081,15163.3
16-02-2021,6600.307984,3840.158688,6748.856862,13841.03,13879.77,13726.78,13773.77,15371.45,15431.75,15242.2,15313.45
17-02-2021,6557.417876,3813.846656,6710.902628,13636.15,13713.14,13552.66,13699.71,15279.9,15314.3,15170.75,15208.9
18-02-2021,6501.718976,3763.78144,6617.149261,13556.01,13669.94,13477.17,13637.51,15238.7,15250.75,15078.05,15118.95
19-02-2021,6495.177479,3769.953186,6624.016223,13686.23,13701.69,13545.45,13580.78,15074.8,15144.05,14898.2,14981.75
22-02-2021,6496.705553,3762.959641,6612.242859,13414.04,13447.37,13220.77,13223.74,14999.05,15010.1,14635.05,14675.7
23-02-2021,6486.938545,3771.341105,6625.939592,12982.36,13259.85,12758.12,13194.71,14782.25,14854.5,14651.85,14707.8
24-02-2021,6529.194413,3795.055857,6658.972578,13095.86,13312.42,12971.82,13302.19,14729.15,15008.8,14723.05,14982
25-02-2021,6551.702689,3788.742077,6651.964782,13197.75,13294.56,12773.76,12828.31,15079.85,15176.5,15065.35,15097.35
26-02-2021,6477.292676,3702.395604,6483.4278,12958.96,13090.36,12764.34,12909.44,14888.6,14919.45,14467.75,14529.15
01-03-2021,6578.111699,3761.454873,6588.529344,13106.02,13293.78,13051.7,13282.95,14702.5,14806.8,14638.55,14761.55
02-03-2021,6590.812437,3771.682145,6613.750355,13297.76,13301.62,13052.12,13059.95,14865.3,14959.1,14760.8,14919.1
03-03-2021,6624.338625,3808.242157,6675.472221,13020.1,13057.29,12679.89,12683.33,15064.4,15273.15,14995.8,15245.6
04-03-2021,6589.901434,3792.091352,6650.879186,12655.92,12799.08,12314.16,12464,15026.75,15202.35,14980.2,15080.75
05-03-2021,6556.705481,3771.733742,6630.520536,12594.16,12700.95,12208.39,12668.51,14977.95,15092.35,14862.1,14938.1
08-03-2021,6595.348107,3820.193032,6719.131313,12629.56,12718.58,12287.57,12299.08,15002.45,15111.15,14919.9,14956.2
09-03-2021,6642.756797,3831.591545,6730.343071,12635.45,12868.52,12592.83,12794.49,15049.9,15126.85,14925.45,15098.4
10-03-2021,6642.369365,3830.212392,6725.599877,12950.25,12979.38,12726.85,12752.07,15202.15,15218.45,15100.85,15174.8
12-03-2021,6726.482259,3851.154132,6761.472264,12873.39,12943.58,12778.13,12937.29,15321.15,15336.3,14953.6,15030.95
15-03-2021,6758.2691,3846.965027,6749.703528,12936.13,13085.01,12885.64,13082.54,15048.4,15048.4,14745.85,14929.5
16-03-2021,6807.354093,3879.814112,6803.61308,13156.65,13297.48,13091.78,13152.28,14996.1,15051.6,14890.65,14910.45
17-03-2021,6775.404346,3854.272558,6762.670881,13024.83,13280.29,12950.08,13202.38,14946.55,14956.55,14696.05,14721.3
18-03-2021,6768.654166,3862.117906,6779.682853,13006.29,13040.36,12781.53,12789.14,14855.5,14875.2,14478.6,14557.85
19-03-2021,6738.835993,3824.917621,6708.706909,12792.67,12906.02,12704.07,12866.99,14471.15,14788.25,14350.1,14744
22-03-2021,6738.835993,3824.917621,6708.706909,12943.14,13167.46,12943.14,13086.51,14736.3,14763.9,14597.85,14736.4
23-03-2021,6713.092397,3817.32888,6699.192546,13127.17,13180.66,12993.5,13017.79,14768.55,14878.6,14707,14814.75
24-03-2021,6753.817954,3826.517695,6712.887686,13072.82,13077.49,12797.85,12798.88,14712.45,14752.35,14535,14549.4
25-03-2021,6717.110214,3804.748884,6674.833116,12707.58,12845.66,12627.93,12780.51,14570.9,14575.6,14264.4,14324.9
26-03-2021,6784.164286,3842.226476,6740.593778,12777.27,12992.3,12721.66,12979.12,14506.3,14572.9,14414.25,14507.3
30-03-2021,6790.655248,3859.304494,6772.12165,12904.01,12929.46,12798.03,12896.53,14628.5,14876.3,14617.6,14845.1
31-03-2021,6779.79626,3831.049824,6713.631666,12970.33,13167.06,12966.65,13091.44,14811.85,14813.75,14670.25,14690.7
01-04-2021,6819.714086,3849.238742,6737.297314,13268.88,13333.41,13255.82,13329.51,14798.4,14883.2,14692.45,14867.35
06-04-2021,6897.365706,3897.812213,6823.548641,13567.2,13660.29,13551.6,13578.46,14737,14779.1,14573.9,14683.5
07-04-2021,6932.271701,3931.525712,6885.324243,13553.9,13648.8,13532.63,13616.7,14716.45,14879.8,14649.85,14819.05
08-04-2021,6989.85505,3960.966131,6942.215424,13730.73,13763.18,13703.51,13758.5,14875.65,14984.15,14821.1,14873.8
09-04-2021,7007.987465,3949.506608,6915.746898,13709.67,13849.31,13674.92,13845.05,14882.65,14918.45,14785.65,14834.85
12-04-2021,6979.403223,3933.889602,6889.119029,13792.74,13839.39,13747.63,13819.35,14644.65,14652.5,14248.7,14310.8
13-04-2021,7041.27286,3939.306231,6890.492885,13874.58,14002.53,13874.58,13986.49,14364.9,14528.9,14274.9,14504.8
15-04-2021,7098.687024,3988.716688,6983.498751,13934.87,14040.11,13931.01,14026.19,14522.4,14597.55,14353.2,14581.45
16-04-2021,7110.625678,4006.76143,7019.53229,14035.96,14050.38,13966.54,14041.91,14599.6,14697.7,14559,14617.85
19-04-2021,7091.340676,3996.646299,7000.081871,13970.83,14025.64,13835.75,13907.67,14306.6,14382.3,14191.4,14359.45
20-04-2021,7019.115064,3920.050161,6859.869467,13891.96,13934.89,13730.59,13809.3,14526.7,14526.95,14207.3,14296.4
22-04-2021,7103.700222,3965.035176,6938.240314,13920.88,13954.03,13716.76,13762.36,14219.15,14424.75,14151.4,14406.15
23-04-2021,7090.160352,3965.158937,6938.561634,13794.49,13989.43,13789.45,13941.44,14326.35,14461.15,14273.3,14341.35
26-04-2021,7138.433731,3983.593867,6963.12108,13954.94,14039.4,13919.93,14026.16,14449.45,14557.5,14421.3,14485
27-04-2021,7118.556377,3970.495219,6944.969342,14048.13,14048.34,13931.18,13960.28,14493.8,14667.55,14484.85,14653.05
28-04-2021,7131.818014,3979.386596,6963.672518,13953.61,13992.08,13895.15,13901.62,14710.5,14890.25,14694.95,14864.55
29-04-2021,7138.210926,3977.042922,6961.483159,14063.94,14073.48,13836.1,13970.2,14979,15044.35,14814.45,14894.9
30-04-2021,7125.246457,3983.84657,6969.814596,13857.79,13969.21,13838.82,13860.76,14747.35,14855.45,14601.7,14631.1
04-05-2021,7082.273595,3956.747633,6923.174251,13680.63,13705.38,13396.11,13544.67,14687.25,14723.4,14461.5,14496.5
05-05-2021,7116.845321,4011.505915,7039.302083,13649.12,13676.86,13478.58,13503.37,14604.15,14637.9,14506.6,14617.85
06-05-2021,7151.577267,4032.099122,7076.174115,13490.94,13617.34,13403.46,13613.73,14668.35,14743.9,14611.5,14724.8
07-05-2021,7205.530478,4066.18189,7129.708231,13715.56,13814.65,13669.78,13719.63,14816.85,14863.05,14765.5,14823.15
10-05-2021,7194.322627,4060.797566,7123.683309,13647.73,13648.49,13358.62,13359.08,14928.25,14966.9,14892.5,14942.35
11-05-2021,7091.279292,3962.977741,6947.994045,13102.64,13381.66,13094.76,13351.27,14789.7,14900,14771.4,14850.75
12-05-2021,7100.375982,3986.815146,7004.633612,13155.07,13236.89,12967.18,13001.63,14823.55,14824.05,14649.7,14696.5
14-05-2021,7127.099342,4012.071699,7043.60863,13238.99,13430,13220.19,13312.91,14749.4,14749.65,14591.9,14677.8
17-05-2021,7101.668136,4002.904651,7032.845493,13329.86,13350.14,13196.57,13312.91,14756.25,14938,14725.35,14923.15
18-05-2021,7118.420326,4007.574653,7034.242016,13352.26,13400.52,13212.85,13217.68,15067.2,15137.25,15043.7,15108.1
19-05-2021,7095.403172,3966.168032,6950.198959,12998.53,13243.98,12994.35,13237.91,15058.6,15133.4,15008.85,15030.15
20-05-2021,7126.954615,4003.089166,7019.789068,13294.59,13526.01,13293.1,13494.09,15042.6,15069.8,14884.9,14906.05
21-05-2021,7130.448282,4002.605809,7018.054251,13573.22,13573.84,13401.53,13411.74,14987.8,15190,14985.85,15175.3
24-05-2021,7176.547879,4021.241996,7051.587266,13504.39,13687.6,13500.12,13641.75,15211.35,15256.25,15145.45,15197.7
25-05-2021,7168.104717,4009.845624,7029.789397,13701.3,13734.41,13614.54,13657.73,15291.75,15293.85,15163.4,15208.45
26-05-2021,7213.935267,4015.745868,7026.93046,13687.71,13726.06,13661.06,13702.74,15257.05,15319.9,15194.95,15301.45
27-05-2021,7236.734167,4013.499233,7019.674787,13686.86,13724.76,13652.13,13657.85,15323.95,15384.55,15272.5,15337.85
28-05-2021,7265.538204,4016.133632,7022.612692,13717,13765.8,13684.83,13686.51,15421.2,15469.65,15394.75,15435.65
01-06-2021,7308.363761,4049.032061,7080.460328,13764.27,13773.45,13602.12,13654.59,15629.65,15660.75,15528.3,15574.85
02-06-2021,7320.035339,4063.516345,7107.995046,13655.71,13712.68,13610.16,13675.79,15520.35,15597.45,15459.85,15576.2
03-06-2021,7292.290641,4039.190628,7064.349145,13568.91,13608.54,13469.85,13529.68,15655.55,15705.1,15611,15690.35
04-06-2021,7301.161021,4042.419459,7069.041134,13619.79,13784.77,13613.58,13770.77,15712.5,15733.6,15622.35,15670.25
07-06-2021,7328.397408,4048.961396,7077.215228,13744.15,13808.42,13710.11,13802.89,15725.1,15773.45,15678.1,15751.65
08-06-2021,7323.454644,4056.564173,7095.085077,13873.46,13913.4,13746.42,13810.86,15773.9,15778.8,15680,15740.1
09-06-2021,7299.417373,4045.507585,7081.00686,13865.51,13900.71,13811.05,13814.94,15766.3,15800.45,15566.9,15635.35
10-06-2021,7295.389989,4044.008072,7088.179132,13834.26,13962.98,13817.83,13960.35,15692.1,15751.25,15648.5,15737.75
11-06-2021,7277.479452,4068.330761,7134.059915,13959.47,13998.65,13934,13998.3,15796.45,15835.55,15749.8,15799.35
14-06-2021,7288.873804,4074.574718,7146.68499,14002.14,14129.33,13963.94,14128.2,15791.4,15823.05,15606.5,15811.85
15-06-2021,7313.576229,4083.20252,7172.479505,14120.81,14126.26,14008.93,14030.41,15866.95,15901.6,15842.4,15869.25
16-06-2021,7316.498067,4088.465753,7184.954853,14053.12,14100.11,13843.6,13983.01,15847.5,15880.85,15742.6,15767.55
17-06-2021,7299.597268,4071.32837,7153.434635,13946.7,14205.43,13946.52,14163.81,15648.3,15769.35,15616.75,15691.4
18-06-2021,7235.940337,4002.074971,7017.468473,14125.12,14140.61,14024.6,14049.58,15756.5,15761.5,15450.9,15683.35
21-06-2021,7262.184972,4026.958618,7062.294957,14055.04,14150.91,13967.89,14137.23,15525.85,15765.15,15505.65,15746.5
22-06-2021,7289.172197,4046.874642,7090.012503,14140.3,14288.49,14128.01,14270.42,15840.5,15895.75,15752.1,15772.75
23-06-2021,7308.39534,4039.39996,7074.061615,14275.09,14324.74,14247.58,14274.24,15862.8,15862.95,15673.95,15686.95
24-06-2021,7311.821089,4051.120907,7109.973813,14358.3,14429.14,14337.65,14365.96,15737.3,15821.4,15702.7,15790.45
25-06-2021,7347.023855,4067.788745,7136.06563,14396.63,14401.71,14324.26,14345.18,15839.35,15870.8,15772.3,15860.35
28-06-2021,7329.353905,4035.426496,7072.973002,14401.63,14530.07,14400.59,14524.98,15915.35,15915.65,15792.15,15814.7
29-06-2021,7344.241406,4042.577408,7087.547969,14523.63,14575.19,14481.84,14572.75,15807.5,15835.9,15724.05,15748.45
30-06-2021,7341.467899,4014.744212,7037.474829,14560.07,14582.3,14530.87,14554.8,15776.9,15839.1,15708.75,15721.5
01-07-2021,7363.940307,4062.451411,7125.157917,14530.63,14576.64,14483.42,14560.05,15755.05,15755.55,15667.05,15680
02-07-2021,7391.385248,4065.952682,7123.265869,14633.51,14738.14,14626.82,14727.63,15705.85,15738.35,15635.95,15722.2
06-07-2021,7414.682776,4060.817399,7100.882921,14755.15,14797.45,14635.31,14786.36,15813.75,15914.2,15801,15818.25
07-07-2021,7397.993473,4085.50314,7151.020267,14889.76,14891.19,14735.75,14810.54,15819.6,15893.55,15779.7,15879.65
08-07-2021,7318.310105,4019.717527,7030.656042,14577.67,14763.67,14551.76,14722.14,15855.4,15885.75,15682.9,15727.9
09-07-2021,7364.465409,4069.793864,7121.880438,14709.32,14838.72,14685.54,14826.09,15688.25,15730.85,15632.75,15689.8
12-07-2021,7330.911775,4070.34408,7125.423979,14878.71,14899.46,14813.79,14877.89,15766.8,15789.2,15644.75,15692.6
13-07-2021,7343.205255,4071.209493,7124.717764,14871.04,15002.28,14843.8,14874.54,15794,15820.8,15744.6,15812.35
14-07-2021,7304.943136,4049.864847,7091.189321,14984.86,15001.13,14871.73,14900.44,15808.7,15877.35,15764.2,15853.95
15-07-2021,7275.300403,4005.801204,7012.017368,14903.49,14907.51,14717.55,14794.69,15872.15,15952.35,15855,15924.2
16-07-2021,7266.468412,4002.800915,7008.08736,14842.08,14875.97,14667.1,14681.38,15958.35,15962.25,15882.6,15923.4
19-07-2021,7129.120851,3909.878411,6844.385861,14517.96,14578.96,14455.07,14549.09,15754.5,15836.9,15707.5,15752.4
20-07-2021,7172.735002,3932.840073,6881.134797,14601.33,14790.6,14530.78,14728.21,15703.95,15728.45,15578.55,15632.1
22-07-2021,7283.283536,3991.483386,6968.298859,14865.46,14941.38,14865.46,14940.17,15736.6,15834.8,15726.4,15824.05
23-07-2021,7307.113431,4025.117415,7027.576631,15004.43,15125.84,14948.04,15111.79,15856.8,15899.8,15768.4,15856.05
26-07-2021,7324.543875,4025.989766,7025.430288,15088.28,15142.35,15048.23,15125.95,15849.3,15893.35,15797,15824.45
27-07-2021,7289.547491,4010.294469,6996.082473,15103.01,15107.74,14787.8,14956.97,15860.5,15881.55,15701,15746.45
28-07-2021,7316.838471,4024.078356,7016.626888,15005.17,15078.85,14913.55,15018.1,15761.55,15767.5,15513.45,15709.4
29-07-2021,7351.373612,4054.122929,7078.423684,15015.3,15091.96,15004.42,15048.36,15762.7,15817.35,15737.8,15778.45
30-07-2021,7359.322899,4030.241938,7032.296924,14882.39,14990.86,14882.39,14959.9,15800.6,15862.8,15744.85,15763.05
02-08-2021,7387.331253,4061.11781,7081.720412,14959.9,15059.89,14945.13,14963.62,15874.9,15892.9,15834.65,15885.15
03-08-2021,7403.660478,4074.785716,7105.718,14997.2,15063.66,14864.53,15061.42,15951.55,16146.9,15914.35,16130.75
04-08-2021,7439.88273,4085.473589,7123.855398,15059.16,15117.38,15017.14,15083.39,16195.25,16290.2,16176.15,16258.8
05-08-2021,7501.802077,4089.913567,7120.428271,15105.4,15184.27,15083.83,15181.64,16288.95,16349.45,16210.3,16294.6
06-08-2021,7469.549601,4088.944701,7122.954519,15125.74,15162.34,15063.02,15109.36,16304.4,16336.75,16223.3,16238.2
09-08-2021,7474.104121,4093.19405,7132.296568,15136.14,15154.68,15081.75,15133.11,16281.35,16320.75,16179.05,16258.25
10-08-2021,7492.340921,4110.198046,7161.037263,15157.37,15169.45,15010.16,15053.58,16274.8,16359.25,16202.25,16280.1
11-08-2021,7518.105772,4143.156252,7220.135205,15101.82,15127.78,14972.6,15027.76,16327.3,16338.75,16162.55,16282.25
12-08-2021,7580.266772,4131.764239,7193.234598,15012.6,15097.91,14956.25,15088.98,16303.65,16375.5,16286.9,16364.4
13-08-2021,7572.243906,4144.469296,7218.714171,15101.84,15150.48,15079.3,15136.68,16385.7,16543.6,16376.3,16529.1
16-08-2021,7527.04949,4111.891681,7153.984854,15090.05,15142.03,14931.15,15140.77,16518.4,16589.4,16480.75,16563.05
17-08-2021,7516.41264,4123.453658,7181.10767,15018.94,15062.7,14906.22,15002.83,16545.25,16628.55,16495.4,16614.6
18-08-2021,7526.715548,4122.609487,7169.32285,14975.02,15039.9,14846.51,14857.92,16691.95,16701.85,16535.85,16568.85
20-08-2021,7502.230976,4082.528051,7087.89733,14974.06,15103.94,14968.87,15092.57,16382.5,16509.55,16376.05,16450.5
23-08-2021,7518.582213,4092.121616,7109.015071,15140.14,15341.47,15140.14,15312.82,16592.25,16592.5,16395.7,16496.45
24-08-2021,7555.80265,4104.84468,7125.779004,15338.92,15384.42,15319.55,15357.68,16561.4,16647.1,16495.3,16624.6
25-08-2021,7581.961317,4119.441387,7150.119237,15384.83,15404.36,15341.92,15368.92,16654,16712.45,16617.5,16634.65
26-08-2021,7564.908654,4106.661172,7124.980289,15348.98,15369.28,15265.23,15278.52,16627.95,16683.7,16603.4,16636.9
27-08-2021,7599.25742,4121.025906,7148.013574,15305.75,15447.03,15292.74,15432.95,16642.55,16722.05,16565.6,16705.2
31-08-2021,7627.462105,4109.958781,7119.703911,15601.34,15604.45,15522.78,15582.51,16947.5,17153.5,16915.85,17132.2
01-09-2021,7652.383787,4128.630514,7149.837363,15637.13,15696.42,15603.67,15611.57,17185.6,17225.75,17055.05,17076.25
02-09-2021,7612.601738,4133.541204,7163.896103,15656.28,15681.76,15554.29,15604.25,17095.4,17245.5,17059.7,17234.15
03-09-2021,7587.999944,4120.507948,7138.352262,15578.96,15668.12,15554.97,15652.86,17262.45,17340.1,17212.2,17323.6
07-09-2021,7580.290889,4122.429538,7149.367031,15662.3,15701.4,15610.23,15675.76,17401.55,17436.5,17287,17362.1
08-09-2021,7545.08493,4089.758619,7095.53487,15669.01,15669.01,15528.45,15620.85,17375.75,17383.4,17254.2,17353.5
09-09-2021,7543.9977,4055.822808,7024.207471,15639.44,15675.46,15556.74,15561.05,17312.85,17379.65,17302.7,17369.25
13-09-2021,7548.074403,4075.265996,7068.427975,15545.66,15562.28,15351.7,15434.5,17363.55,17378.35,17269.15,17355.3
14-09-2021,7520.64224,4056.447273,7034.058985,15505.78,15525.97,15352.06,15382.9,17420.35,17438.55,17367.05,17380
15-09-2021,7451.100565,4039.438668,7016.489089,15419.95,15518.95,15316.4,15503.53,17387.65,17532.7,17386.9,17519.45
16-09-2021,7500.930492,4051.438171,7027.482915,15452.67,15539.14,15370.88,15515.91,17539.2,17644.6,17510.45,17629.5
17-09-2021,7507.117276,4023.327779,6963.639649,15481.43,15485.21,15291.04,15333.47,17709.65,17792.95,17537.65,17585.15
20-09-2021,7429.009956,3986.895504,6903.906068,15068.65,15157.26,14821.03,15012.19,17443.85,17622.75,17361.8,17396.9
21-09-2021,7469.086548,4029.011627,6980.980554,15096.97,15139.9,14986.98,15027.77,17450.5,17578.35,17326.1,17562
22-09-2021,7525.063936,4081.812817,7083.36895,15073.96,15230.34,15029.9,15176.51,17580.9,17610.45,17524,17546.65
23-09-2021,7542.04232,4081.248797,7078.352437,15231.2,15356.92,15199.43,15316.58,17670.85,17843.9,17646.55,17822.95
24-09-2021,7536.197279,4062.199193,7051.481686,15222.97,15345.54,15209.16,15329.68,17897.45,17947.65,17819.4,17853.2
27-09-2021,7547.530989,4067.815591,7063.395729,15205.23,15240.58,15106.45,15204.82,17932.2,17943.5,17802.9,17855.1
28-09-2021,7453.997481,4035.41213,7028.09974,15001.98,15040.57,14758.98,14770.3,17906.45,17912.85,17576.1,17748.6
29-09-2021,7476.916067,4072.843934,7108.16376,14835.51,14914.92,14727.41,14752.89,17657.95,17781.75,17608.15,17711.3
30-09-2021,7457.553124,4058.964929,7086.422479,14830.3,14888.22,14684.55,14689.62,17718.9,17742.15,17585.35,17618.15
01-10-2021,7385.41753,4028.96758,7027.069296,14731.38,14830.84,14555.12,14791.87,17531.9,17557.15,17452.9,17532.05
04-10-2021,7341.674656,4011.086016,7011.005036,14713.6,14727.6,14384.93,14472.12,17615.55,17750.9,17581.35,17691.25
05-10-2021,7376.115347,4044.050487,7077.096077,14533.43,14763.64,14520.23,14674.15,17661.35,17833.45,17640.9,17822.3
06-10-2021,7305.629147,3995.372981,6995.874843,14529.89,14775.64,14499.48,14766.75,17861.5,17884.6,17613.15,17646
07-10-2021,7353.247333,4038.832007,7078.041636,14899.07,15010.32,14878.22,14897.13,17810.55,17857.55,17763.8,17790.35
08-10-2021,7386.909822,4046.709253,7095.54906,14942.36,14948.35,14805.5,14820.75,17886.85,17941.85,17840.35,17895.2
11-10-2021,7365.631235,4068.119435,7146.848239,14765.69,14907.57,14709.05,14713.73,17867.55,18041.95,17839.1,17945.95
12-10-2021,7340.373955,4059.535302,7130.228328,14772.29,14784.78,14636.33,14662.11,17915.8,18008.65,17864.95,17991.95
13-10-2021,7357.799069,4070.196651,7141.821981,14751.8,14800.83,14676.58,14774.6,18097.85,18197.8,18050.75,18161.75
14-10-2021,7406.279614,4107.882656,7207.712934,14925.58,15059.89,14901.59,15052.42,18272.85,18350.75,18248.7,18338.55
18-10-2021,7446.596949,4110.174233,7203.826462,15091.58,15307.51,15074.71,15300.89,18500.1,18543.15,18445.3,18477.05
19-10-2021,7456.616287,4119.184944,7217.528773,15349.45,15414.97,15320.62,15410.72,18602.35,18604.45,18377.7,18418.75
20-10-2021,7442.015249,4118.775679,7223.097975,15448,15457.11,15333.43,15388.71,18439.9,18458.3,18209.35,18266.6
21-10-2021,7439.85494,4102.33011,7190.298122,15365.81,15497.58,15350.5,15489.59,18382.7,18384.2,18048,18178.1
22-10-2021,7421.632565,4108.907393,7204.551943,15422.07,15474.28,15291.95,15355.07,18230.7,18314.25,18034.35,18114.9
25-10-2021,7444.302835,4117.934003,7222.818933,15417.25,15555.65,15338.49,15514.19,18229.5,18241.4,17968.5,18125.4
26-10-2021,7460.443331,4149.808246,7277.619928,15615.36,15710.79,15518.59,15559.49,18154.5,18310.45,18099.3,18268.4
27-10-2021,7439.185244,4138.68405,7253.273352,15603.16,15729.75,15578.68,15598.39,18295.85,18342.05,18167.9,18210.95
28-10-2021,7425.189035,4137.543151,7249.46689,15674.39,15784,15650.01,15778.16,18187.65,18190.7,17799.45,17857.25
29-10-2021,7417.662209,4129.158598,7237.571828,15638.74,15856.9,15638.74,15850.47,17833.05,17915.85,17613.1,17671.65
01-11-2021,7468.814821,4156.483885,7288.624442,15879.61,15910.35,15785.31,15905.28,17783.15,17954.1,17697.1,17929.65
02-11-2021,7471.716437,4148.094441,7274.811339,15885.34,15988.33,15877.27,15972.49,17970.9,18012.25,17847.6,17888.95
03-11-2021,7454.722571,4135.302767,7248.885141,16000.6,16157.6,15950.59,16144.5,17947.95,17988.75,17757.95,17829.2
04-11-2021,7492.769617,4160.898885,7279.914266,16193.22,16387.95,16169.56,16346.24,17935.05,17947.55,17900.6,17916.8
08-11-2021,7520.82443,4172.822116,7300.400522,16351.49,16401.93,16314,16336.03,18040.2,18087.8,17836.1,18068.55
09-11-2021,7510.619334,4155.395305,7274.042607,16389.99,16401.89,16168.63,16219.94,18084.35,18112.6,17983.05,18044.25
10-11-2021,7518.490582,4187.577232,7340.149109,16087.01,16224.51,15905.28,15985.57,17973.45,18061.25,17915,18017.2
11-11-2021,7546.494227,4212.385432,7384.179433,16114.05,16116.25,16019.39,16032.47,17967.45,17971.35,17798.2,17873.6
12-11-2021,7518.772214,4194.894584,7347.909162,16078.13,16218.55,16012.78,16199.89,17977.6,18123,17905.9,18102.75
15-11-2021,7544.290574,4199.118124,7351.86234,16227.01,16256.73,16096.37,16189.12,18140.95,18210.15,18071.3,18109.45
16-11-2021,7515.724455,4184.78864,7326.974848,16170.29,16329.5,16156.69,16309.77,18127.05,18132.65,17958.8,17999.2
17-11-2021,7485.962708,4164.769893,7291.202283,16329.07,16398.95,16276.77,16308.07,17939.35,18022.65,17879.25,17898.65
18-11-2021,7472.230967,4152.7951,7255.961008,16398.76,16501.92,16309.51,16482.97,17890.55,17945.6,17688.5,17764.8
22-11-2021,7429.415551,4147.349899,7255.455615,16644.77,16764.86,16374.78,16380.98,17796.25,17805.25,17280.45,17416.55
23-11-2021,7364.882697,4144.904485,7266.689341,16330.18,16417.5,16121.7,16306.72,17281.75,17553.7,17216.1,17503.35
24-11-2021,7379.813392,4152.433175,7286.317757,16202.26,16370.56,16106.02,16367.81,17550.05,17600.6,17354,17415.05
26-11-2021,7226.967997,4020.384875,7044.030603,16237.41,16302.58,15988.95,16025.58,17338.75,17355.4,16985.7,17026.45
29-11-2021,7261.958984,4057.63209,7109.94539,16263.43,16437.16,16214.56,16399.24,17055.8,17160.7,16782.4,17053.95
30-11-2021,7174.488841,4025.865222,7059.452074,16333.95,16454.56,16073.76,16135.92,17051.15,17324.65,16931.4,16983.2
01-12-2021,7267.568592,4089.185508,7168.683031,16347.96,16427.19,15864,15877.72,17104.4,17213.05,17064.25,17166.9
02-12-2021,7244.94753,4063.887339,7129.210795,15791.3,16066.32,15770.92,15990.76,17183.2,17420.35,17149.3,17401.65
03-12-2021,7231.100291,4059.321416,7122.324382,16039.41,16089.61,15543.31,15712.04,17424.9,17489.8,17180.8,17196.7
06-12-2021,7294.238481,4117.60491,7232.281978,15744.91,15898.59,15557.78,15846.16,17209.05,17216.75,16891.7,16912.25
07-12-2021,7369.477095,4178.757086,7339.896905,16139.56,16343.67,16128.44,16325.66,17044.1,17251.65,16987.75,17176.7
08-12-2021,7392.364186,4177.650262,7337.048166,16313.88,16401.1,16250.39,16394.34,17315.25,17484.6,17308.95,17469.75
09-12-2021,7361.071857,4167.390817,7321.264857,16337.81,16413.28,16141.39,16149.57,17524.4,17543.25,17379.6,17516.85
10-12-2021,7340.545817,4146.900435,7291.780863,16278.3,16339.12,16139,16331.98,17476.05,17534.35,17405.25,17511.3
13-12-2021,7253.203485,4109.330538,7231.444106,16317.9,16332.63,16075.54,16082.55,17619.1,17639.5,17355.95,17368.25
14-12-2021,7235.04375,4100.238055,7218.643194,15877.65,15995.21,15742.8,15914.9,17283.2,17376.2,17225.8,17324.9
15-12-2021,7192.506721,4074.134788,7170.750452,15908.45,16301.27,15746.94,16289.59,17323.65,17351.2,17192.2,17221.4
16-12-2021,7225.01358,4122.090617,7260.61277,16335.03,16340.53,15802.63,15863.94,17373,17379.35,17184.95,17248.4
17-12-2021,7256.862688,4130.941214,7269.920891,15714.54,15960.25,15664.1,15801.46,17276,17298.15,16966.45,16985.2
20-12-2021,7180.004046,4089.840886,7198.034123,15566.83,15662.61,15508.74,15627.64,16824.25,16840.1,16410.2,16614.2
21-12-2021,7269.286991,4144.88498,7297.409509,15794.38,15997.61,15617.48,15986.28,16773.15,16936.4,16688.25,16770.85
22-12-2021,7320.021011,4173.838702,7341.659584,15963.54,16186.25,15947.56,16180.14,16865.55,16971,16819.5,16955.45
23-12-2021,7364.675839,4194.705764,7373.341819,16203.76,16360.75,16188.02,16308.21,17066.8,17118.65,17015.55,17072.6
29-12-2021,7415.929686,4224.77582,7420.688645,16510.63,16548.92,16396.16,16491.01,17220.1,17285.95,17176.65,17213.6
30-12-2021,7431.88924,4217.700365,7403.009132,16485.4,16569.62,16415.12,16429.1,17201.45,17264.05,17146.35,17203.95
31-12-2021,7459.428572,4208.024652,7384.537411,16411.26,16464.62,16317.26,16320.08,17244.5,17400.8,17238.5,17354.05
04-01-2022,7496.652645,4276.176801,7505.151162,16513.87,16513.87,16151.9,16279.73,17681.4,17827.6,17593.55,17805.25
05-01-2022,7485.686315,4277.506193,7516.866766,16190.55,16249.23,15763.84,15771.78,17820.1,17944.7,17748.85,17925.25
06-01-2022,7436.833756,4235.625265,7450.366755,15675.22,15900.6,15608.57,15765.36,17768.5,17797.95,17655.55,17745.9
07-01-2022,7428.636121,4249.432673,7485.283138,15774.13,15835,15526.8,15592.19,17797.6,17905,17704.55,17812.7
10-01-2022,7381.529604,4219.709548,7445.247182,15383.18,15627.92,15165.53,15614.43,17913.3,18017.45,17879.15,18003.3
11-01-2022,7402.474944,4241.879208,7491.37484,15582.72,15848.56,15496.91,15844.12,17997.75,18081.25,17964.4,18055.75
12-01-2022,7450.605782,4270.792364,7551.718301,15955.48,16017.39,15815.95,15905.1,18170.4,18227.95,18128.8,18212.35
13-01-2022,7429.305556,4273.23301,7563.850096,15970.09,15990.38,15468.09,15495.62,18257,18272.25,18163.8,18257.8
14-01-2022,7395.543341,4256.588574,7542.954468,15396.47,15617.18,15396.47,15611.59,18185,18286.95,18119.65,18255.75
18-01-2022,7385.951472,4263.036981,7563.55067,15378.06,15446.3,15182.96,15210.76,18337.2,18350.95,18085.9,18113.05
19-01-2022,7321.009362,4273.791111,7589.660699,15287.25,15382,15038.43,15047.84,18129.2,18129.2,17884.9,17938.4
20-01-2022,7376.872872,4274.517669,7585.005605,15176.38,15347.62,14832.69,14846.46,17921,17943.7,17648.45,17757
21-01-2022,7258.445136,4217.308873,7494.125018,14728.66,14868.45,14432.64,14438.4,17613.7,17707.6,17485.85,17617.15
24-01-2022,7042.348417,4099.161404,7297.148945,14160.91,14532.57,13724.85,14509.58,17575.15,17599.4,16997.85,17149.1
25-01-2022,7077.557108,4139.469254,7371.461529,14237.6,14410.43,14033.81,14149.12,17001.55,17309.15,16836.8,17277.95
27-01-2022,7177.869567,4230.826254,7554.310952,14346.46,14419.45,13972.88,14003.11,17062,17182.5,16866.75,17110.15
28-01-2022,7085.036181,4182.576391,7466.074819,14091.31,14457.78,13880.48,14454.61,17208.3,17373.5,17077.1,17101.95
31-01-2022,7153.385287,4191.814903,7464.369523,14505.07,14934.52,14442.88,14930.05,17301.05,17410,17264.15,17339.85
01-02-2022,7199.577691,4232.477671,7535.784418,14966.6,15034.42,14749.49,15019.68,17529.45,17622.4,17244.55,17576.85
02-02-2022,7245.079394,4257.233452,7583.001266,15173.03,15196.4,14960.85,15139.74,17706.2,17794.6,17674.8,17780
03-02-2022,7176.901692,4222.736701,7528.840922,14693.85,14856.51,14471.2,14501.11,17767.75,17781.15,17511.15,17560.2
04-02-2022,7144.755756,4208.614458,7516.400733,14566.28,14832.05,14452.28,14694.35,17590.2,17617.8,17462.55,17516.3
07-02-2022,7132.615528,4236.87735,7573.470169,14716.43,14813.86,14524.63,14571.25,17456.3,17536.75,17119.4,17213.6
08-02-2022,7129.483117,4233.616308,7567.071702,14533.25,14785.22,14485.78,14747.03,17279.85,17306.45,17043.65,17266.75
09-02-2022,7254.159757,4282.764087,7643.419965,14930.99,15057.9,14870.36,15056.96,17370.1,17477.15,17339,17463.8
10-02-2022,7272.178032,4296.964635,7672.401636,14770.67,15037.26,14636.62,14705.64,17554.1,17639.45,17427.15,17605.85
11-02-2022,7244.089695,4286.378782,7661.018237,14739.46,14769.64,14194.54,14253.84,17451,17454.75,17303,17374.75
14-02-2022,7099.160711,4211.742072,7531.586769,14233.4,14400.78,14119.73,14268.59,17076.15,17099.5,16809.65,16842.8
15-02-2022,7139.94388,4254.77784,7608.917446,14482.11,14624.53,14444.46,14620.82,16933.25,17375,16839.25,17352.45
16-02-2022,7152.680862,4251.960634,7603.780229,14514.84,14647.79,14399.29,14603.64,17408.45,17490.6,17257.7,17322.2
17-02-2022,7119.03013,4212.871421,7537.367655,14485.08,14497.46,14155.43,14171.74,17396.55,17442.9,17235.85,17304.6
18-02-2022,7084.193441,4195.447388,7513.621072,14207.55,14225.72,13918.76,14009.54,17236.05,17380.8,17219.2,17276.3
22-02-2022,6927.924892,4172.345157,7494.205811,13892.81,14109.26,13720.92,13870.53,16847.95,17148.55,16843.8,17092.2
23-02-2022,6937.313254,4169.636029,7498.176351,14016.94,14035.93,13502.58,13509.43,17194.5,17220.7,17027.85,17063.25
24-02-2022,6734.622942,4015.909609,7207.380872,13065.44,13989.1,13065.44,13974.67,16548.9,16705.25,16203.25,16247.95
25-02-2022,6904.775105,4167.090381,7489.456913,13973.9,14193,13850.29,14189.16,16515.65,16748.8,16478.3,16658.4
28-02-2022,6874.989005,4157.773236,7458.253577,14058.61,14296.6,14009.36,14237.81,16481.6,16815.9,16356.3,16793.9
02-03-2022,6848.91459,4134.871104,7429.559838,14075.11,14292.72,13962.69,14243.69,16593.1,16678.5,16478.65,16605.95
03-03-2022,6683.036584,4023.89667,7238.852319,14339.7,14342.56,13965.11,14035.21,16723.2,16768.95,16442.95,16498.05
04-03-2022,6464.977126,3884.434286,6987.139797,13957.6,13992.97,13738.61,13837.83,16339.45,16456,16133.8,16245.35
07-03-2022,6315.341607,3862.391887,6959.476137,13853.53,13879.1,13314.44,13319.38,15867.95,15944.6,15711.45,15863.15
08-03-2022,6383.727979,3867.239771,6964.107945,13275.23,13663.27,13129.4,13267.6,15747.75,16028.75,15671.45,16013.45
09-03-2022,6557.761625,3999.429293,7190.724568,13610.48,13793.11,13504.48,13742.2,16078,16418.05,15990,16345.35
10-03-2022,6552.309203,3954.298326,7099.085079,13577.84,13633.69,13399.46,13591,16757.1,16757.3,16447.9,16594.9
11-03-2022,6618.219207,3988.8966,7155.642557,13701.8,13714.44,13285.19,13301.83,16528.8,16694.4,16470.9,16630.45
14-03-2022,6654.234559,4014.868719,7193.469059,13248.09,13386.67,13020.4,13046.64,16633.7,16887.95,16606.5,16871.3
15-03-2022,6594.77988,3999.121955,7175.698769,13174.97,13488.18,13092.45,13458.56,16900.65,16927.75,16555,16663
16-03-2022,6725.405527,4074.089931,7291.680187,13633.12,13960.25,13475.09,13956.78,16876.65,16987.9,16837.85,16975.35
17-03-2022,6804.573461,4120.166533,7385.337353,13878.99,14125.67,13827.34,14118.6,17202.9,17344.6,17175.75,17287.05
21-03-2022,6866.696744,4148.206526,7442.38642,14377.15,14470.68,14190.53,14376.09,17329.5,17353.35,17096.4,17117.6
22-03-2022,6897.393315,4167.601937,7476.715042,14396.03,14688.97,14385.55,14654.33,17120.4,17334.4,17006.3,17315.5
23-03-2022,6880.780825,4156.602449,7460.633783,14525.22,14681.33,14446.04,14447.55,17405.05,17442.4,17199.6,17245.65
24-03-2022,6854.760979,4155.875011,7467.382693,14529.72,14767.73,14440.67,14765.69,17094.95,17291.75,17091.15,17222.75
25-03-2022,6870.047873,4165.333004,7483.34947,14766.9,14805.88,14577.59,14754.31,17289,17294.9,17076.55,17153
28-03-2022,6887.505772,4164.49607,7473.141624,14763.16,14989.08,14705.92,14987.4,17181.85,17235.1,17003.9,17222
29-03-2022,6989.459198,4208.383605,7537.24922,15142.93,15265.42,15039.61,15239.32,17297.2,17343.65,17235.7,17325.3
30-03-2022,6947.862902,4219.749778,7578.747418,15177.15,15229.01,15010.34,15071.55,17468.15,17522.5,17387.2,17498.25
31-03-2022,6953.305478,4187.779615,7515.680146,15074.23,15088.38,14835.16,14838.49,17519.2,17559.8,17435.2,17464.75
01-04-2022,6944.585791,4199.476267,7537.896526,14886.91,14925.93,14723.83,14861.21,17436.9,17703.7,17422.7,17670.45
04-04-2022,6989.626043,4213.272676,7558.916826,14903.38,15161.89,14884.57,15159.58,17809.1,18114.65,17791.4,18053.4
05-04-2022,6976.36784,4238.740396,7613.722419,15109.27,15120.67,14782.57,14820.64,18080.6,18095.45,17921.55,17957.4
06-04-2022,6923.870012,4218.124605,7587.70275,14600.3,14639.35,14395.4,14498.88,17842.75,17901,17779.85,17807.65
07-04-2022,6899.865303,4199.461774,7551.813536,14469.5,14624.24,14315.69,14531.81,17723.3,17787.5,17623.7,17639.55
08-04-2022,6961.358937,4258.233629,7669.5579,14450.53,14490.19,14307.68,14327.26,17698.15,17842.75,17600.55,17784.35
11-04-2022,6927.849433,4232.531157,7618.305091,14149.6,14187.67,13979.14,13990.21,17740.9,17779.05,17650.95,17674.95
12-04-2022,6921.202089,4210.276838,7576.662609,14175.66,14264.74,13882.75,13940.24,17584.85,17595.3,17442.35,17530.3
13-04-2022,6948.760836,4211.895022,7580.796278,13939.61,14258.81,13919.48,14217.29,17599.9,17663.65,17457.4,17475.65
19-04-2022,6906.090995,4219.724822,7601.276288,13882.75,14236.51,13844.74,14210.26,17258.95,17275.65,16824.7,16958.65
20-04-2022,6911.803758,4236.242105,7629.222473,14246.2,14263.61,13962.86,13998.53,17045.25,17186.9,16978.95,17136.55
21-04-2022,6919.45245,4238.118455,7627.950983,14174.92,14277.21,13682.68,13720.45,17234.6,17414.7,17215.5,17392.6
22-04-2022,6880.258707,4180.648143,7521.679234,13714.63,13769.4,13342.79,13356.87,17242.75,17315.3,17149.2,17171.95
25-04-2022,6795.630993,4106.360177,7380.536719,13275.41,13541.77,13239.73,13533.22,17009.05,17054.3,16888.7,16953.95
26-04-2022,6801.193407,4105.759881,7386.194555,13447.66,13447.66,13009.65,13009.71,17121.3,17223.85,17064.45,17200.8
27-04-2022,6785.259502,4121.701362,7425.607782,13009.4,13241.94,12936.41,13003.36,17073.35,17110.7,16958.45,17038.4
28-04-2022,6822.044251,4165.890249,7509.189593,13254.96,13542.56,13038.17,13456.06,17189.5,17322.5,17071.05,17245.05
04-05-2022,6796.004019,4146.049295,7493.451172,13110.3,13556.67,12887.53,13535.71,17096.6,17132.85,16623.95,16677.6
05-05-2022,6742.717808,4145.571622,7503.272545,13344.79,13344.79,12710.59,12850.55,16854.75,16945.7,16651.85,16682.65
06-05-2022,6657.283433,4083.362587,7387.942329,12776.86,12926.58,12522.77,12693.53,16415.55,16484.2,16340.9,16411.25
09-05-2022,6548.898144,3987.87099,7216.57603,12465.91,12542.32,12136.19,12187.72,16227.7,16403.7,16142.1,16301.85
10-05-2022,6541.120472,4002.218538,7243.221456,12496.84,12537.89,12173.47,12345.86,16248.9,16404.55,16197.3,16240.05
11-05-2022,6596.051844,4058.670435,7347.658322,12240.21,12470.89,11939.09,11967.56,16270.05,16318.75,15992.6,16167.1
12-05-2022,6493.268691,3999.793223,7233.335565,11790.13,12128.73,11692.12,11945.5,16021.1,16041.95,15735.75,15808
13-05-2022,6594.48043,4099.05853,7418.151721,12125.93,12429.28,12069.13,12387.4,15977,16083.6,15740.85,15782.15
16-05-2022,6597.416513,4120.342982,7464.795373,12297.07,12395.51,12196.21,12243.58,15845.1,15977.95,15739.65,15842.3
17-05-2022,6645.576489,4149.875486,7518.353437,12496.63,12572.99,12333.99,12564.1,15912.6,16284.25,15900.8,16259.3
18-05-2022,6677.882709,4110.488338,7438.087138,12352.92,12389.96,11887,11928.31,16318.15,16399.8,16211.2,16240.3
19-05-2022,6561.810349,4038.944162,7302.742928,11872.56,12066.85,11795.79,11875.63,15917.4,15984.75,15775.2,15809.4
20-05-2022,6605.34584,4083.840291,7389.983182,12037.03,12044.7,11492.29,11835.62,16043.8,16283.05,16003.85,16266.15
23-05-2022,6654.173713,4150.28181,7513.443644,11867.36,12047.81,11785.76,12034.28,16290.95,16414.7,16185.75,16214.7
24-05-2022,6589.225437,4126.789719,7484.352669,11807.78,11842.81,11576.11,11769.84,16225.55,16262.8,16078.6,16125.15
25-05-2022,6604.598069,4147.082549,7522.747229,11732.45,12028.89,11714.27,11943.93,16196.35,16223.35,16006.95,16025.8
26-05-2022,6643.054351,4176.594738,7564.92423,11906.83,12337.73,11901.87,12276.79,16105,16204.45,15903.7,16170.15
27-05-2022,6670.360775,4190.214618,7585.458973,12421.8,12682.58,12405.29,12681.42,16296.6,16370.6,16221.95,16352.45
31-05-2022,6685.286917,4201.961184,7607.663589,12688.95,12762.84,12482.32,12642.1,16578.45,16690.75,16521.9,16584.55
01-06-2022,6707.42869,4163.996359,7532.953192,12750.31,12820.47,12457.91,12548.36,16594.4,16649.2,16438.85,16522.75
06-06-2022,6756.155322,4206.233908,7608.224884,12745.89,12804.46,12534.58,12599.63,16530.7,16610.95,16444.55,16569.55
07-06-2022,6749.54359,4198.596315,7598.930594,12456.49,12737.3,12413.56,12711.68,16469.6,16487.25,16347.1,16416.35
08-06-2022,6753.753295,4193.263198,7592.998039,12682.81,12776.65,12578.55,12615.13,16474.95,16514.3,16293.35,16356.25
09-06-2022,6709.859023,4132.158085,7476.210363,12543.37,12666.41,12265.86,12269.78,16263.85,16492.8,16243.85,16478.1
10-06-2022,6617.561322,4046.158654,7317.515046,12052.59,12082.69,11825.35,11832.82,16283.95,16324.7,16172.6,16201.8
13-06-2022,6503.261534,3977.611378,7205.805418,11472.19,11568.65,11254.18,11288.32,15877.55,15886.15,15684,15774.4
14-06-2022,6491.86283,3965.536948,7187.456109,11385.18,11418.22,11205.92,11311.69,15674.25,15858,15659.45,15732.1
15-06-2022,6506.351276,4013.135516,7273.407444,11468.13,11751.29,11346.54,11593.77,15729.25,15783.65,15678.9,15692.15
16-06-2022,6335.943969,3888.273415,7044.97626,11286.87,11311.05,11037.21,11127.57,15832.25,15863.15,15335.1,15360.6
17-06-2022,6368.323794,3881.920207,7016.24848,11172.65,11357.97,11089.93,11265.99,15272.65,15400.4,15183.4,15293.5
21-06-2022,6354.918772,3943.983735,7152.046494,11446.98,11638.47,11446.98,11546.76,15455.95,15707.25,15419.85,15638.8
22-06-2022,6332.02802,3913.284762,7089.218176,11427.74,11708.08,11423.2,11527.71,15545.65,15565.4,15385.95,15413.3
23-06-2022,6260.717127,3874.683634,7020.454346,11622.09,11729.62,11515.48,11697.68,15451.55,15628.45,15367.5,15556.65
24-06-2022,6352.783281,3975.06519,7208.80685,11826.95,12112.82,11812.18,12105.85,15657.4,15749.25,15619.45,15699.25
27-06-2022,6391.056982,4004.234217,7258.319727,12157.93,12175.98,11965.67,12008.24,15926.2,15927.45,15815.5,15832.05
28-06-2022,6417.506002,4035.240405,7323.409078,12021.34,12133.87,11633.13,11637.77,15757.45,15892.1,15710.15,15850.2
29-06-2022,6359.351662,4019.531057,7312.323785,11619.01,11710.21,11537.72,11658.26,15701.7,15861.6,15687.8,15799.1
30-06-2022,6234.366106,3940.901237,7169.275141,11532.32,11650.96,11322.86,11503.72,15774.5,15890,15728.85,15780.25
01-07-2022,6252.207243,3940.030375,7168.653038,11472.63,11592.85,11378.63,11585.68,15703.7,15793.95,15511.05,15752.05
05-07-2022,6182.811827,3863.908315,7025.466749,11419.34,11781.74,11366.07,11779.9,15909.15,16025.75,15785.45,15810.85
06-07-2022,6235.940069,3910.804564,7107.766891,11807.08,11941.31,11727.36,11852.59,15818.2,16011.35,15800.9,15989.8
07-07-2022,6271.132821,3956.980116,7189.077714,11913.73,12137.71,11897.51,12109.05,16113.75,16150.5,16045.95,16132.9
08-07-2022,6265.317222,3961.274621,7196.242752,11977.95,12179.32,11956.03,12125.69,16273.65,16275.5,16157.9,16220.6
11-07-2022,6256.040559,3958.919675,7196.589715,12008.76,12026.06,11830.88,11860.28,16136.15,16248.55,16115.5,16216
12-07-2022,6237.214421,3965.147406,7209.864534,11926.84,11990.44,11684.02,11744.99,16126.2,16158.75,16031.15,16058.3
13-07-2022,6201.971329,3935.815873,7156.368947,11523.91,11819.69,11498.96,11728.53,16128.2,16140,15950.15,15966.65
14-07-2022,6141.18911,3874.7328,7039.808437,11637.18,11801.11,11488.27,11768.4,16018.85,16070.85,15858.2,15938.65
15-07-2022,6206.632383,3940.873209,7159.010583,11896.15,11987.52,11828.13,11983.62,16010.8,16066.95,15927.3,16049.2
18-07-2022,6256.738295,3976.50764,7223.236659,12089.68,12156.09,11836.52,11877.5,16151.4,16287.95,16142.2,16278.5
19-07-2022,6298.296206,4018.63662,7296.280183,12046.69,12258.37,11967.92,12249.42,16187.05,16359.5,16187.05,16340.55
20-07-2022,6371.842228,4009.106709,7264.313957,12269.07,12488.39,12232.2,12439.68,16562.8,16588,16490.95,16520.85
21-07-2022,6371.725701,4021.49895,7270.511169,12466.13,12620.5,12351.42,12619.41,16523.55,16626.95,16483.9,16605.25
22-07-2022,6401.237947,4028.278149,7276.37304,12575.76,12662.86,12322.82,12396.47,16661.25,16752.25,16610.9,16719.45
25-07-2022,6409.448335,4041.308823,7306.295281,12391.21,12415.59,12244.4,12328.41,16662.55,16706.05,16564.25,16631
26-07-2022,6393.659528,4033.748615,7306.279776,12248.21,12259.01,12051.21,12086.9,16632.9,16636.1,16463.3,16483.85
27-07-2022,6406.135961,4055.164914,7348.233122,12299.34,12660.77,12256.94,12601.47,16475.35,16653.45,16438.75,16641.8
28-07-2022,6446.905318,4061.259604,7345.251366,12580.61,12741.83,12433.55,12717.87,16774.85,16947.65,16746.25,16929.6
29-07-2022,6486.630274,4107.013531,7423.432888,12784.2,12986.64,12726.25,12947.97,17079.5,17172.8,17018.15,17158.25
01-08-2022,6501.363655,4100.089199,7413.419936,12877.04,13084.61,12833.16,12940.78,17243.2,17356.25,17154.8,17340.05
02-08-2022,6471.709659,4091.260984,7409.113761,12853.04,13073.27,12809.01,12901.6,17310.15,17390.15,17215.85,17345.45
03-08-2022,6497.153799,4112.776662,7445.675955,12983.58,13289.19,12974.85,13253.26,17349.25,17407.5,17225.85,17388.15
04-08-2022,6510.36409,4118.320447,7448.060298,13253.77,13326.72,13170.44,13311.04,17463.1,17490.7,17161.25,17382
05-08-2022,6520.57365,4111.50635,7439.743704,13107.45,13286.02,13070.36,13207.69,17423.65,17474.4,17348.75,17397.5
08-08-2022,6515.1119,4132.824826,7482.36789,13227.09,13394.54,13103.8,13159.16,17401.5,17548.8,17359.75,17525.1
10-08-2022,6576.053632,4150.676009,7507.105038,13330.66,13386.85,13220.05,13378.32,17566.1,17566.1,17442.8,17534.75
11-08-2022,6627.347403,4131.261928,7465.910439,13471.03,13555.38,13271.35,13291.99,17711.65,17719.3,17631.95,17659
12-08-2022,6619.958304,4149.89614,7500.888861,13384.65,13565.87,13341.65,13565.87,17659.65,17724.65,17597.85,17698.15
16-08-2022,6653.729729,4166.378103,7536.056438,13617.66,13720.91,13508.47,13635.21,17797.2,17839.1,17764.05,17825.25
17-08-2022,6590.283739,4146.487202,7515.753946,13499.24,13591.58,13389.82,13470.86,17868.15,17965.95,17833.35,17944.25
18-08-2022,6612.72064,4162.113522,7541.848772,13474.24,13553.28,13405.74,13505.99,17898.65,17968.45,17852.05,17956.5
19-08-2022,6583.845115,4157.785691,7550.367688,13370.25,13402.61,13210.82,13242.9,17966.55,17992.2,17710.75,17758.45
22-08-2022,6484.623805,4136.513065,7533.794822,13056.39,13073.07,12859.82,12890.54,17682.9,17690.05,17467.35,17490.7
23-08-2022,6402.909148,4108.388591,7488.111384,12885.28,13000.71,12852.7,12881.79,17357.35,17625.55,17345.2,17577.5
24-08-2022,6404.305057,4100.824213,7471.50513,12876.23,12995.14,12843.58,12917.86,17525.45,17623.65,17499.25,17604.95
25-08-2022,6418.189101,4103.346667,7479.742536,12984.74,13146.84,12951.61,13143.58,17679,17726.5,17487.45,17522.45
26-08-2022,6389.753893,4076.320818,7427.307219,13129.91,13175.25,12603.41,12605.17,17619.3,17685.85,17519.35,17558.9
30-08-2022,6351.420982,4045.213023,7361.630472,12562.4,12572.88,12240.82,12342.7,17414.95,17777.65,17401.5,17759.3
01-09-2022,6240.143345,3926.246637,7148.502334,12158.88,12290.33,12012.98,12274.62,17485.7,17695.6,17468.45,17542.8
02-09-2022,6291.278809,3998.477999,7281.187746,12392.46,12451.28,12035.53,12098.44,17598.4,17643.85,17476.45,17539.45
06-09-2022,6256.697256,4005.607047,7300.441369,12106.57,12152.42,11928.81,12011.31,17695.7,17764.65,17587.65,17655.6
07-09-2022,6252.438178,3976.825838,7237.827057,12038.18,12298.12,12026.98,12259.39,17519.4,17650.75,17484.3,17624.4
08-09-2022,6290.635053,3990.562821,7262.061871,12139.57,12374.13,12120.26,12321.19,17748.15,17807.65,17691.95,17798.75
09-09-2022,6342.444057,4041.456089,7351.072117,12424.15,12610.43,12424.15,12588.29,17923.35,17925.95,17786,17833.35
12-09-2022,6416.537706,4108.193866,7473.026676,12649.23,12752.83,12639.76,12739.72,17890.85,17980.55,17889.15,17936.35
13-09-2022,6313.00894,4056.115741,7385.8611,12364.83,12420.01,12004.42,12033.62,18044.45,18088.3,18015.45,18070.05
14-09-2022,6303.572985,3996.829774,7277.297386,12092.03,12170.25,12016.43,12134.4,17771.15,18091.55,17771.15,18003.75
15-09-2022,6314.714325,4000.332829,7282.066451,12034.43,12153.34,11867.88,11927.49,18046.35,18096.15,17861.5,17877.4
16-09-2022,6297.118005,3976.656733,7236.681424,11775.94,11875.09,11710.26,11861.38,17796.8,17820.05,17497.25,17530.85
19-09-2022,6297.118005,3976.656733,7236.681424,11753.6,11956.79,11752.43,11953.27,17540.65,17667.2,17429.7,17622.25
20-09-2022,6250.079376,3947.55891,7192.657208,11855.84,11951.13,11761.69,11851.54,17770.4,17919.3,17744.4,17816.25
21-09-2022,6250.532469,3973.75264,7237.643741,11892.72,12062.52,11636.25,11637.79,17766.35,17838.7,17663.6,17718.35
22-09-2022,6160.970221,3924.913022,7159.519771,11574.32,11617.99,11448.86,11501.65,17609.65,17722.75,17532.45,17629.8
23-09-2022,6095.322607,3848.675857,7018.595612,11398.75,11402.41,11169.66,11311.24,17593.85,17642.15,17291.65,17327.35
26-09-2022,6059.921659,3841.450133,7020.946266,11283.14,11473.36,11235.74,11254.11,17156.3,17196.4,16978.3,17016.3
27-09-2022,5965.301634,3810.441847,6984.586389,11411.34,11502.38,11175.29,11271.75,17110.9,17176.45,16942.35,17007.4
28-09-2022,5953.992762,3820.231309,7005.394429,11258.74,11546.87,11210.81,11493.83,16870.55,17037.6,16820.4,16858.6
29-09-2022,5806.426042,3745.107288,6881.590473,11334.57,11339.91,11038.94,11164.78,16993.6,17026.05,16788.6,16818.1
30-09-2022,5877.583408,3763.477624,6893.809515,11123.11,11296.16,10966.95,10971.22,16798.05,17187.1,16747.7,17094.35
03-10-2022,5874.392137,3773.796955,6908.755698,11059.17,11296.43,10985.01,11229.73,17102.1,17114.65,16855.55,16887.35
04-10-2022,5996.309407,3873.210011,7086.46414,11477.85,11609.25,11462.37,11582.54,17147.45,17287.3,17117.3,17274.3
06-10-2022,5971.270566,3826.390017,6997.267567,11556.4,11660.55,11472.83,11485.5,17379.25,17428.8,17315.65,17331.8
07-10-2022,5927.248669,3814.256689,6991.089543,11272.46,11293.65,10991.66,11039.47,17287.2,17337.35,17216.95,17314.65
10-10-2022,5876.529538,3791.936336,6959.307686,11048.51,11063.21,10824.25,10926.97,17094.35,17280.15,17064.7,17241
11-10-2022,5762.877775,3749.503013,6885.22796,10865.32,10981.91,10716.33,10791.35,17256.05,17261.8,16950.3,16983.55
12-10-2022,5695.804999,3712.499192,6826.147099,10810.3,10886.49,10754.85,10785.62,17025.55,17142.35,16960.05,17123.6
13-10-2022,5678.761561,3732.929851,6850.272997,10481.58,11087.66,10440.64,11033.58,17087.35,17112.35,16956.95,17014.35
14-10-2022,5729.999481,3740.851577,6858.785723,11130.08,11152.89,10677.48,10692.06,17322.3,17348.55,17169.75,17185.7
17-10-2022,5802.447695,3784.453426,6920.242342,10967.25,11090.87,10959.74,11062.53,17144.8,17328.55,17098.55,17311.8
18-10-2022,5803.190531,3792.786546,6936.744735,11368.76,11374.38,11035.8,11147.74,17438.75,17527.8,17434.05,17486.95
19-10-2022,5751.728978,3777.929673,6924.994866,11081.82,11231.46,11008.11,11103.38,17568.15,17607.6,17472.85,17512.25
20-10-2022,5756.440322,3790.949634,6943.91345,11081.22,11279.81,11001.28,11046.71,17423.1,17584.15,17421,17563.95
21-10-2022,5743.378197,3796.88784,6969.727214,10998.17,11327.77,10962.01,11310.33,17622.85,17670.15,17520.75,17576.3
24-10-2022,5738.557578,3820.961145,7013.98896,11321.11,11468.18,11166.49,11430.26,17736.35,17777.55,17707.4,17730.75
25-10-2022,5820.820276,3837.26933,7013.484035,11482.87,11681.85,11480.41,11669.99,17808.3,17811.5,17637,17656.35
27-10-2022,5875.95704,3873.274628,7073.687249,11387.71,11417.04,11179.9,11191.63,17771.4,17783.9,17654.5,17736.95
28-10-2022,5839.188527,3855.745215,7047.67035,11176.99,11563.16,11176.99,11546.21,17756.4,17838.9,17723.7,17786.8
31-10-2022,5852.313731,3876.475339,7094.5294,11465.21,11482.99,11331.26,11405.57,17910.2,18022.8,17899.9,18012.2
01-11-2022,5922.736518,3928.750066,7186.162673,11571.53,11574.39,11278.28,11288.95,18130.7,18175.8,18060.15,18145.4
02-11-2022,5905.866323,3910.007913,7144.140306,11300.27,11410.91,10903.48,10906.34,18177.9,18178.75,18048.65,18082.85
03-11-2022,5901.512945,3926.865796,7188.62601,10769.43,10852.18,10680.83,10690.6,17968.35,18106.3,17959.2,18052.7
04-11-2022,5979.542138,4001.840606,7334.835703,10911.98,10934.62,10632.39,10857.03,18053.4,18135.1,18017.15,18117.15
07-11-2022,6004.504749,3993.085706,7299.988697,10900.83,11001.16,10817.59,10977,18211.75,18255.5,18064.75,18202.8
09-11-2022,6005.097469,3994.134942,7296.252663,10971.43,11012.66,10790.35,10797.55,18288.25,18296.4,18117.5,18157
10-11-2022,6137.131166,4054.686505,7375.341653,11350.42,11612.2,11235.74,11605.96,18044.35,18103.1,17969.4,18028.2
11-11-2022,6191.42283,4036.844277,7318.042302,11604.36,11840.07,11535.56,11817.01,18272.35,18362.3,18259.35,18349.7
14-11-2022,6211.824353,4067.927268,7385.166557,11728.11,11863.82,11669.1,11700.94,18376.4,18399.45,18311.4,18329.15
15-11-2022,6224.581668,4055.875896,7369.435068,12006.45,12024.95,11735.4,11871.15,18362.75,18427.95,18282,18403.4
16-11-2022,6155.519862,4035.87428,7351.186683,11767.42,11796.99,11673.14,11699.09,18398.25,18442.15,18344.15,18409.65
17-11-2022,6146.883418,4033.917614,7346.538678,11521.64,11737.61,11519.38,11676.86,18358.7,18417.6,18312.95,18343.9
18-11-2022,6146.500338,4056.589263,7385.524291,11791.85,11794.68,11579.64,11677.02,18382.95,18394.6,18209.8,18307.65
21-11-2022,6168.705287,4057.013581,7376.847885,11623.35,11664.94,11524.44,11553.45,18246.4,18262.3,18133.35,18159.95
22-11-2022,6195.777277,4092.330607,7452.838437,11590.83,11731.76,11503.34,11724.84,18179.15,18261.85,18137.7,18244.2
23-11-2022,6201.206466,4100.463925,7465.236946,11725.08,11866.42,11722.01,11838.72,18325.2,18325.4,18246,18267.25
25-11-2022,6243.188635,4112.307463,7486.670623,11777.33,11803.91,11748.79,11756.03,18528.45,18534.9,18445.1,18512.75
28-11-2022,6225.916897,4098.493532,7474.015362,11684.07,11764.83,11555.26,11587.75,18430.55,18614.25,18365.6,18562.75
29-11-2022,6211.33846,4112.295576,7511.995485,11590.3,11613.33,11450.34,11503.45,18552.45,18678.1,18552.15,18618.05
30-11-2022,6226.461568,4139.653952,7573.050697,11505.74,12031.34,11481.89,12030.06,18625.7,18816.05,18616.55,18758.35
01-12-2022,6254.951404,4141.035442,7558.488381,12030.24,12115.34,11928.66,12041.89,18871.95,18887.6,18778.2,18812.5
02-12-2022,6267.833301,4138.805667,7556.22713,11845.53,12027.62,11825.53,11994.26,18752.4,18781.95,18639.2,18696.1
05-12-2022,6284.801061,4143.206975,7567.540069,11899.54,11957.36,11732.15,11786.8,18719.55,18728.6,18591.35,18701.05
06-12-2022,6243.919531,4114.475824,7521.387441,11775.2,11790.93,11488.6,11549.69,18600.65,18654.9,18577.9,18642.75
07-12-2022,6187.625035,4093.684947,7489.193695,11490.99,11577.69,11431.96,11497.39,18638.85,18668.3,18528.4,18560.5
08-12-2022,6161.781882,4082.237037,7472.169511,11543.68,11672.14,11470.68,11637.5,18570.85,18625,18536.95,18609.35
09-12-2022,6179.601349,4087.385093,7476.633798,11594.38,11707.09,11550.31,11563.33,18662.4,18664.7,18410.1,18496.6
12-12-2022,6152.012815,4070.003971,7445.973381,11572.26,11707.71,11529.41,11706.44,18402.15,18521.55,18345.7,18497.15
13-12-2022,6211.718148,4105.094435,7502.890351,12141.24,12166.41,11724.9,11834.21,18524.4,18617.25,18490.2,18608
14-12-2022,6200.585662,4100.258349,7495.932032,11824.54,11941.28,11617.41,11740.92,18671.25,18696.1,18632.9,18660.3
15-12-2022,6171.460904,4063.587101,7426.173141,11573.38,11591.33,11300.35,11345.22,18614.4,18652.9,18387.7,18414.9
16-12-2022,6116.554613,4010.485537,7332.122303,11313.64,11383.39,11175.54,11243.72,18319.1,18440.95,18255.15,18269
19-12-2022,6130.488785,4025.867498,7361.313201,11243,11251.57,11029.77,11084.59,18288.1,18431.65,18244.55,18420.45
20-12-2022,6128.918558,4026.909915,7370.619928,11023.47,11143.62,10967.07,11072.42,18340.3,18404.9,18202.65,18385.3
21-12-2022,6191.053783,4095.418218,7497.3192,11110.65,11285.77,11083.36,11235.88,18435.15,18473.35,18162.75,18199.1
22-12-2022,6173.842167,4079.253447,7469.276108,11099.36,11114.23,10784.02,10956.14,18288.8,18318.75,18068.6,18127.35
23-12-2022,6211.90045,4083.658328,7473.009182,10911.04,11007.09,10830.9,10985.45,17977.65,18050.45,17779.5,17806.8
28-12-2022,6221.969985,4096.536864,7497.187923,10807.12,10898.64,10671.19,10679.34,18084.75,18173.1,18068.35,18122.5
29-12-2022,6245.478093,4107.389053,7512.722448,10800.8,10981.06,10776.62,10951.05,18045.7,18229.7,17992.8,18191
30-12-2022,6240.027788,4075.125141,7451.737763,10835.59,10942.9,10778.64,10939.76,18259.1,18265.25,18080.3,18105.3
03-01-2023,6303.176765,4131.405028,7554.08744,11038.42,11093.1,10770.93,10862.64,18163.2,18251.95,18149.8,18232.55
04-01-2023,6351.804944,4154.165544,7585.194133,10949.34,10981.46,10785.53,10914.8,18230.65,18243,18020.6,18042.95
05-01-2023,6369.16836,4178.674606,7633.450841,10837.25,10842.33,10728.26,10741.22,18101.95,18120.3,17892.6,17992.15
06-01-2023,6399.679637,4210.581675,7699.489454,10807.45,11082.59,10696.42,11040.35,18008.05,18047.4,17795.55,17859.45
09-01-2023,6401.038383,4221.459995,7724.936713,11133.07,11304.84,11085.32,11108.44,17952.55,18141.4,17936.15,18101.2
10-01-2023,6371.117497,4204.392249,7694.488815,11069.05,11207.56,11050.68,11205.78,18121.3,18127.6,17856,17914.15
11-01-2023,6411.925035,4222.938685,7724.984201,11259.16,11403.89,11220.75,11402.52,17924.25,17976.35,17824.35,17895.7
12-01-2023,6450.2841,4264.754933,7794.039171,11441.45,11500.86,11246.02,11459.61,17920.85,17945.8,17761.65,17858.2
13-01-2023,6478.271459,4291.437628,7844.069939,11362.13,11547.96,11347.6,11541.48,17867.5,17999.35,17774.25,17956.6
17-01-2023,6481.7873,4294.528175,7851.028959,11531.54,11615.95,11484.02,11557.19,17922.8,18072.05,17886.95,18053.3
18-01-2023,6464.304492,4283.231611,7830.698229,11636.61,11690.27,11403.31,11410.29,18074.3,18183.75,18032.45,18165.35
19-01-2023,6419.787854,4234.85797,7747.285418,11345.19,11388.46,11251.94,11295.67,18119.8,18155.2,18063.75,18107.85
20-01-2023,6464.520977,4250.100064,7770.59249,11363.85,11623.2,11329.54,11619.03,18115.6,18145.45,18016.2,18027.65
23-01-2023,6492.198403,4259.956284,7784.668358,11652,11918.86,11617.83,11872.54,18118.45,18162.6,18063.45,18118.55
24-01-2023,6512.645189,4249.399418,7757.356112,11802.95,11889.37,11780.07,11846.64,18183.95,18201.25,18078.65,18118.3
25-01-2023,6494.182417,4241.852184,7744.870805,11636.01,11841.81,11550.07,11814.69,18093.35,18100.6,17846.15,17891.95
27-01-2023,6550.430522,4258.971647,7765.154493,12000.21,12248.15,11999.87,12166.6,17877.2,17884.75,17493.55,17604.35
30-01-2023,6556.730091,4265.156344,7784.868709,12047.16,12087.68,11906.11,11912.39,17541.95,17709.15,17405.55,17648.95
31-01-2023,6500.187743,4255.724161,7771.703468,11915.94,12104.13,11915.94,12101.93,17731.45,17735.7,17537.55,17662.15
01-02-2023,6539.732451,4252.850936,7761.112625,12087.92,12458.87,12010.73,12363.1,17811.6,17972.2,17353.4,17616.3
02-02-2023,6641.594129,4302.893979,7820.162976,12655.18,12880.98,12600.76,12803.14,17517.1,17653.9,17445.95,17610.4
03-02-2023,6645.6781,4339.713539,7901.796391,12520.95,12828.71,12520.95,12573.36,17721.75,17870.3,17584.2,17854.05
06-02-2023,6613.625166,4303.897277,7836.706197,12468.8,12558.87,12411.88,12464.51,17818.55,17823.7,17698.35,17764.6
07-02-2023,6596.470647,4309.872032,7864.708975,12474.95,12771.59,12419.71,12728.27,17790.1,17811.15,17652.55,17721.5
08-02-2023,6606.719682,4322.830913,7885.166229,12680.03,12709.45,12471.11,12495.38,17750.3,17898.7,17744.15,17871.7
09-02-2023,6616.001994,4334.087994,7911.145921,12677.54,12679.54,12327.44,12381.17,17885.5,17916.9,17779.8,17893.45
10-02-2023,6573.369754,4312.885768,7882.450057,12306.59,12375.72,12204.21,12304.92,17847.55,17876.95,17801,17856.5
13-02-2023,6587.901964,4345.773209,7947.596325,12356.5,12522.78,12313.45,12502.31,17859.1,17880.7,17719.75,17770.9
14-02-2023,6563.941968,4345.083898,7953.852609,12413.1,12627.4,12356.32,12590.89,17840.35,17954.55,17800.05,17929.85
15-02-2023,6562.176839,4369.803117,7997.829538,12531.6,12689.34,12486.42,12687.89,17896.6,18034.1,17853.8,18015.85
16-02-2023,6597.471227,4377.361638,8012.52553,12495.07,12653.4,12440,12442.48,18094.75,18134.75,18000.65,18035.85
17-02-2023,6563.760469,4370.318331,8004.355117,12352.3,12385.52,12233.79,12358.18,17974.85,18034.25,17884.6,17944.2
21-02-2023,6475.879856,4349.61848,7977.745896,12205.21,12257.06,12058.23,12060.3,17905.8,17924.9,17800.3,17826.7
22-02-2023,6457.108294,4322.64657,7930.625314,12085.67,12156.21,12006.04,12066.27,17755.35,17772.5,17529.45,17554.3
23-02-2023,6480.265781,4315.820153,7907.723371,12224.44,12227.4,12003.31,12180.14,17574.65,17620.05,17455.4,17511.25
24-02-2023,6454.169401,4299.288852,7878.662514,11979.8,12018.32,11900.84,11969.65,17591.35,17599.75,17421.8,17465.8
27-02-2023,6482.682415,4331.257367,7935.114217,12106.79,12159.64,12034.61,12057.79,17428.6,17451.6,17299,17392.7
28-02-2023,6460.991471,4304.479336,7876.275931,12041.75,12146.52,12021.32,12042.12,17383.25,17440.45,17255.2,17303.95
01-03-2023,6454.547721,4321.100785,7914.927848,12026.72,12054.48,11906.58,11938.57,17360.1,17467.75,17345.25,17450.9
02-03-2023,6463.641205,4334.01151,7944.039623,11830.09,12074.59,11830.09,12044.87,17421.5,17445.8,17306,17321.9
03-03-2023,6507.257063,4338.326341,7947.106577,12110.71,12300.46,12095.24,12290.81,17451.25,17644.75,17427.7,17594.35
06-03-2023,6515.058471,4334.660608,7929.794469,12344.65,12466.88,12297.57,12302.48,17680.35,17799.95,17671.95,17711.45
08-03-2023,6440.53316,4327.191129,7929.915668,12181.06,12237.72,12102.28,12215.33,17665.75,17766.5,17602.25,17754.4
09-03-2023,6381.740811,4298.633952,7879.97838,12230.84,12340.45,11970.34,11995.88,17772.05,17772.35,17573.6,17589.6
10-03-2023,6264.309831,4226.462306,7748.346603,12001.7,12069.62,11789.86,11830.28,17443.8,17451.5,17324.35,17412.9
13-03-2023,6162.340528,4117.465289,7548.632649,11752.1,12073.95,11695.41,11923.17,17421.9,17529.9,17113.45,17154.3
14-03-2023,6212.459738,4167.884475,7637.106309,12078.46,12217.87,12035.22,12199.79,17160.55,17224.65,16987.1,17043.3
15-03-2023,6099.311569,4016.995531,7344.449672,12083.24,12269.45,12026.18,12251.32,17166.45,17211.35,16938.9,16972.15
16-03-2023,6123.345281,4051.380619,7410.031738,12211.87,12595.69,12190.65,12581.39,16994.65,17062.45,16850.15,16985.6
17-03-2023,6063.98376,4007.656681,7335.395104,12570.16,12674.34,12444.08,12519.88,17111.8,17145.8,16958.15,17100.05
20-03-2023,6046.821699,4039.435069,7403.848793,12487.79,12578.35,12407.82,12562.61,17066.6,17066.6,16828.35,16988.4
21-03-2023,6089.165764,4109.204508,7536.220487,12643.35,12762.45,12582.76,12741.44,17060.4,17127.7,17016,17107.5
22-03-2023,6097.036396,4122.69983,7566.841269,12742.41,12943.62,12563.78,12567.15,17177.45,17207.25,17107.85,17151.9
23-03-2023,6084.424079,4090.897841,7499.601252,12735.6,12900.1,12611.67,12729.23,17097.4,17205.4,17045.3,17076.9
24-03-2023,6021.599383,4039.725994,7405.448905,12700.51,12770.28,12608.15,12767.05,17076.2,17109.45,16917.35,16945.05
27-03-2023,6016.846281,4071.070226,7471.771253,12797.9,12839.42,12647.94,12673.07,16984.3,17091,16918.55,16985.7
28-03-2023,5997.844557,4072.457947,7484.247746,12654.91,12654.91,12517.87,12610.57,17031.75,17061.75,16913.75,16951.7
29-03-2023,6026.350692,4116.625906,7564.274977,12768.14,12867.32,12734.68,12846.03,16977.3,17126.15,16940.6,17080.7
31-03-2023,6120.249575,4157.883982,7631.73773,12968.96,13188.83,12968,13181.35,17210.35,17381.6,17204.65,17359.75
03-04-2023,6147.799924,4175.711768,7673.002666,13084.1,13157.47,13036.55,13148.35,17427.95,17428.05,17312.75,17398.05
05-04-2023,6074.637505,4161.55542,7662.944633,13056.79,13065.28,12894.44,12967.2,17422.3,17570.55,17402.7,17557.05
06-04-2023,6106.553902,4203.910218,7741.561893,12892.9,13078.1,12846.03,13062.6,17533.85,17638.7,17502.85,17599.15
11-04-2023,6146.417777,4229.532655,7785.718865,13040.49,13049.56,12947.66,12964.15,17704.8,17748.75,17655.15,17722.3
12-04-2023,6144.338072,4248.794376,7824.841818,13043.97,13071.98,12833.31,12848.35,17759.55,17825.75,17717.25,17812.4
13-04-2023,6180.334399,4259.877672,7843.380195,12922.9,13124.41,12920.02,13109.39,17807.3,17842.15,17729.65,17828
17-04-2023,6216.57086,4283.514151,7879.506383,13053.26,13105.68,12981.26,13087.71,17863,17863,17574.05,17706.85
18-04-2023,6210.303446,4297.387656,7909.435854,13180.31,13196.18,13044.21,13091.79,17766.6,17766.6,17610.2,17660.15
19-04-2023,6194.829467,4289.382396,7898.766527,12992.51,13128.25,12988.2,13088.71,17653.35,17666.15,17579.85,17618.75
20-04-2023,6188.962974,4289.0867,7902.611666,12962.29,13107.92,12933.8,12985.98,17638.6,17684.45,17584.35,17624.45
21-04-2023,6178.525334,4298.242482,7914.132626,12970.32,13030.85,12899.64,13000.77,17639.75,17663.2,17553.95,17624.05
24-04-2023,6168.031399,4295.892289,7912.197868,12981.71,13044.22,12883.77,12969.76,17707.55,17754.5,17612.5,17743.4
25-04-2023,6168.713551,4285.928335,7891.134802,12905.09,12933.28,12724.24,12725.11,17761.55,17807.45,17716.85,17769.25
26-04-2023,6156.670049,4267.923511,7852.640242,12866.64,12929.62,12783.42,12806.48,17767.3,17827.75,17711.2,17813.6
27-04-2023,6159.044789,4259.551432,7831.578275,12963.21,13175.62,12938.5,13160.03,17813.1,17931.6,17797.9,17915.05
28-04-2023,6228.087515,4283.829267,7870.568001,13139.35,13247.39,13096.94,13245.99,17950.4,18089.15,17885.3,18065
02-05-2023,6214.073901,4235.673316,7773.025818,13225.48,13241.53,13046.79,13113.66,18124.8,18180.25,18101.75,18147.65
03-05-2023,6217.261097,4244.290834,7788.365697,13123.1,13231.71,13026.04,13030.21,18113.8,18116.35,18042.4,18089.85
04-05-2023,6202.885431,4201.23094,7702.638523,13014.07,13064.02,12938.45,12982.48,18081,18267.45,18066.7,18255.8
05-05-2023,6219.293925,4242.396243,7778.377115,13070.7,13291.11,13059.91,13259.13,18117.3,18216.95,18055.45,18069
09-05-2023,6255.480684,4231.117152,7764.094646,13228.64,13254.81,13193.88,13201.11,18303.4,18344.2,18229.65,18265.95
10-05-2023,6244.401566,4220.424699,7741.326908,13308.41,13384.42,13204.79,13347.83,18313.6,18326.75,18211.95,18315.1
11-05-2023,6239.183761,4215.221691,7730.584493,13376.85,13411.7,13306.08,13389.78,18357.8,18389.7,18270.4,18297
12-05-2023,6253.286193,4224.064073,7754.620854,13407.02,13427.42,13256.56,13340.18,18273.75,18342.75,18194.55,18314.8
15-05-2023,6266.580583,4236.955506,7777.701794,13352.26,13419.81,13297.85,13413.51,18339.3,18458.9,18287.9,18398.85
16-05-2023,6237.79741,4224.760017,7751.083844,13385.37,13498.44,13384.77,13426.01,18432.35,18432.35,18264.35,18286.5
17-05-2023,6229.872511,4210.171158,7723.234406,13474.52,13608.33,13419.35,13589.26,18300.45,18309,18115.35,18181.75
18-05-2023,6233.429396,4221.451919,7742.304662,13608.95,13844.76,13606.81,13834.62,18287.5,18297.2,18104.85,18129.95
19-05-2023,6259.904742,4228.250581,7756.874157,13842.69,13874.42,13763.9,13803.49,18186.15,18218.1,18060.4,18203.4
22-05-2023,6254.253761,4234.141355,7770.99343,13805.33,13893.71,13792.97,13849.74,18201.1,18335.25,18178.85,18314.4
23-05-2023,6247.087962,4228.38456,7762.951777,13773.68,13827.1,13662.91,13672.54,18362.9,18419.75,18324.2,18348
24-05-2023,6179.356331,4156.824227,7627.103949,13589.02,13655.73,13520.92,13604.48,18294.8,18392.6,18262.95,18285.4
25-05-2023,6177.265859,4128.330927,7570.869823,13920.89,13986.87,13812.18,13938.53,18268.9,18338.1,18202.4,18321.15
26-05-2023,6166.557721,4152.53844,7627.202608,13990.55,14329.49,13982.16,14298.41,18368.35,18508.55,18333.15,18499.35
30-05-2023,6161.752425,4104.753501,7522.073176,14465.59,14520.17,14301.08,14354.99,18606.65,18662.45,18575.5,18633.85
31-05-2023,6119.526646,4066.801617,7446.13525,14293.56,14375.38,14216.16,14254.09,18594.2,18603.9,18483.85,18534.4
01-06-2023,6150.460535,4090.639434,7490.270091,14269.09,14493.31,14219.94,14441.51,18579.4,18580.3,18464.55,18487.75
02-06-2023,6246.610815,4155.370092,7607.280214,14517.08,14595.81,14442.15,14546.64,18550.85,18573.7,18478.4,18534.1
05-06-2023,6242.352788,4150.887822,7599.985942,14550.13,14662.95,14516.88,14556.5,18612,18640.15,18582.8,18593.85
06-06-2023,6263.044653,4167.199785,7628.100079,14526.1,14593.5,14476.99,14558.09,18600.8,18622.75,18531.6,18599
07-06-2023,6262.892148,4163.516572,7624.33624,14573.27,14647.91,14283.88,14303.29,18665.6,18738.95,18636,18726.4
08-06-2023,6261.928102,4150.897186,7599.740076,14319.24,14503.31,14314.69,14484.54,18725.35,18777.9,18615.6,18634.55
09-06-2023,6262.339773,4133.319558,7562.363893,14574.24,14672.85,14487.48,14528.36,18655.9,18676.65,18555.4,18563.4
12-06-2023,6281.493845,4140.416501,7570.691644,14617.35,14789.6,14571.36,14784.3,18595.05,18633.6,18559.75,18601.5
13-06-2023,6287.550345,4151.46302,7594.777381,14911.26,14931.83,14770.14,14900.85,18631.8,18728.9,18631.8,18716.15
14-06-2023,6266.097284,4154.384761,7602.743115,14894.1,15017.1,14784.62,15005.69,18744.6,18769.7,18690,18755.9
15-06-2023,6263.828068,4161.922347,7628.257396,14949.7,15246.62,14930.12,15185.48,18774.45,18794.1,18669.05,18688.1
16-06-2023,6252.961924,4168.117646,7642.723604,15272.65,15284.65,15073.45,15083.92,18723.3,18864.7,18710.5,18826
20-06-2023,6219.681668,4125.405797,7569.305091,15036.48,15127.42,14946.72,15070.15,18752.35,18839.7,18660.65,18816.7
21-06-2023,6214.076281,4115.409097,7559.183234,15019.01,15038.9,14826.02,14867.45,18849.4,18875.9,18794.85,18856.85
22-06-2023,6157.606717,4081.033161,7502.026361,14797.89,15044.22,14794.95,15042.32,18853.6,18886.6,18759.5,18771.25
23-06-2023,6093.220444,4053.646429,7461.866434,14879.23,14983.73,14821.81,14891.48,18741.85,18756.4,18647.1,18665.5
26-06-2023,6069.168894,4046.841047,7453.583944,14866.66,14982.82,14687.02,14689.02,18682.35,18722.05,18646.7,18691.2
27-06-2023,6076.02257,4052.970988,7461.456632,14751.57,14972.31,14726.75,14945.91,18748.55,18829.25,18714.25,18817.4
28-06-2023,6116.832027,4082.271722,7500.486893,14876.25,15051.08,14865.81,14964.57,18908.15,19011.25,18861.35,18972.1
30-06-2023,6094.226201,4096.257968,7531.52703,15085.24,15213.75,15081.57,15179.21,19076.85,19201.7,19024.6,19189.05
03-07-2023,6133.799718,4097.653115,7527.25939,15190.54,15232.96,15153.6,15208.69,19246.5,19345.1,19234.4,19322.55
05-07-2023,6141.468065,4055.32718,7442.096386,15165.36,15275.18,15162.66,15203.78,19405.95,19421.6,19339.6,19398.5
06-07-2023,6029.419171,3965.250361,7280.501108,15054.1,15106.45,14969.14,15089.45,19385.7,19512.2,19373,19497.3
07-07-2023,6027.615758,3957.081706,7256.939551,15070.5,15210.63,15032.56,15036.85,19422.8,19523.6,19303.6,19331.8
10-07-2023,6045.95576,3965.79576,7273.787494,15031.95,15066.44,14924.64,15045.64,19400.35,19435.85,19327.1,19355.9
11-07-2023,6045.635992,3973.177824,7282.519636,15068.13,15135.29,14974.16,15119.06,19427.1,19515.1,19406.45,19439.4
12-07-2023,6090.530605,4048.294431,7416.10765,15279.35,15364.09,15209.71,15307.23,19497.45,19507.7,19361.75,19384.3
13-07-2023,6114.5541,4061.266953,7440.210522,15432.48,15602.74,15420.71,15571.98,19495.2,19567,19385.8,19413.75
14-07-2023,6098.473935,4056.481306,7434.569527,15610,15720.06,15531,15565.6,19493.45,19595.35,19433.5,19564.5
17-07-2023,6068.345908,4038.231955,7406.41682,15608.28,15745.67,15576.51,15713.28,19612.15,19731.85,19562.95,19711.45
18-07-2023,6099.312238,4066.800905,7453.688301,15671.72,15895.68,15607.71,15841.35,19787.5,19819.45,19690.2,19749.25
19-07-2023,6223.547408,4151.538225,7588.20456,15888.16,15932.05,15781.96,15826.35,19802.95,19851.7,19727.45,19833.15
20-07-2023,6239.759241,4177.937579,7646.046467,15717.67,15771.84,15429.87,15466.09,19831.7,19991.85,19758.4,19979.15
21-07-2023,6233.535424,4182.577924,7663.732117,15554.95,15600.54,15410.57,15425.67,19800.45,19887.4,19700,19745
24-07-2023,6222.926012,4187.545754,7678.592647,15475.15,15504.67,15374.66,15448.02,19748.45,19782.75,19658.3,19672.35
25-07-2023,6266.02734,4194.389468,7691.804443,15483.06,15622.69,15482.04,15561.42,19729.35,19729.35,19615.95,19680.6
26-07-2023,6253.147545,4188.477258,7676.892863,15514.04,15571.16,15411.91,15499.26,19733.35,19825.6,19716.7,19778.3
27-07-2023,6274.349679,4198.686512,7692.764594,15734.03,15795.51,15416.05,15464.93,19850.9,19867.55,19603.55,19659.9
28-07-2023,6294.205318,4195.165453,7694.273059,15630.17,15788.48,15617.75,15750.93,19659.75,19695.9,19563.1,19646.05
31-07-2023,6287.877895,4198.016946,7699.413625,15774.3,15803.55,15702.74,15757,19666.35,19772.75,19597.6,19753.8
01-08-2023,6283.054126,4180.410513,7666.271884,15696.98,15748.43,15636.57,15718.01,19784,19795.6,19704.6,19733.55
02-08-2023,6228.20373,4124.039429,7561.631491,15561.15,15561.36,15321.44,15370.74,19655.4,19678.25,19423.55,19526.55
03-08-2023,6213.832762,4109.586777,7529.16488,15287.77,15436.59,15270.72,15353.54,19463.75,19537.65,19296.45,19381.65
04-08-2023,6251.033046,4129.316566,7564.373447,15420.74,15523.31,15258.69,15274.92,19462.8,19538.85,19436.45,19517
07-08-2023,6221.531741,4122.145119,7554.491404,15355.62,15410.85,15258.92,15407.85,19576.85,19620.45,19524.8,19597.3
08-08-2023,6186.063169,4108.611414,7527.419832,15279.41,15295.8,15148.25,15273.05,19627.2,19634.4,19533.1,19570.85
09-08-2023,6215.349957,4139.356987,7587.298317,15286.99,15288.76,15077.91,15101.71,19578.8,19645.5,19467.5,19632.55
10-08-2023,6234.066966,4155.678829,7618.598044,15217.29,15366.29,15072.49,15128.84,19605.55,19623.6,19495.4,19543.1
11-08-2023,6191.191695,4105.928731,7524.156142,15010.52,15102.53,14973.67,15028.07,19554.25,19557.75,19412.75,19428.3
14-08-2023,6178.585895,4096.799207,7507.154707,14988.42,15206.26,14972.01,15205.59,19383.95,19465.85,19257.9,19434.55
16-08-2023,6113.96721,4021.570228,7356.884324,15021.63,15077.05,14874.02,14876.47,19369,19482.75,19317.2,19465
17-08-2023,6079.068911,3992.883109,7310.208153,14943.34,14949.58,14698.29,14715.81,19450.55,19461.55,19326.25,19365.25
18-08-2023,5997.406671,3961.941205,7262.429578,14589.71,14744.57,14557.83,14694.84,19301.75,19373.8,19253.6,19310.15
21-08-2023,5967.195782,3953.401764,7257.815956,14762.01,14958.87,14739.37,14936.69,19320.65,19425.95,19296.3,19393.6
22-08-2023,5998.343397,3963.583121,7270.762811,15035.07,15037.79,14883.98,14908.96,19417.1,19443.5,19381.3,19396.45
23-08-2023,6030.348632,3992.963407,7320.532343,14947.58,15188.86,14947.58,15148.06,19439.2,19472.05,19366.6,19444
24-08-2023,6007.950849,3997.660129,7333.630379,15278.93,15279.24,14814.83,14816.44,19535.15,19584.45,19369,19386.7
25-08-2023,6011.1134,3998.052469,7338.581161,14858.93,15001.29,14715.36,14941.83,19297.4,19339.55,19229.7,19265.8
29-08-2023,6081.944517,4067.195632,7464.991746,15043.02,15391.56,15034.54,15376.55,19374.85,19377.9,19309.1,19342.65
30-08-2023,6090.952993,4074.203027,7473.667784,15386.67,15484.83,15341.94,15462.43,19433.45,19452.8,19334.75,19347.45
31-08-2023,6083.841721,4059.529536,7439.129784,15475.43,15575.01,15466.41,15501.07,19375.55,19388.2,19223.65,19253.8
01-09-2023,6092.182033,4069.205612,7464.536273,15600.95,15618.85,15429.36,15490.86,19258.15,19458.55,19255.7,19435.3
05-09-2023,6101.091438,4055.781357,7437.928377,15460.52,15556.85,15419.96,15508.24,19564.65,19587.05,19525.75,19574.9
06-09-2023,6068.452268,4048.699518,7426.141885,15467.32,15487,15289.48,15371.44,19581.2,19636.45,19491.5,19611.05
07-09-2023,6056.736823,4053.602838,7441.724657,15174.22,15288.2,15138.73,15258.52,19598.65,19737,19550.05,19727.05
08-09-2023,6059.976555,4072.74437,7478.186449,15265.57,15374.22,15244.06,15280.23,19774.8,19867.15,19728.05,19819.95
11-09-2023,6069.494552,4083.232819,7496.870892,15409.77,15482.84,15328.35,15461.87,19890,20008.15,19865.35,19996.35
12-09-2023,6075.940369,4097.96507,7527.526744,15390.59,15447.85,15278.88,15289.74,20110.15,20110.35,19914.65,19993.2
13-09-2023,6079.406282,4097.894687,7525.991735,15293.27,15414.61,15256.6,15348.53,19989.5,20096.9,19944.1,20070
14-09-2023,6109.284258,4175.912441,7673.080962,15433.01,15512.82,15337.18,15473.89,20127.95,20167.65,20043.45,20103.1
15-09-2023,6128.228255,4190.408035,7711.384992,15425.95,15435.45,15173.71,15202.4,20156.45,20222.45,20129.7,20192.35
18-09-2023,6097.519797,4152.91326,7652.943938,15161.17,15268.96,15155.46,15225.37,20155.95,20195.35,20115.7,20133.3
20-09-2023,6156.437984,4197.779979,7731.652489,15225.34,15245.19,14967.6,14969.92,19980.75,20050.65,19878.85,19901.4
21-09-2023,6143.160101,4171.066534,7678.617398,14813.48,14849.25,14691.69,14694.24,19840.55,19848.75,19709.95,19742.35
22-09-2023,6137.25553,4172.443824,7683.907723,14756.62,14855.92,14686.84,14701.1,19744.85,19798.65,19657.5,19674.25
25-09-2023,6127.971463,4139.085988,7623.985735,14662.69,14771.12,14615.45,14768.9,19678.2,19734.15,19601.55,19674.55
26-09-2023,6089.730524,4136.923874,7625.72228,14668.45,14678.48,14505.68,14545.83,19682.8,19699.35,19637.45,19664.7
27-09-2023,6072.31338,4118.265077,7593.223147,14600.14,14657.21,14432.6,14580.16,19637.05,19730.7,19554,19716.45
28-09-2023,6059.186103,4118.340496,7601.852177,14530.96,14787.58,14510.17,14702.77,19761.8,19766.65,19492.1,19523.55
29-09-2023,6097.840082,4127.241237,7608.078499,14853.35,14901.85,14664.78,14715.24,19581.2,19726.25,19551.05,19638.3
03-10-2023,5952.287253,4043.719555,7470.157197,14744.05,14819.87,14504.14,14565.62,19622.4,19623.2,19479.65,19528.75
04-10-2023,5898.724079,4010.908206,7412.452626,14613.23,14803.04,14592.56,14776.25,19446.3,19457.8,19333.6,19436.1
05-10-2023,5892.001199,4031.932494,7451.537234,14769.55,14784.69,14584.39,14723.22,19521.85,19576.95,19487.3,19545.75
06-10-2023,5897.954693,4055.728159,7494.577068,14622.23,15021.38,14575.95,14973.24,19621.2,19675.75,19589.4,19653.5
09-10-2023,5854.163177,4049.144585,7492.210527,14871.57,15070.64,14816.32,15047.15,19539.45,19588.95,19480.5,19512.35
10-10-2023,5944.321999,4124.720265,7628.208027,15074.04,15241.94,15050.54,15131.52,19565.6,19717.8,19565.45,19689.85
11-10-2023,5943.121568,4118.196839,7620.03465,15194.53,15248.22,15119.62,15241.12,19767,19839.2,19756.95,19811.35
12-10-2023,5955.69757,4128.491245,7644.782007,15264.11,15333.98,15090.69,15184.1,19822.7,19843.3,19772.65,19794
13-10-2023,5903.799668,4095.497831,7599.596569,15225.73,15232.37,14943.42,14995.12,19654.55,19805.4,19635.3,19751.05
16-10-2023,5874.531305,4111.240064,7630.631852,15054.48,15209.5,15047.27,15172.73,19737.25,19781.3,19691.85,19731.75
17-10-2023,5905.855355,4137.261534,7675.214439,15009.26,15187.06,14932.77,15122.01,19843.2,19849.75,19775.65,19811.5
18-10-2023,5876.195511,4088.239851,7587.997295,15022.28,15103.87,14865.81,14909.26,19820.45,19840.95,19659.95,19671.1
19-10-2023,5840.65912,4041.449425,7499.530405,14981.13,15023.91,14749.3,14783.13,19545.2,19681.8,19512.35,19624.7
20-10-2023,5784.414653,3990.563316,7402.141791,14752.59,14781.22,14552.12,14560.88,19542.15,19593.8,19518.7,19542.65
23-10-2023,5756.645472,3978.435909,7374.829987,14514.11,14746.37,14419.06,14604.85,19521.6,19556.85,19257.85,19281.75
25-10-2023,5736.930564,3990.541241,7414.336684,14642.08,14643.69,14362.24,14381.64,19286.45,19347.3,19074.15,19122.15
26-10-2023,5668.931823,3959.509474,7354.568749,14314.01,14372.51,14058.33,14109.57,19027.25,19041.7,18837.85,18857.25
27-10-2023,5677.042744,3933.165146,7291.282381,14245.75,14321.04,14130.37,14180.42,18928.75,19076.15,18926.65,19047.25
30-10-2023,5703.653439,3954.668722,7327.387336,14283.98,14388.2,14225.86,14335.51,19053.4,19158.5,18940,19140.9
31-10-2023,5723.942127,3954.354471,7321.718137,14340.86,14420.44,14232.4,14409.78,19232.95,19233.7,19056.45,19079.6
01-11-2023,5764.080008,3967.547272,7342.432517,14453.68,14677.86,14441.89,14664.91,19064.05,19096.05,18973.7,18989.15
02-11-2023,5844.06641,4033.976181,7446.526292,14856.95,14930.76,14792.81,14919.55,19120,19175.25,19064.15,19133.25
03-11-2023,5901.355442,4028.192425,7417.733322,14985.12,15149.78,14965.29,15099.49,19241,19276.25,19210.9,19230.6
06-11-2023,5881.706766,4020.768704,7417.761126,15137.16,15180.19,15064.91,15154.93,19345.85,19423,19309.7,19411.75
07-11-2023,5879.186624,4017.625988,7410.040695,15201.77,15335.44,15153.31,15296.02,19404.05,19423.5,19329.1,19406.7
08-11-2023,5870.725895,4016.242688,7401.715817,15313.9,15343.19,15220.88,15313.24,19449.6,19464.4,19401.5,19443.5
09-11-2023,5896.937045,4047.128509,7455.669088,15351.12,15382.11,15171.32,15187.9,19457.4,19463.9,19378.35,19395.3
10-11-2023,5870.196349,3997.59231,7360.551869,15252.36,15535.2,15237.17,15529.12,19351.85,19451.3,19329.45,19425.35
13-11-2023,5904.621734,4029.828184,7425.830819,15469.21,15524.66,15404.71,15482.79,19486.75,19494.4,19414.75,19443.55
15-11-2023,6063.265931,4083.216741,7486.909963,15881.72,15904.63,15765.31,15817.18,19651.4,19693.2,19579.65,19675.45
16-11-2023,6021.25311,4037.994542,7410.966894,15765.2,15842.63,15738.22,15833.17,19674.7,19875.25,19627,19765.2
17-11-2023,6075.143748,4088.052183,7504.247011,15803.98,15876.87,15766.94,15837.99,19674.75,19806,19667.45,19731.8
20-11-2023,6080.718582,4085.464448,7496.357891,15845.2,16056.76,15844.83,16027.06,19731.15,19756.45,19670.5,19694
21-11-2023,6068.740156,4071.109748,7481.986915,15951.55,15968.09,15866.82,15933.62,19770.9,19829.1,19754.05,19783.4
22-11-2023,6082.226474,4069.601723,7469.51014,16025.74,16119.31,15964.04,16001.39,19784,19825.55,19703.85,19811.85
24-11-2023,6080.315469,4077.4655,7488.201196,15974.85,16007.43,15940.62,15982.01,19809.6,19832.85,19768.85,19794.7
28-11-2023,6056.443656,4059.868129,7455.241557,15940.29,16031.52,15921.07,16010.43,19844.65,19916.85,19800,19889.7
29-11-2023,6066.134087,4047.893721,7423.460057,16111.36,16166.51,15976.69,15987.6,19976.55,20104.65,19956.3,20096.6
30-11-2023,6006.526412,4053.801957,7453.752271,15987.66,16013.48,15825.67,15947.87,20108.5,20158.7,20015.85,20133.15
01-12-2023,6057.882877,4094.4816,7529.354766,15892.59,16013.75,15834.93,15997.58,20194.1,20291.55,20183.7,20267.9
04-12-2023,6042.56988,4085.31443,7512.962648,15837.12,15852.45,15695.58,15839.67,20601.95,20702.65,20507.75,20686.8
05-12-2023,6049.929186,4078.648847,7489.835303,15763.65,15931.84,15760.59,15877.71,20808.9,20864.05,20711.15,20855.1
06-12-2023,6076.739982,4096.161233,7515.381857,15990.2,15990.94,15776.95,15788.05,20950.75,20961.95,20852.15,20937.7
07-12-2023,6077.361978,4093.958579,7513.717524,15888.23,16042.51,15875.48,16022.49,20932.4,20941.25,20850.8,20901.15
08-12-2023,6093.510956,4115.376566,7554.471123,15952.85,16100.86,15937.58,16084.69,20934.1,21006.1,20862.7,20969.4
11-12-2023,6083.694239,4112.306162,7544.893149,16069.61,16232.26,16061.87,16221.73,20965.3,21026.1,20923.7,20997.1
12-12-2023,6074.789314,4108.534642,7542.7706,16209.61,16354.25,16175.46,16354.25,21018.55,21037.9,20867.15,20906.4
13-12-2023,6076.130176,4112.168294,7548.443061,16392.18,16581.04,16357.21,16562.37,20929.75,20950,20769.5,20926.35
14-12-2023,6192.914667,4176.904181,7648.978199,16603.54,16660.71,16419.26,16537.83,21110.4,21210.9,21074.45,21182.7
15-12-2023,6241.193096,4142.923511,7576.364126,16587,16669.77,16557.01,16623.45,21287.45,21492.3,21235.3,21456.65
18-12-2023,6260.286903,4161.016279,7614.476738,16631.11,16764.32,16629.29,16729.8,21434.8,21482.8,21365.35,21418.65
19-12-2023,6290.179189,4175.127987,7638.028846,16734.25,16813.01,16733.38,16811.85,21477.65,21505.05,21337.75,21453.1
20-12-2023,6359.379019,4221.175269,7715.684268,16763.64,16860.68,16552.06,16554.16,21543.5,21593,21087.35,21150.15
21-12-2023,6357.473725,4209.793508,7694.734534,16719.61,16768.02,16621.52,16757.41,21033.95,21288.35,20976.8,21255.05
22-12-2023,6369.555787,4213.054349,7697.514966,16799.02,16839.25,16703.57,16777.4,21295.85,21390.5,21232.45,21349.4
27-12-2023,6414.259316,4228.99183,7724.951397,16896.14,16922.01,16859.55,16906.8,21497.65,21675.75,21495.8,21654.75
28-12-2023,6420.768314,4228.027693,7722.743956,16963.52,16969.17,16891.32,16898.47,21715,21801.45,21678,21778.7
29-12-2023,6425.028206,4232.011157,7733.242646,16902.44,16919.51,16757.89,16825.93,21737.65,21770.3,21676.9,21731.4
02-01-2024,6399.033136,4220.896916,7721.5223,16667.3,16686.6,16453.15,16543.94,21751.35,21755.6,21555.65,21665.8
03-01-2024,6354.24428,4196.688271,7682.329421,16413.26,16471.08,16352.14,16368.49,21661.1,21677,21500.35,21517.35
04-01-2024,6374.479287,4217.034938,7723.07487,16290.77,16419.44,16276.43,16282.01,21605.8,21685.65,21564.55,21658.6
05-01-2024,6342.500556,4196.354599,7689.60895,16281.74,16415.39,16249.19,16305.98,21705.75,21749.6,21629.2,21710.8
08-01-2024,6353.121481,4204.140963,7694.192311,16354.22,16655.23,16349.39,16649.87,21747.6,21763.95,21492.9,21513
09-01-2024,6332.892218,4196.146324,7683.95958,16531.96,16710.88,16513.73,16678.7,21653.6,21724.45,21517.85,21544.85
10-01-2024,6323.20123,4180.827627,7651.762128,16702.55,16827.37,16654.74,16793.05,21529.3,21641.85,21448.65,21618.7
11-01-2024,6292.058946,4140.729754,7576.59218,16852.19,16898.16,16618.86,16820.9,21688,21726.5,21593.75,21647.2
12-01-2024,6294.466146,4165.622486,7624.929145,16855,16900.37,16776.92,16832.92,21773.55,21928.25,21715.15,21894.55
16-01-2024,6250.947391,4134.314123,7558.342979,16775.1,16895.33,16726.59,16830.71,22080.5,22124.15,21969.8,22032.3
17-01-2024,6192.320009,4072.191406,7446.287317,16705.51,16749.11,16561.49,16736.28,21647.25,21851.5,21550.45,21571.95
18-01-2024,6172.638739,4080.281501,7459.092003,16894.33,16996.98,16818.13,16982.29,21414.2,21539.4,21285.55,21462.25
19-01-2024,6211.734961,4079.867656,7461.932444,17060.14,17317.21,17041.85,17314,21615.2,21670.6,21575,21622.4
23-01-2024,6258.446439,4095.088798,7485.731933,17346.95,17410.86,17286.02,17404.21,21716.7,21750.25,21192.6,21238.8
24-01-2024,6289.132316,4120.131716,7527.665718,17562.32,17665.26,17481.97,17499.3,21185.25,21482.35,21137.2,21453.95
25-01-2024,6296.922911,4122.727081,7529.733155,17589.27,17631.34,17430.37,17516.99,21454.6,21459,21247.05,21352.6
29-01-2024,6291.118038,4172.582082,7632.740033,17438.03,17603.95,17414.62,17596.27,21433.1,21763.25,21429.6,21737.6
30-01-2024,6302.210989,4189.306116,7666.313182,17596.27,17578.46,17443.77,17476.71,21775.75,21813.05,21501.8,21522.1
31-01-2024,6296.611013,4173.061017,7630.571682,17269.98,17375.32,17128.74,17137.24,21487.25,21741.35,21448.85,21725.7
01-02-2024,6259.156266,4161.893472,7622.161526,17216.99,17356.76,17175.83,17344.71,21780.65,21832.95,21658.75,21697.45
02-02-2024,6265.900655,4160.186562,7615.5398,17415.94,17682.29,17378.37,17642.73,21812.75,22126.8,21805.55,21853.8
05-02-2024,6241.389117,4154.007599,7612.857366,17634.69,17655.77,17469.62,17613.04,21921.05,21964.3,21726.95,21771.7
06-02-2024,6262.99863,4190.178711,7681.008973,17664.44,17680.62,17475.43,17572.73,21825.2,21951.4,21737.55,21929.4
07-02-2024,6227.605043,4163.669516,7628.746913,17674.59,17784.17,17637.73,17755.07,22045.05,22053.3,21860.15,21930.5
08-02-2024,6224.137732,4148.282621,7595.476165,17757.6,17814.12,17728.55,17783.17,22009.65,22011.05,21665.3,21717.95
09-02-2024,6236.099954,4136.735226,7572.582074,17820.98,17987.9,17798.81,17962.41,21727,21804.45,21629.9,21782.5
12-02-2024,6260.151667,4141.811256,7573.687197,17942.28,18041.45,17859.66,17882.66,21800.8,21831.7,21574.75,21616.05
13-02-2024,6229.302086,4104.80987,7512.280274,17519.8,17717.67,17478.23,17600.42,21664.3,21766.8,21543.35,21743.25
14-02-2024,6221.726945,4132.866632,7568.403413,17728.9,17815.18,17619.92,17807.63,21578.15,21870.85,21530.2,21840.05
15-02-2024,6282.423759,4149.975963,7597.52871,17815.32,17864.58,17722.31,17845.72,21906.55,21953.85,21794.8,21910.75
16-02-2024,6287.463953,4205.250104,7711.71306,17853.59,17864.16,17663.4,17685.98,22020.3,22068.65,21968.95,22040.7
20-02-2024,6273.423631,4206.038719,7719.212043,17591.17,17657.08,17399.41,17546.1,22099.2,22215.6,22045.85,22196.95
21-02-2024,6267.927025,4180.193395,7662.513476,17412.79,17482.13,17319.44,17478.91,22248.85,22249.4,21997.95,22055.05
22-02-2024,6307.509184,4195.168259,7684.49016,17857.76,18034.8,17808.26,18004.7,22081.55,22252.5,21875.25,22217.45
23-02-2024,6313.014596,4202.755952,7706.281569,18052.59,18091.62,17902.78,17937.61,22290,22297.5,22186.1,22212.7
26-02-2024,6293.199266,4190.802762,7684.298338,17970.21,18014.11,17926.66,17933.33,22169.2,22202.15,22075.15,22122.05
27-02-2024,6301.386019,4191.427338,7683.016785,17962.58,17987.54,17871.06,17971.05,22090.2,22218.25,22085.65,22198.35
28-02-2024,6251.554412,4159.574504,7624.979131,17895.03,17931.01,17840.36,17874.5,22214.1,22229.15,21915.85,21951.15
29-02-2024,6257.577307,4163.206329,7630.017375,17991.67,18068.52,17866.26,18043.85,21935.2,22060.55,21860.65,21982.8
01-03-2024,6318.507175,4197.121158,7682.500032,18069.29,18333.26,18064.44,18302.91,22048.3,22353.3,22047.75,22338.75
04-03-2024,6295.594623,4174.281617,7640.332403,18290.1,18313.43,18218.25,18226.48,22403.5,22440.9,22358.3,22405.6
05-03-2024,6282.012422,4177.421512,7646.163618,18088.71,18097.5,17804.5,17897.87,22371.25,22416.9,22269.15,22356.3
06-03-2024,6314.693201,4199.147028,7679.305202,18083.51,18142.88,17941.64,18017.57,22327.5,22497.2,22224.35,22474.05
07-03-2024,6337.059787,4208.815631,7692.46132,18161.73,18337.95,18101.43,18297.99,22505.3,22525.65,22430,22493.55
11-03-2024,6300.36326,4196.012547,7669.228076,17959.68,18003.05,17873.33,17951.69,22517.5,22526.6,22307.25,22332.65
12-03-2024,6311.786474,4233.327213,7747.808519,18063.02,18228.37,17919.33,18219.11,22334.45,22452.55,22256,22335.7
13-03-2024,6258.056762,4243.713658,7772.165989,18151.76,18163.74,18030.4,18068.47,22432.2,22446.75,21905.65,21997.7
14-03-2024,6283.281055,4228.417027,7743.146958,18114.69,18142.9,17913.63,18014.81,21982.55,22204.6,21917.5,22146.65
15-03-2024,6290.252283,4222.093125,7727.421993,17926.92,17930.47,17764.99,17808.25,22064.85,22120.9,21931.7,22023.35
18-03-2024,6277.790691,4218.889297,7722.548715,18024.24,18124.32,17973.09,17985.01,21990.1,22123.7,21916.55,22055.7
19-03-2024,6266.376021,4224.356052,7738.298914,17902.52,18039.82,17809.15,18032.2,21946.45,21978.3,21793.1,21817.45
20-03-2024,6267.483654,4225.49189,7737.378966,18067.7,18249.12,18003.24,18240.11,21843.9,21930.9,21710.2,21839.1
21-03-2024,6309.562325,4300.455828,7882.554944,18438.24,18464.7,18317.1,18320.38,21989.9,22080.95,21941.3,22011.95
22-03-2024,6333.804039,4322.507511,7930.920476,18293.15,18386.25,18267.49,18339.44,21932.2,22180.7,21883.3,22096.75
26-03-2024,6345.883288,4324.288025,7930.964032,18329.29,18378.7,18207.88,18210.54,21947.9,22073.2,21947.55,22004.7
27-03-2024,6359.164935,4325.929782,7931.981888,18338.19,18344.09,18168.2,18280.84,22053.95,22193.6,22052.85,22123.65
28-03-2024,6388.896835,4338.045797,7952.622588,18263.41,18308.32,18231.38,18254.69,22163.6,22516,22163.6,22326.9
02-04-2024,6363.963376,4324.534829,7935.091554,18076.43,18135.57,18002.27,18121.78,22458.8,22497.6,22388.15,22453.3
03-04-2024,6366.01096,4326.831903,7937.443469,18054.44,18238.67,18045.42,18160.19,22385.7,22521.1,22346.5,22434.65
04-04-2024,6395.843128,4348.490268,7975.892962,18331.02,18362.29,17875.75,17878.78,22592.1,22619,22303.8,22514.65
05-04-2024,6366.589133,4313.935699,7911.157515,17940.28,18202.96,17912.86,18108.46,22486.4,22537.6,22427.6,22513.7
08-04-2024,6412.884346,4333.276614,7943.466376,18130.44,18178.66,18050.69,18100.19,22578.35,22697.3,22550.35,22666.3
09-04-2024,6407.289547,4326.484024,7934.786463,18188.87,18210.02,17973.07,18169.9,22765.1,22768.4,22612.25,22642.75
10-04-2024,6412.128813,4339.840654,7961.211951,17957.96,18040.83,17932.42,18011.65,22720.25,22775.7,22673.7,22753.8
12-04-2024,6443.082332,4353.662178,7995.580501,18117.67,18166.49,17952.09,18003.49,22677.4,22726.45,22503.75,22519.4
15-04-2024,6422.45691,4338.897797,7965.531668,18143.25,18152.08,17676.35,17706.83,22339.05,22427.45,22259.55,22272.5
16-04-2024,6336.7813,4260.405731,7820.364825,17691.45,17817.73,17660.89,17713.66,22125.3,22213.75,22079.45,22147.9
18-04-2024,6365.040152,4290.018013,7877.048056,17514.77,17590.81,17376.49,17394.31,22212.35,22326.5,21961.7,21995.85
19-04-2024,6331.116159,4296.405727,7895.854489,17334.71,17362.28,16973.94,17037.65,21861.5,22179.55,21777.65,22147
22-04-2024,6412.904391,4362.595075,8023.874671,17161.11,17305.15,17010.25,17210.89,22336.9,22375.65,22198.15,22336.4
23-04-2024,6451.71062,4378.746598,8044.811738,17297.24,17513.31,17277.25,17471.47,22447.05,22447.55,22349.45,22368
24-04-2024,6434.178036,4374.062153,8040.37826,17613.66,17653.66,17435.33,17526.8,22421.55,22476.45,22384,22402.4
25-04-2024,6412.531953,4387.935197,8078.864781,17205.28,17474.46,17172.42,17430.5,22316.9,22625.95,22305.25,22570.35
26-04-2024,6484.279322,4423.591856,8139.827682,17566.22,17772.78,17533.08,17718.3,22620.4,22620.4,22385.55,22419.95
29-04-2024,6519.957649,4435.178159,8147.027246,17801.14,17820,17671.03,17782.72,22475.55,22655.8,22441.9,22643.4
30-04-2024,6517.858392,4430.253859,8144.132344,17720.35,17768.87,17440.69,17440.69,22679.65,22783.35,22568.4,22604.85
02-05-2024,6547.898111,4446.146106,8172.150579,17474.92,17575.8,17290.64,17541.54,22567.85,22710.5,22567.85,22648.2
03-05-2024,6590.64446,4469.093985,8213.493211,17848.66,17926.98,17784.78,17890.8,22766.35,22794.7,22348.05,22475.85
07-05-2024,6621.607182,4522.992488,8313.669841,18106.33,18156.32,18061.61,18091.45,22489.75,22499.05,22232.05,22302.5
08-05-2024,6645.619147,4544.241924,8354.046605,17987.7,18135.34,17987.7,18085.01,22231.2,22368.65,22185.2,22302.5
09-05-2024,6674.946364,4558.374527,8381.353499,18095.8,18138.02,18012.62,18113.46,22224.8,22307.75,21932.4,21957.5
10-05-2024,6705.05359,4586.28754,8433.760259,18171.15,18247.61,18099.73,18161.18,21990.95,22131.3,21950.3,22055.2
13-05-2024,6720.05365,4575.327106,8414.985837,18228.4,18233.5,18147.57,18198.61,22027.95,22131.65,21821.05,22104.05
14-05-2024,6728.560499,4583.226435,8428.133627,18187.51,18339.58,18175.3,18322.77,22112.9,22270.05,22081.25,22217.85
15-05-2024,6776.361293,4596.706025,8445.803362,18412.81,18607.53,18359.32,18596.65,22255.6,22297.55,22151.75,22200.55
16-05-2024,6766.620035,4594.69541,8438.64587,18589.98,18669.5,18553.3,18557.96,22319.2,22432.25,22054.55,22403.85
17-05-2024,6779.233005,4584.234431,8420.25795,18571.82,18590.37,18462.25,18546.23,22415.25,22502.15,22345.65,22466.1
21-05-2024,6845.961336,4584.40225,8416.454262,18603.99,18721.18,18589.91,18713.8,22404.55,22591.1,22404.55,22529.05
22-05-2024,6812.798797,4560.549412,8370.327849,18733.54,18756.69,18606.16,18705.2,22576.6,22629.5,22483.15,22597.8
23-05-2024,6808.684519,4543.841611,8339.228723,18907.14,18907.54,18554.89,18623.39,22614.1,22993.6,22577.45,22967.65
24-05-2024,6806.837293,4538.0183,8317.587347,18669.36,18851.99,18664.79,18808.35,22930.75,23026.4,22908,22957.1
28-05-2024,6798.795584,4506.78606,8254.181791,18855.15,18875.2,18755.94,18869.44,22977.15,22998.55,22858.5,22888.15
29-05-2024,6767.067686,4465.628027,8183.07048,18708.07,18814.82,18706.62,18736.75,22762.75,22825.5,22685.45,22704.7
30-05-2024,6771.861532,4494.750478,8231.045924,18683.25,18705.26,18487.76,18538.66,22617.45,22705.75,22417,22488.65
31-05-2024,6783.953762,4517.076343,8275.384618,18550.8,18574.56,18189.78,18536.65,22568.1,22653.75,22465.1,22530.7
03-06-2024,6837.281494,4517.03468,8262.745097,18666.72,18707.22,18392.57,18600.97,23337.9,23338.7,23062.3,23263.9
04-06-2024,6792.453087,4496.876128,8232.041637,18598,18697.95,18521.85,18654.84,23179.5,23179.5,21281.45,21884.5
05-06-2024,6804.094526,4502.575173,8246.949022,18791.28,19035.87,18768.25,19035.05,22128.35,22670.4,21791.95,22620.35
06-06-2024,6820.294845,4521.731619,8285.342783,19053.01,19071.79,18978.86,19021.19,22798.6,22910.15,22642.6,22821.4
07-06-2024,6792.949427,4498.196203,8245.372649,18992.58,19113.88,18958.68,19000.95,22821.85,23320.2,22789.05,23290.15
10-06-2024,6779.853135,4486.99783,8228.480397,18945.31,19089.83,18940.71,19074.67,23319.15,23411.9,23227.15,23259.2
11-06-2024,6744.839708,4444.065615,8147.812502,19031.4,19212.63,18966.56,19210.18,23283.75,23389.45,23206.65,23264.85
12-06-2024,6769.864766,4482.398731,8215.476041,19358.26,19556.9,19347.28,19465.18,23344.45,23441.95,23295.95,23322.95
13-06-2024,6702.570309,4448.691458,8163.669897,19609.05,19639.45,19473.71,19576.92,23480.95,23481.05,23353.9,23398.9
14-06-2024,6677.855773,4438.374118,8146.858519,19557.22,19664.59,19534.62,19659.8,23464.95,23490.4,23334.25,23465.6
18-06-2024,6716.581348,4467.945041,8191.28587,19904.43,19940.5,19837.86,19908.86,23570.8,23579.05,23499.7,23557.9
20-06-2024,6752.16791,4508.435628,8272.458976,19962.97,19979.93,19685.03,19752.3,23586.15,23624,23442.6,23567
21-06-2024,6763.077356,4490.915037,8237.718853,19722.37,19801.97,19643.52,19700.43,23661.15,23667.1,23398.2,23501.1
24-06-2024,6770.646415,4514.761414,8281.546221,19648.23,19723.2,19472.53,19474.62,23382.3,23558.1,23350,23537.85
25-06-2024,6752.742157,4493.065559,8247.794967,19555.84,19712.42,19523.51,19701.13,23577.1,23754.15,23562.05,23721.3
26-06-2024,6743.587729,4480.659554,8225.328283,19671.07,19763.55,19654.18,19751.05,23723.1,23889.9,23670.45,23868.8
27-06-2024,6715.157678,4460.26775,8179.68429,19740.51,19850.81,19701.34,19789.03,23881.55,24087.45,23805.4,24044.5
28-06-2024,6727.922189,4451.920389,8164.122712,19817,20017.71,19665.85,19682.87,24085.9,24174,23985.8,24010.6
01-07-2024,6746.444871,4451.484643,8166.756224,19720.11,19827.75,19577.54,19812.22,23992.95,24164,23992.7,24141.95
02-07-2024,6743.731448,4429.663046,8121.202243,19746.22,20014.92,19741.81,20011.89,24228.75,24236.35,24056.4,24123.85
03-07-2024,6780.050452,4463.085588,8171.116705,19995.28,20186.63,19995.28,20186.63,24291.75,24309.15,24207.1,24286.5
05-07-2024,6798.345231,4486.081915,8203.929986,20224.13,20406.99,20201.5,20391.97,24213.35,24363,24168.85,24323.85
08-07-2024,6814.025585,4481.82965,8193.489664,20393.89,20455.38,20363.37,20439.54,24329.45,24344.6,24240.55,24320.55
09-07-2024,6816.8555,4452.606197,8139.806833,20504.17,20543.9,20395.57,20453.02,24351,24443.6,24331.9,24433.2
10-07-2024,6854.287169,4486.207677,8193.505374,20533.27,20690.97,20479.94,20675.38,24459.85,24461.05,24141.8,24324.45
11-07-2024,6919.49442,4508.551515,8223.33527,20661.41,20672.1,20165,20211.36,24396.55,24402.65,24193.75,24315.95
12-07-2024,6931.43761,4522.754367,8252.914771,20226.23,20526.08,20217.99,20331.49,24387.95,24592.2,24331.15,24502.15
15-07-2024,6936.151496,4490.193159,8182.958384,20401.02,20585.17,20304.53,20386.88,24587.6,24635.05,24522.75,24586.7
16-07-2024,6925.137863,4482.44114,8164.899907,20441.53,20477,20266.51,20398.62,24615.9,24661.25,24587.65,24613
18-07-2024,6919.155508,4501.387836,8204.894726,19936.24,19947.98,19575.79,19705.09,24543.8,24837.75,24504.45,24800.85
19-07-2024,6891.815998,4473.444497,8155.724567,19687.8,19784.48,19479.38,19522.62,24853.8,24854.8,24508.15,24530.9
22-07-2024,6897.760592,4495.457399,8198.775547,19751.02,19861.72,19638.37,19822.87,24445.75,24595.2,24362.3,24509.25
23-07-2024,6889.871882,4479.485114,8167.36566,19783.33,19904.6,19736.22,19754.34,24568.9,24582.55,24074.2,24479.05
24-07-2024,6857.710422,4468.594443,8153.694214,19475.66,19482.55,19005.47,19032.39,24444.95,24504.25,24307.25,24413.5
25-07-2024,6854.093807,4481.626298,8186.350374,19041.15,19227.2,18721.71,18830.58,24230.95,24426.15,24210.8,24406.1
26-07-2024,6927.046839,4542.335843,8285.706955,18990.2,19142.68,18899.31,19023.66,24423.35,24861.15,24410.9,24834.85
29-07-2024,6916.309626,4542.179548,8292.351345,19122.43,19224.59,18974.51,19059.49,24943.3,24999.75,24774.6,24836.1
30-07-2024,6935.770004,4539.492781,8274.409836,19129.56,19165.42,18667.22,18796.27,24839.4,24971.75,24798.65,24857.3
31-07-2024,6989.665854,4588.309956,8367.977371,19222.85,19426.62,19162.91,19362.43,24886.7,24984.6,24856.5,24951.15
01-08-2024,6976.864217,4544.947338,8283.363525,19375.97,19538.97,18737.09,18890.39,25030.95,25078.3,24956.4,25010.9
02-08-2024,6842.58999,4474.400484,8174.710799,18494.24,18628.78,18263.5,18440.84,24789,24851.9,24686.85,24717.7
05-08-2024,6653.44171,4377.741183,8008.233959,17444.4,18169.49,17435.39,17895.15,24302.85,24350.05,23893.7,24055.6
06-08-2024,6703.12875,4390.769268,8026.6867,17961.45,18368.68,17858.82,18077.92,24189.85,24382.6,23960.4,23992.55
07-08-2024,6780.034641,4462.580257,8166.881284,18345.45,18445.75,17851.08,17867.37,24289.4,24337.7,24184.9,24297.5
08-08-2024,6779.592914,4450.478377,8144.966303,18102.05,18445.41,17965.07,18413.82,24248.55,24340.5,24079.7,24117
09-08-2024,6814.234669,4465.041457,8168.09637,18373.89,18567.63,18313.78,18513.1,24386.85,24419.75,24311.2,24367.5
12-08-2024,6848.582052,4486.466631,8210.247659,18548.23,18665.75,18433.61,18542.03,24320.05,24472.8,24212.1,24347
13-08-2024,6859.681631,4500.105363,8235.226652,18724.84,19013.01,18723.74,19006.43,24342.35,24359.95,24116.5,24139
14-08-2024,6881.029183,4527.659036,8281.045321,19043.76,19103,18837.1,19022.68,24184.4,24196.5,24099.7,24143.75
16-08-2024,6915.486651,4544.96574,8311.408493,19393.73,19561.24,19376.72,19508.52,24334.85,24563.9,24204.5,24541.15
19-08-2024,6942.405397,4569.518174,8356.935847,19521.93,19767.43,19445.1,19766.49,24636.35,24638.8,24522.95,24572.65
20-08-2024,6926.677843,4525.698298,8273.322906,19736.35,19835.38,19652.18,19719.82,24648.9,24734.3,24607.2,24698.85
21-08-2024,6942.083294,4536.49499,8283.43304,19758.47,19885.34,19690.64,19824.84,24680.55,24787.95,24654.5,24770.2
22-08-2024,6929.978543,4536.02199,8287.996954,19911.28,19938.89,19459.86,19491.84,24863.4,24867.35,24784.45,24811.5
23-08-2024,6957.707176,4557.2363,8327.776919,19669.78,19818.4,19526.63,19720.87,24845.4,24858.4,24771.65,24823.15
27-08-2024,6964.720491,4564.684447,8345.456357,19450.57,19617.92,19369.53,19581.52,25024.8,25073.1,24973.65,25017.75
28-08-2024,6933.573788,4560.739425,8343.845561,19567.45,19587.04,19221.48,19350.78,25030.8,25129.6,24964.65,25052.35
29-08-2024,6943.637185,4576.344161,8379.64054,19425.28,19622.73,19281.65,19325.45,25035.3,25192.9,24998.5,25151.95
30-08-2024,6955.258849,4576.731939,8376.625488,19506.27,19582.17,19326.61,19574.64,25249.7,25268.35,25199.4,25235.9
03-09-2024,6889.426208,4531.628071,8298.459981,19438.1,19438.1,18869.8,18958.73,25313.4,25321.7,25235.8,25279.85
04-09-2024,6869.943479,4518.052864,8269.599698,18832.64,19070.82,18808.76,18921.4,25089.95,25216,25083.8,25198.7
05-09-2024,6865.406747,4503.764197,8241.708286,18864.42,19102.35,18806.83,18930.33,25250.5,25275.45,25127.75,25145.1
06-09-2024,6819.163966,4467.471664,8181.474162,18903.03,18930.77,18400.97,18421.31,25093.7,25168.75,24801.3,24852.15
09-09-2024,6849.166692,4513.724046,8270.842373,18579.8,18693.86,18469.4,18660.78,24823.4,24957.5,24753.15,24936.4
10-09-2024,6835.872507,4483.760957,8205.975271,18722.15,18845.74,18570.67,18829.14,24999.4,25130.5,24896.8,25041.1
11-09-2024,6800.354355,4474.249221,8193.936448,18866,19266.39,18531.58,19237.3,25034,25113.7,24885.15,24918.45
12-09-2024,6850.402447,4501.267456,8240.967459,19236.42,19456.41,19166.8,19423.07,25059.65,25433.35,24941.45,25388.9
13-09-2024,6890.744831,4522.484413,8273.093597,19396.1,19556.8,19384.69,19514.58,25430.45,25430.5,25292.45,25356.5
16-09-2024,6889.896407,4525.946435,8278.440036,19412.79,19446.06,19294.18,19423.06,25406.65,25445.7,25336.2,25383.75
17-09-2024,6897.316578,4540.997896,8309.860791,19539.75,19596.34,19337.12,19432.4,25416.9,25441.65,25352.25,25418.55
18-09-2024,6877.861639,4511.595477,8253.683238,19478.51,19643.51,19330.81,19344.49,25402.4,25482.2,25285.55,25377.55
19-09-2024,6935.721105,4556.586185,8328.718764,19798.71,19951.79,19723.94,19839.83,25487.05,25611.95,25376.05,25415.8
20-09-2024,6919.17385,4501.08359,8229.991917,19816.29,19845.7,19632.73,19791.49,25525.95,25849.25,25426.6,25790.95
23-09-2024,6902.472883,4514.996534,8259.708577,19848.71,19892.78,19797.82,19852.2,25872.55,25956,25847.35,25939.05
24-09-2024,6893.901083,4523.368422,8282.75627,19917.56,19984.47,19739.67,19944.84,25921.45,26011.55,25886.85,25940.4
25-09-2024,6876.470955,4516.212236,8268.695321,19922.28,20043.43,19921.22,19972.61,25899.45,26032.8,25871.35,26004.15
26-09-2024,6910.534539,4531.554576,8284.909315,20273.3,20273.3,19966.99,20115.54,26005.4,26250.9,25998.4,26216.05
27-09-2024,6958.289397,4555.437688,8320.764954,20147.27,20152.53,19964.13,20008.62,26248.25,26277.35,26151.4,26178.95
30-09-2024,6941.084928,4510.997021,8236.945256,19959.26,20072.42,19852.85,20060.69,26061.3,26134.7,25794.1,25810.85
01-10-2024,6926.945979,4525.271182,8276.648855,20046.06,20056.2,19622.29,19773.3,25788.45,25907.6,25739.2,25796.9
03-10-2024,6940.270756,4523.166648,8282.515108,19712.33,19902.7,19688.22,19793.34,25452.85,25639.45,25230.3,25250.1
04-10-2024,6970.007865,4527.244747,8280.634701,20025.16,20045.69,19829.49,20035.02,25181.9,25485.05,24966.8,25014.6
07-10-2024,6959.450555,4536.432321,8303.615825,19954.66,19990.12,19763.04,19800.74,25084.1,25143,24694.35,24795.75
08-10-2024,6918.656398,4477.147644,8190.613787,19902.21,20132.67,19881.08,20107.78,24832.2,25044,24756.8,25013.15
09-10-2024,6932.581922,4507.435853,8243.742615,20097.56,20284.42,20047.86,20268.86,25065.8,25234.05,24947.7,24981.95
10-10-2024,6930.625217,4501.368261,8237.730109,20165.25,20314.24,20117.2,20241.76,25067.05,25134.05,24979.4,24998.45
11-10-2024,6929.288105,4510.353358,8253.648426,20154.83,20313.2,20142.18,20271.97,24985.3,25028.65,24920.05,24964.25
14-10-2024,6940.828835,4530.098325,8292.66282,20366.06,20493.9,20355.06,20439.05,25023.45,25159.75,25017.5,25127.95
15-10-2024,6924.420159,4509.106387,8249.278091,20442.77,20484.31,20083.55,20159.83,25186.3,25212.05,25008.15,25057.35
16-10-2024,6952.128123,4551.770397,8329.06699,20172.87,20200.59,20036.73,20174.05,25008.55,25093.4,24908.45,24971.3
17-10-2024,6962.154687,4581.385485,8385.131731,20375.29,20377.65,20186.43,20190.42,25027.4,25029.5,24728.9,24749.85
18-10-2024,6962.409551,4570.299986,8358.25106,20288.48,20360.29,20273.55,20324.04,24664.95,24886.2,24567.65,24854.05
21-10-2024,6903.732351,4544.060329,8318.240584,20280.49,20386.68,20193.03,20361.47,24956.15,24978.3,24679.6,24781.1
22-10-2024,6890.419311,4539.691969,8306.54082,20256.97,20437.93,20218.85,20383.65,24798.65,24882,24445.8,24472.1
23-10-2024,6904.231963,4514.214257,8258.643469,20303.55,20312.78,19934.92,20066.96,24378.15,24604.25,24378.1,24435.5
24-10-2024,6895.702956,4517.969057,8269.383159,20197.62,20256.38,20116.88,20232.87,24412.7,24480.65,24341.2,24399.4
25-10-2024,6903.621203,4509.370466,8248.840358,20354.91,20552.82,20322.25,20352.02,24418.05,24440.25,24073.9,24180.8
28-10-2024,6881.737413,4526.601836,8285.617156,20455.01,20470.43,20344.82,20351.07,24251.1,24492.6,24134.9,24339.15
29-10-2024,6840.249134,4489.385349,8219.613888,20369.08,20600.1,20294.58,20550.65,24328.85,24484.5,24140.85,24466.85
30-10-2024,6889.648425,4464.191559,8159.626881,20510.92,20559.52,20378.75,20387.7,24371.45,24498.2,24307.3,24340.85
31-10-2024,6836.26091,4431.825793,8110.103997,20227.19,20227.19,19880.26,19890.42,24349.85,24372.45,24172.6,24205.35
01-11-2024,6842.287698,4465.612933,8177.146062,19955.83,20162.54,19950.99,20033.14,24302.75,24368.25,24280.2,24304.35
04-11-2024,6841.271393,4468.368429,8184.244429,20011.55,20106.99,19898.57,19963.6,24315.75,24316.75,23816.15,23995.35
05-11-2024,6841.703444,4460.265446,8172.389323,20042.93,20249.2,20042.93,20227.46,23916.5,24229.05,23842.75,24213.3
06-11-2024,6860.078247,4460.034499,8166.684079,20571.29,20807.03,20526.64,20781.33,24308.75,24537.6,24204.05,24484.05
07-11-2024,6868.636845,4453.484922,8140.739833,20896.41,21132.8,20896.41,21101.57,24489.6,24503.35,24179.05,24199.35
08-11-2024,6822.262435,4417.827793,8072.391512,21083.58,21155,21050.32,21117.18,24207.7,24276.15,24066.65,24148.2
11-11-2024,6859.629704,4448.674111,8125.194819,21171.24,21182.02,20993.48,21106.59,24087.25,24336.8,24004.6,24141.3
12-11-2024,6784.088048,4393.139565,8025.771845,21105.49,21144.67,20946.74,21070.79,24225.8,24242,23839.15,23883.45
13-11-2024,6750.045731,4392.875789,8030.334883,21049.66,21154.94,20955.24,21036.16,23822.45,23873.6,23509.6,23559.05
14-11-2024,6809.217897,4417.24727,8071.190564,21052.07,21067.66,20864.02,20896.67,23542.15,23675.9,23484.15,23532.7
18-11-2024,6794.363944,4431.133036,8109.320532,20450.2,20622.28,20401.26,20539.19,23605.3,23606.8,23350.4,23453.8
19-11-2024,6777.659238,4427.06366,8099.019561,20435.68,20696.47,20423.3,20684.59,23529.55,23780.65,23464.8,23518.5
21-11-2024,6767.679295,4448.055865,8149.269034,20775.27,20814.93,20436.8,20740.78,23488.45,23507.3,23263.15,23349.9
22-11-2024,6808.840472,4507.57056,8262.084657,20737.49,20797.24,20655.72,20776.23,23411.8,23956.1,23359,23907.25
25-11-2024,6836.048163,4526.418473,8291.677275,20918.76,20998.48,20712.38,20804.89,24253.55,24351.55,24135.45,24221.9
26-11-2024,6808.375044,4505.581429,8258.613686,20871.55,20944.9,20832.4,20922.9,24343.3,24343.3,24125.4,24194.5
27-11-2024,6814.987338,4514.098967,8274.752098,20852.43,20853.08,20615.42,20744.49,24204.8,24354.55,24145.65,24274.9
29-11-2024,6824.774793,4524.879524,8287.297503,20771.02,20956.31,20751.96,20930.37,23927.15,24188.45,23927.15,24131.1
02-12-2024,6842.071464,4536.912273,8312.891314,20971.76,21201.03,20971.76,21164.6,24140.85,24301.7,24008.65,24276.05
03-12-2024,6882.301317,4562.537706,8359.41221,21106.51,21235.79,21081.81,21229.32,24367.5,24481.35,24280,24457.15
04-12-2024,6896.766404,4554.942856,8335.809305,21361.81,21498.44,21340.84,21492.36,24488.75,24573.2,24366.3,24467.45
05-12-2024,6903.302095,4561.214399,8349.384308,21488.52,21517.49,21411.53,21425.22,24539.15,24857.75,24295.55,24708.4
06-12-2024,6908.557187,4543.978249,8308.607698,21458.58,21626.31,21449.62,21622.25,24729.45,24751.05,24620.5,24677.8
09-12-2024,6948.017495,4564.38262,8352.076391,21573.76,21609.99,21400.77,21440.82,24633.9,24705,24580.05,24619
10-12-2024,6925.531621,4528.636324,8280.359479,21492.51,21567.02,21313.27,21368.18,24652.65,24677.8,24510.65,24610.05
11-12-2024,6917.502528,4538.405421,8301.617218,21540.38,21784.71,21533.89,21763.98,24620.5,24691.75,24583.85,24641.8
12-12-2024,6928.158089,4542.556183,8311.76346,21652.85,21715.83,21596.66,21615.27,24604.45,24675.25,24527.95,24548.7
13-12-2024,6917.067626,4535.405072,8300.329767,21789.65,21886.74,21646.09,21780.25,24498.35,24792.3,24180.8,24768.3
16-12-2024,6892.81542,4515.15818,8262.054965,21891.36,22133.22,21879.74,22096.66,24753.4,24781.25,24601.75,24668.25
17-12-2024,6822.31123,4475.552299,8195.200781,22003.64,22062,21921.21,22001.08,24584.8,24624.1,24303.45,24336
18-12-2024,6817.099774,4478.989374,8199.112507,21979.53,22038.08,21146.83,21209.31,24297.95,24394.45,24149.85,24198.85
19-12-2024,6756.811263,4428.906605,8105.322384,21358.79,21413.74,21093.45,21110.51,23877.15,24004.9,23870.3,23951.7
20-12-2024,6787.836501,4421.112188,8084.614159,20939.64,21540.32,20913.72,21289.15,23960.7,24065.8,23537.35,23587.5
23-12-2024,6793.198074,4428.734561,8102.716654,21364.26,21510.09,21224.27,21503.17,23738.2,23869.55,23647.2,23753.45
24-12-2024,6846.222029,4449.605526,8136.993273,21564.37,21797.65,21558.97,21797.65,23769.1,23867.65,23685.15,23727.65
27-12-2024,6836.653022,4453.13999,8149.780402,21633.1,21642.26,21292.19,21473.01,23801.4,23938.85,23800.6,23813.4
30-12-2024,6816.354971,4437.136888,8121.007681,21189.1,21346.06,21046.63,21197.09,23796.9,23915.35,23599.3,23644.9
31-12-2024,6844.044368,4467.798523,8173.023904,21256.02,21276.14,20979.52,21012.17,23560.6,23689.85,23460.45,23644.8
02-01-2025,6875.68301,4509.258142,8260.089026,21120.05,21236.59,20800.5,20975.62,23783,24226.7,23751.55,24188.65
03-01-2025,6860.447321,4490.878826,8223.976789,21096.79,21359.63,21075.89,21326.16,24196.4,24196.45,23976,24004.75
06-01-2025,6869.952392,4503.556592,8249.65629,21551.18,21703.49,21462.52,21559.5,24045.8,24089.95,23551.9,23616.05
07-01-2025,6809.110942,4493.463622,8245.276403,21619.89,21621.25,21101.09,21173.04,23679.9,23795.2,23637.8,23707.9
08-01-2025,6736.996803,4484.168581,8251.02675,21156.76,21242.61,20992.08,21180.96,23746.65,23751.85,23496.15,23688.95
10-01-2025,6696.991136,4476.41646,8248.494818,21012.29,21015.51,20718.78,20847.58,23551.9,23596.6,23344.35,23431.5
13-01-2025,6654.966711,4464.143145,8224.191582,20593.65,20797.1,20538.33,20784.72,23195.4,23340.95,23047.25,23085.95
14-01-2025,6660.497847,4454.985918,8201.537616,20896.36,20969.52,20622.72,20757.41,23165.9,23264.95,23134.15,23176.05
15-01-2025,6756.390106,4518.393313,8301.134914,21067.81,21286.01,21024.27,21237.85,23250.45,23293.65,23146.45,23213.2
16-01-2025,6795.347776,4566.586691,8391.901422,21324.97,21330.59,21087.85,21091.25,23377.25,23391.65,23272.05,23311.8
17-01-2025,6819.310583,4621.700445,8505.223956,21461.9,21515.76,21334.63,21441.15,23277.1,23292.1,23100.35,23203.2
21-01-2025,6819.187172,4641.760547,8548.294136,21557.82,21620.23,21379.06,21566.51,23421.65,23426.3,22976.85,23024.65
22-01-2025,6812.013576,4639.769621,8545.127303,21756.23,21943.04,21756.23,21853,23099.15,23169.55,22981.3,23155.35
23-01-2025,6814.902019,4647.521126,8565.198396,21737.24,21900.93,21722.04,21900.93,23128.3,23270.8,23090.65,23205.35
24-01-2025,6799.251423,4617.927837,8502.354744,21915.48,21945.48,21709.06,21774.01,23183.9,23347.3,23050,23092.2
27-01-2025,6751.370819,4613.881754,8503.708679,21000.17,21292.54,20974.9,21127.28,22940.15,23007.45,22786.9,22829.15
28-01-2025,6819.161998,4634.82779,8533.872598,21186.08,21500.73,21043.13,21463.04,22960.45,23137.95,22857.65,22957.25
29-01-2025,6792.480024,4644.88492,8557.806633,21473.01,21477.88,21251.8,21411.46,23026.75,23183.35,22976.5,23163.1
30-01-2025,6826.351772,4693.652722,8646.878883,21519.81,21623.45,21308.69,21508.12,23169.5,23322.05,23139.2,23249.5
31-01-2025,6848.973945,4710.582174,8673.957906,21661.56,21846.01,21425.79,21478.05,23296.75,23546.8,23277.4,23508.4
03-02-2025,6767.968156,4660.815218,8583.557347,21084.64,21406.58,21004.35,21297.58,23319.35,23381.6,23222,23361.05
04-02-2025,6762.247499,4653.166325,8570.766548,21319.58,21582.4,21308.24,21566.92,23509.9,23762.75,23423.15,23739.25
05-02-2025,6784.264083,4680.984605,8623.289167,21453.87,21662.98,21408.64,21658.16,23801.75,23807.3,23680.45,23696.3
06-02-2025,6832.420603,4735.930686,8727.277754,21674.17,21776.08,21618.25,21774.07,23761.95,23773.55,23556.25,23603.35
07-02-2025,6836.328227,4718.950477,8700.529405,21776.28,21869.32,21465.46,21491.31,23649.5,23694.5,23443.2,23559.95
10-02-2025,6861.98905,4755.591843,8767.803594,21670.06,21793.13,21645.17,21756.73,23543.8,23568.6,23316.3,23381.6
11-02-2025,6833.121097,4757.905447,8777.388447,21629.11,21776.25,21625.51,21693.52,23383.55,23390.05,22986.65,23071.8
12-02-2025,6830.321988,4770.847733,8807.43832,21475.41,21745.66,21454.19,21719.26,23050.8,23144.7,22798.35,23045.25
13-02-2025,6827.001815,4751.813478,8764.724417,21786.16,22038.15,21758.04,22030.71,23055.75,23235.5,22992.2,23031.4
14-02-2025,6823.874166,4736.604956,8732.457547,22038.61,22139.43,22010.35,22114.69,23096.45,23133.7,22774.85,22929.25
18-02-2025,6801.118713,4751.494404,8766.728264,22176.01,22191.37,22029.58,22164.61,22963.65,22992.5,22801.5,22945.3
19-02-2025,6779.860127,4721.145056,8712.529371,22121.73,22222.61,22045.75,22175.6,22847.25,23049.95,22814.85,22932.9
20-02-2025,6747.949714,4694.994626,8662.974552,22132.71,22148.44,21878.75,22068.06,22821.1,22923.85,22812.75,22913.15
21-02-2025,6749.178244,4693.352401,8659.365626,22110.54,22115.21,21597.16,21614.08,22857.2,22921,22720.3,22795.9
24-02-2025,6730.373012,4689.403565,8658.978522,21669.36,21727.58,21341.96,21352.08,22609.35,22668.05,22518.8,22553.35
25-02-2025,6693.472781,4692.509404,8668.674235,21318.77,21326.81,20930.58,21087.25,22516.45,22625.3,22513.9,22547.55
27-02-2025,6685.652978,4732.427821,8756.209451,21281.36,21323.91,20540.68,20550.95,22568.95,22613.3,22508.4,22545.05
28-02-2025,6625.337614,4754.321359,8809.736815,20518.65,20900.77,20407.45,20884.41,22433.4,22450.35,22104.85,22124.7
03-03-2025,6637.73663,4784.788328,8871.307561,20989.58,21073.8,20279.5,20425.58,22194.55,22261.55,22004.7,22119.3
04-03-2025,6533.077643,4719.212457,8758.995292,20281.89,20688.46,20034.68,20352.53,21974.45,22105.05,21964.6,22082.65
05-03-2025,6577.350881,4723.111546,8755.83668,20363.22,20688.72,20182.57,20628.46,22073.05,22394.9,22067.8,22337.3
06-03-2025,6581.31147,4689.883576,8682.839048,20231.74,20473.4,19968.56,20052.63,22476.35,22556.45,22245.85,22544.7
07-03-2025,6588.218405,4687.764388,8679.884171,20015.62,20253.22,19736.81,20201.37,22508.65,22633.8,22464.75,22552.5
10-03-2025,6525.740485,4642.823644,8600.221525,19826.96,19867.08,19243.31,19430.95,22521.85,22676.75,22429.05,22460.3
11-03-2025,6505.133036,4590.968804,8495.99302,19405.52,19659.43,19180.56,19376.96,22345.95,22522.1,22314.7,22497.9
12-03-2025,6522.396359,4615.388363,8540.969622,19663.39,19756.09,19375.25,19596.02,22536.35,22577.4,22329.55,22470.5
13-03-2025,6507.712185,4610.540479,8542.555001,19534.37,19558.56,19152.57,19225.48,22541.5,22558.05,22377.35,22397.2
17-03-2025,6612.513775,4685.474321,8680.287776,19670.69,19943.81,19622.47,19812.24,22353.15,22577,22353.15,22508.75
18-03-2025,6614.026794,4699.066661,8705.229123,19657.1,19676.05,19397.07,19483.36,22662.25,22857.8,22599.2,22834.3
19-03-2025,6645.147362,4700.775667,8706.655545,19576.32,19921.62,19497.79,19736.66,22874.95,22940.7,22807.95,22907.6
20-03-2025,6645.012758,4697.925236,8701.989933,19558.28,19888.85,19549.31,19677.61,23036.6,23216.7,22973.95,23190.65
21-03-2025,6601.946807,4666.499617,8646.788993,19466.44,19767.98,19409.18,19753.97,23168.25,23402.7,23132.8,23350.4
24-03-2025,6615.494619,4662.850395,8638.01208,20041.21,20208.84,20024.97,20180.44,23515.4,23708.75,23433.5,23658.35
25-03-2025,6644.895359,4676.867067,8663.79929,20196.5,20292.19,20164.07,20287.83,23751.5,23869.6,23601.4,23668.65
26-03-2025,6653.596608,4690.614955,8689.587194,20239.05,20270.19,19848.49,19916.99,23700.95,23736.5,23451.7,23486.85
27-03-2025,6656.244572,4676.284474,8666.121756,19814.61,20003.36,19740.22,19798.62,23433.95,23646.45,23412.2,23591.95
28-03-2025,6633.860458,4671.265101,8658.853112,19718.46,19752.45,19241.54,19281.4,23600.4,23649.2,23450.2,23519.35
01-04-2025,6541.661076,4651.465651,8634.804563,19192.77,19468.62,19095.17,19436.42,23341.1,23565.15,23136.4,23165.7
02-04-2025,6521.22935,4640.495785,8608.480293,19182.39,19707.34,19157.2,19581.78,23192.6,23350,23158.45,23332.35
03-04-2025,6381.226807,4564.306152,8474.740908,18774.15,18902.07,18502.97,18521.48,23150.3,23306.5,23145.8,23250.1
04-04-2025,6126.058347,4341.847594,8054.980208,18022.16,18089.25,17387.83,17397.69,23190.4,23214.7,22857.45,22904.45
07-04-2025,5966.714173,4158.47984,7702.081285,16771.77,18191.5,16542.2,17430.68,21758.4,22254,21743.65,22161.6
08-04-2025,6132.833406,4273.880676,7910.530821,18034.46,18207.01,16850.18,17090.4,22446.75,22697.2,22270.85,22535.85
09-04-2025,5976.545453,4151.423884,7679.479289,17116.53,19234.02,17082.35,19145.06,22460.3,22468.7,22353.25,22399.15
11-04-2025,6162.385023,4303.843394,7964.183007,18309.29,18728.95,18153.32,18690.05,22695.4,22923.9,22695.4,22828.55
15-04-2025,6358.035419,4459.988064,8249.117586,18831.98,19004.17,18754.87,18830.23,23368.35,23368.35,23207,23328.55
16-04-2025,6368.170434,4472.448386,8275.596952,18475.76,18597.32,17995.96,18257.64,23344.1,23452.2,23273.05,23437.2
17-04-2025,6374.230037,4472.12284,8275.662273,18369.9,18401.05,18144.46,18258.09,23401.85,23872.35,23298.55,23851.65
22-04-2025,6373.095583,4496.574041,8328.597022,18033.9,18396.39,17993.24,18276.41,24185.4,24242.6,24072,24167.25
23-04-2025,6435.434148,4538.867952,8403.176945,18870.62,19043.01,18618.89,18693.26,24357.6,24359.3,24119.95,24328.95
24-04-2025,6458.325832,4541.71304,8407.438172,18756.53,19224.8,18744.47,19214.4,24277.9,24347.85,24216.15,24246.7
25-04-2025,6476.114526,4548.436496,8415.249945,19209.72,19447.56,19133.23,19432.56,24289,24365.45,23847.85,24039.35
28-04-2025,6509.600514,4553.163752,8417.340463,19432.72,19519.33,19162.46,19427.29,24070.25,24355.1,24054.05,24328.5
29-04-2025,6534.370172,4577.123196,8463.462445,19315.95,19582.77,19304.83,19544.95,24370.7,24457.65,24290.75,24335.95
30-04-2025,6551.327961,4594.047339,8494.84565,19168.09,19612.76,19011.98,19571.02,24342.05,24396.15,24198.75,24334.2
,,,,,,,,,,,
Date,,,,,,,,,,,Forecasted_NIFTY_Close
01-05-2025,,,,,,,,,,,24334.23101
02-05-2025,,,,,,,,,,,24354.08672
05-05-2025,,,,,,,,,,,24406.42738
06-05-2025,,,,,,,,,,,24413.4488
07-05-2025,,,,,,,,,,,24399.72552
08-05-2025,,,,,,,,,,,24378.15827
09-05-2025,,,,,,,,,,,24403.27862
12-05-2025,,,,,,,,,,,24422.55787
13-05-2025,,,,,,,,,,,24449.43706
14-05-2025,,,,,,,,,,,24468.82528
15-05-2025,,,,,,,,,,,24459.69284
16-05-2025,,,,,,,,,,,24470.66483
19-05-2025,,,,,,,,,,,24472.34248
20-05-2025,,,,,,,,,,,24487.42073
21-05-2025,,,,,,,,,,,24492.51776
22-05-2025,,,,,,,,,,,24495.07214
23-05-2025,,,,,,,,,,,24504.26526
26-05-2025,,,,,,,,,,,24517.94515
27-05-2025,,,,,,,,,,,24522.54236
28-05-2025,,,,,,,,,,,24529.001
29-05-2025,,,,,,,,,,,24532.17418
30-05-2025,,,,,,,,,,,24539.09281
02-06-2025,,,,,,,,,,,24547.97237
03-06-2025,,,,,,,,,,,24555.11837
04-06-2025,,,,,,,,,,,24562.75378
05-06-2025,,,,,,,,,,,24569.48585
06-06-2025,,,,,,,,,,,24575.63399
09-06-2025,,,,,,,,,,,24583.19781
10-06-2025,,,,,,,,,,,24590.05354
11-06-2025,,,,,,,,,,,24596.96986
